2026-10-08 18:08:12,202 INFO o.a.j.u.JMeterUtils: Setting Locale to en_EN
2026-10-08 18:08:12,212 INFO o.a.j.JMeter: Loading user properties from: /Users/ridwan/Downloads/apache-jmeter-5.6.3/bin/user.properties
2026-10-08 18:08:12,212 INFO o.a.j.JMeter: Loading system properties from: /Users/ridwan/Downloads/apache-jmeter-5.6.3/bin/system.properties
2026-10-08 18:08:12,213 INFO o.a.j.JMeter: Loading additional properties from: /Users/ridwan/Documents/GitHub/ICT3113_A1_P1-3/loadtest/triage.properties
2026-10-08 18:08:12,213 INFO o.a.j.JMeter: Setting JMeter property: host=172.20.10.2
2026-10-08 18:08:12,213 INFO o.a.j.JMeter: Setting JMeter property: port=8000
2026-10-08 18:08:12,213 INFO o.a.j.JMeter: Setting JMeter property: rate=3.5
2026-10-08 18:08:12,213 INFO o.a.j.JMeter: Setting JMeter property: rate_end=12
2026-10-08 18:08:12,213 INFO o.a.j.JMeter: Setting JMeter property: search_rate=7
2026-10-08 18:08:12,213 INFO o.a.j.JMeter: Setting JMeter property: duration=30
2026-10-08 18:08:12,213 INFO o.a.j.JMeter: Setting JMeter property: drain=10
2026-10-08 18:08:12,213 INFO o.a.j.JMeter: Setting JMeter property: timeout_ms=600000
2026-10-08 18:08:12,213 INFO o.a.j.JMeter: Setting JMeter property: data=/Users/ridwan/Documents/GitHub/ICT3113_A1_P1-3/loadtest/data/tickets.tsv
2026-10-08 18:08:12,216 INFO o.a.j.JMeter: Copyright (c) 1998-2024 The Apache Software Foundation
2026-10-08 18:08:12,216 INFO o.a.j.JMeter: Version 5.6.3
2026-10-08 18:08:12,216 INFO o.a.j.JMeter: java.version=17.0.17
2026-10-08 18:08:12,216 INFO o.a.j.JMeter: java.vm.name=OpenJDK 64-Bit Server VM
2026-10-08 18:08:12,216 INFO o.a.j.JMeter: os.name=Mac OS X
2026-10-08 18:08:12,216 INFO o.a.j.JMeter: os.arch=aarch64
2026-10-08 18:08:12,216 INFO o.a.j.JMeter: os.version=26.5
2026-10-08 18:08:12,216 INFO o.a.j.JMeter: file.encoding=UTF-8
2026-10-08 18:08:12,216 INFO o.a.j.JMeter: java.awt.headless=true
2026-10-08 18:08:12,216 INFO o.a.j.JMeter: Max memory     =1073741824
2026-10-08 18:08:12,216 INFO o.a.j.JMeter: Available Processors =10
2026-10-08 18:08:12,220 INFO o.a.j.JMeter: Default Locale=English (EN)
2026-10-08 18:08:12,220 INFO o.a.j.JMeter: JMeter  Locale=English (EN)
2026-10-08 18:08:12,220 INFO o.a.j.JMeter: JMeterHome=/Users/ridwan/Downloads/apache-jmeter-5.6.3
2026-10-08 18:08:12,220 INFO o.a.j.JMeter: user.dir  =/Users/ridwan/Documents/GitHub/ICT3113_A1_P1-3
2026-10-08 18:08:12,221 INFO o.a.j.JMeter: PWD       =/Users/ridwan/Documents/GitHub/ICT3113_A1_P1-3
2026-10-08 18:08:12,222 INFO o.a.j.JMeter: IP: 127.0.0.1 Name: Muhammads-MacBook-Air-4.local FullName: localhost
2026-10-08 18:08:12,228 INFO o.a.j.s.FileServer: Default base='/Users/ridwan/Documents/GitHub/ICT3113_A1_P1-3'
2026-10-08 18:08:12,229 INFO o.a.j.s.FileServer: Set new base='/Users/ridwan/Documents/GitHub/ICT3113_A1_P1-3/loadtest'
2026-10-08 18:08:12,289 INFO o.a.j.s.SaveService: Testplan (JMX) version: 2.2. Testlog (JTL) version: 2.2
2026-10-08 18:08:12,302 INFO o.a.j.s.SaveService: Using SaveService properties version 5.0
2026-10-08 18:08:12,303 INFO o.a.j.s.SaveService: Using SaveService properties file encoding UTF-8
2026-10-08 18:08:12,303 INFO o.a.j.s.SaveService: Loading file: /Users/ridwan/Documents/GitHub/ICT3113_A1_P1-3/loadtest/triage.jmx
2026-10-08 18:08:12,332 INFO o.a.j.p.h.s.HTTPSamplerBase: Parser for text/html is org.apache.jmeter.protocol.http.parser.LagartoBasedHtmlParser
2026-10-08 18:08:12,332 INFO o.a.j.p.h.s.HTTPSamplerBase: Parser for application/xhtml+xml is org.apache.jmeter.protocol.http.parser.LagartoBasedHtmlParser
2026-10-08 18:08:12,332 INFO o.a.j.p.h.s.HTTPSamplerBase: Parser for application/xml is org.apache.jmeter.protocol.http.parser.LagartoBasedHtmlParser
2026-10-08 18:08:12,332 INFO o.a.j.p.h.s.HTTPSamplerBase: Parser for text/xml is org.apache.jmeter.protocol.http.parser.LagartoBasedHtmlParser
2026-10-08 18:08:12,332 INFO o.a.j.p.h.s.HTTPSamplerBase: Parser for text/vnd.wap.wml is org.apache.jmeter.protocol.http.parser.RegexpHTMLParser
2026-10-08 18:08:12,332 INFO o.a.j.p.h.s.HTTPSamplerBase: Parser for text/css is org.apache.jmeter.protocol.http.parser.CssParser
2026-10-08 18:08:12,339 INFO o.a.j.JMeter: Creating summariser <summary>
2026-10-08 18:08:12,345 INFO o.a.j.e.StandardJMeterEngine: Running the test!
2026-10-08 18:08:12,345 INFO o.a.j.s.SampleEvent: List of sample_variables: [rid, row]
2026-10-08 18:08:12,345 INFO o.a.j.s.SampleEvent: List of sample_variables: [rid, row]
2026-10-08 18:08:12,347 INFO o.a.j.e.u.CompoundVariable: Note: Function class names must contain the string: '.functions.'
2026-10-08 18:08:12,347 INFO o.a.j.e.u.CompoundVariable: Note: Function class names must not contain the string: '.gui.'
2026-10-08 18:08:12,438 INFO o.a.j.JMeter: Running test (1791454092438)
2026-10-08 18:08:12,446 INFO o.a.j.e.StandardJMeterEngine: Starting ThreadGroup: 1 : Ticket intake (POST /tickets)
2026-10-08 18:08:12,446 INFO o.a.j.e.StandardJMeterEngine: Starting 0 threads for group Ticket intake (POST /tickets).
2026-10-08 18:08:12,446 INFO o.a.j.e.StandardJMeterEngine: Thread will continue on error
2026-10-08 18:08:12,446 INFO o.a.j.t.o.OpenModelThreadGroup: Starting OpenModelThreadGroup#1 with schedule rate(3.5/min) random_arrivals(30 min) rate(12/min) pause(10 min)
2026-10-08 18:08:12,459 INFO o.a.j.e.StandardJMeterEngine: Starting ThreadGroup: 2 : Agent searches (GET /search)
2026-10-08 18:08:12,460 INFO o.a.j.e.StandardJMeterEngine: Starting 0 threads for group Agent searches (GET /search).
2026-10-08 18:08:12,460 INFO o.a.j.e.StandardJMeterEngine: Thread will continue on error
2026-10-08 18:08:12,459 INFO o.a.j.t.o.OpenModelThreadGroup: Thread starting init
2026-10-08 18:08:12,460 INFO o.a.j.t.o.OpenModelThreadGroup: Starting OpenModelThreadGroup#2 with schedule rate(7/min) random_arrivals(30 min) rate(7/min) pause(10 min)
2026-10-08 18:08:12,460 INFO o.a.j.e.StandardJMeterEngine: All thread groups have been started
2026-10-08 18:08:12,460 INFO o.a.j.t.o.OpenModelThreadGroup: Thread starting init
2026-10-08 18:08:12,461 INFO o.a.j.t.o.PoissonArrivalsRamp: Generating 232 events, beginRate = 0.058333333333333334 / sec, endRate = 0.2 / sec, duration = 1800.0 sec
2026-10-08 18:08:12,461 INFO o.a.j.t.o.PoissonArrivalsRamp: Generating 210 events, beginRate = 0.11666666666666667 / sec, endRate = 0.11666666666666667 / sec, duration = 1800.0 sec
2026-10-08 18:08:23,541 INFO o.a.j.t.JMeterThread: Thread started: Agent searches (GET /search) 2-1
2026-10-08 18:08:23,769 INFO o.a.j.p.h.s.HTTPHCAbstractImpl: Local host = Muhammads-MacBook-Air-4.local
2026-10-08 18:08:23,771 INFO o.a.j.p.h.s.HTTPHC4Impl: HTTP request retry count = 0
2026-10-08 18:08:23,771 INFO o.a.j.s.SampleResult: Note: Sample TimeStamps are START times
2026-10-08 18:08:23,771 INFO o.a.j.s.SampleResult: sampleresult.default.encoding is set to UTF-8
2026-10-08 18:08:23,771 INFO o.a.j.s.SampleResult: sampleresult.useNanoTime=true
2026-10-08 18:08:23,771 INFO o.a.j.s.SampleResult: sampleresult.nanoThreadSleep=5000
2026-10-08 18:08:23,982 INFO o.a.j.t.JMeterThread: Thread is done: Agent searches (GET /search) 2-1
2026-10-08 18:08:23,983 INFO o.a.j.t.JMeterThread: Thread finished: Agent searches (GET /search) 2-1
2026-10-08 18:08:25,198 INFO o.a.j.t.JMeterThread: Thread started: Agent searches (GET /search) 2-2
2026-10-08 18:08:25,275 INFO o.a.j.t.JMeterThread: Thread is done: Agent searches (GET /search) 2-2
2026-10-08 18:08:25,275 INFO o.a.j.t.JMeterThread: Thread finished: Agent searches (GET /search) 2-2
2026-10-08 18:08:47,315 INFO o.a.j.t.JMeterThread: Thread started: Agent searches (GET /search) 2-3
2026-10-08 18:08:47,361 INFO o.a.j.t.JMeterThread: Thread is done: Agent searches (GET /search) 2-3
2026-10-08 18:08:47,361 INFO o.a.j.t.JMeterThread: Thread finished: Agent searches (GET /search) 2-3
2026-10-08 18:08:47,612 INFO o.a.j.t.JMeterThread: Thread started: Agent searches (GET /search) 2-4
2026-10-08 18:08:47,728 INFO o.a.j.t.JMeterThread: Thread is done: Agent searches (GET /search) 2-4
2026-10-08 18:08:47,728 INFO o.a.j.t.JMeterThread: Thread finished: Agent searches (GET /search) 2-4
2026-10-08 18:08:48,243 INFO o.a.j.t.JMeterThread: Thread started: Agent searches (GET /search) 2-5
2026-10-08 18:08:48,320 INFO o.a.j.t.JMeterThread: Thread is done: Agent searches (GET /search) 2-5
2026-10-08 18:08:48,320 INFO o.a.j.t.JMeterThread: Thread finished: Agent searches (GET /search) 2-5
2026-10-08 18:08:55,118 INFO o.a.j.t.JMeterThread: Thread started: Agent searches (GET /search) 2-6
2026-10-08 18:08:55,208 INFO o.a.j.t.JMeterThread: Thread is done: Agent searches (GET /search) 2-6
2026-10-08 18:08:55,208 INFO o.a.j.t.JMeterThread: Thread finished: Agent searches (GET /search) 2-6
2026-10-08 18:09:00,053 INFO o.a.j.t.JMeterThread: Thread started: Ticket intake (POST /tickets) 1-1
2026-10-08 18:09:00,054 INFO o.a.j.s.FileServer: Stored: /Users/ridwan/Documents/GitHub/ICT3113_A1_P1-3/loadtest/data/tickets.tsv
2026-10-08 18:09:01,699 INFO o.a.j.r.Summariser: summary +      7 in 00:00:49 =    0.1/s Avg:   313 Min:    42 Max:  1619 Err:     0 (0.00%) Active: 1 Started: 7 Finished: 6
2026-10-08 18:09:01,700 INFO o.a.j.t.JMeterThread: Thread is done: Ticket intake (POST /tickets) 1-1
2026-10-08 18:09:01,700 INFO o.a.j.t.JMeterThread: Thread finished: Ticket intake (POST /tickets) 1-1
2026-10-08 18:09:03,232 INFO o.a.j.t.JMeterThread: Thread started: Agent searches (GET /search) 2-7
2026-10-08 18:09:03,297 INFO o.a.j.t.JMeterThread: Thread is done: Agent searches (GET /search) 2-7
2026-10-08 18:09:03,298 INFO o.a.j.t.JMeterThread: Thread finished: Agent searches (GET /search) 2-7
2026-10-08 18:09:03,906 INFO o.a.j.t.JMeterThread: Thread started: Agent searches (GET /search) 2-8
2026-10-08 18:09:04,121 INFO o.a.j.t.JMeterThread: Thread is done: Agent searches (GET /search) 2-8
2026-10-08 18:09:04,121 INFO o.a.j.t.JMeterThread: Thread finished: Agent searches (GET /search) 2-8
2026-10-08 18:09:09,467 INFO o.a.j.t.JMeterThread: Thread started: Agent searches (GET /search) 2-9
2026-10-08 18:09:10,299 INFO o.a.j.t.JMeterThread: Thread is done: Agent searches (GET /search) 2-9
2026-10-08 18:09:10,299 INFO o.a.j.t.JMeterThread: Thread finished: Agent searches (GET /search) 2-9
2026-10-08 18:09:12,663 INFO o.a.j.t.JMeterThread: Thread started: Ticket intake (POST /tickets) 1-2
2026-10-08 18:09:16,067 INFO o.a.j.t.JMeterThread: Thread started: Agent searches (GET /search) 2-10
2026-10-08 18:09:16,087 INFO o.a.j.t.JMeterThread: Thread started: Agent searches (GET /search) 2-11
2026-10-08 18:09:16,135 INFO o.a.j.t.JMeterThread: Thread is done: Agent searches (GET /search) 2-11
2026-10-08 18:09:16,135 INFO o.a.j.t.JMeterThread: Thread is done: Agent searches (GET /search) 2-10
2026-10-08 18:09:16,135 INFO o.a.j.t.JMeterThread: Thread finished: Agent searches (GET /search) 2-11
2026-10-08 18:09:16,135 INFO o.a.j.t.JMeterThread: Thread finished: Agent searches (GET /search) 2-10
2026-10-08 18:09:16,708 INFO o.a.j.t.JMeterThread: Thread is done: Ticket intake (POST /tickets) 1-2
2026-10-08 18:09:16,709 INFO o.a.j.t.JMeterThread: Thread finished: Ticket intake (POST /tickets) 1-2
2026-10-08 18:09:20,330 INFO o.a.j.t.JMeterThread: Thread started: Ticket intake (POST /tickets) 1-3
2026-10-08 18:09:25,844 INFO o.a.j.t.JMeterThread: Thread is done: Ticket intake (POST /tickets) 1-3
2026-10-08 18:09:25,844 INFO o.a.j.t.JMeterThread: Thread finished: Ticket intake (POST /tickets) 1-3
2026-10-08 18:09:36,259 INFO o.a.j.t.JMeterThread: Thread started: Agent searches (GET /search) 2-12
2026-10-08 18:09:36,304 INFO o.a.j.t.JMeterThread: Thread is done: Agent searches (GET /search) 2-12
2026-10-08 18:09:36,304 INFO o.a.j.t.JMeterThread: Thread finished: Agent searches (GET /search) 2-12
2026-10-08 18:09:38,360 INFO o.a.j.t.JMeterThread: Thread started: Agent searches (GET /search) 2-13
2026-10-08 18:09:40,358 INFO o.a.j.t.JMeterThread: Thread is done: Agent searches (GET /search) 2-13
2026-10-08 18:09:40,359 INFO o.a.j.t.JMeterThread: Thread finished: Agent searches (GET /search) 2-13
2026-10-08 18:09:41,107 INFO o.a.j.t.JMeterThread: Thread started: Agent searches (GET /search) 2-14
2026-10-08 18:09:41,628 INFO o.a.j.t.JMeterThread: Thread is done: Agent searches (GET /search) 2-14
2026-10-08 18:09:41,629 INFO o.a.j.t.JMeterThread: Thread finished: Agent searches (GET /search) 2-14
2026-10-08 18:09:52,363 INFO o.a.j.t.JMeterThread: Thread started: Agent searches (GET /search) 2-15
2026-10-08 18:09:52,456 INFO o.a.j.t.JMeterThread: Thread is done: Agent searches (GET /search) 2-15
2026-10-08 18:09:52,456 INFO o.a.j.t.JMeterThread: Thread finished: Agent searches (GET /search) 2-15
2026-10-08 18:10:04,757 INFO o.a.j.t.JMeterThread: Thread started: Agent searches (GET /search) 2-16
2026-10-08 18:10:04,846 INFO o.a.j.r.Summariser: summary +     12 in 00:01:03 =    0.2/s Avg:  1123 Min:    40 Max:  5509 Err:     0 (0.00%) Active: 1 Started: 19 Finished: 18
2026-10-08 18:10:04,847 INFO o.a.j.r.Summariser: summary =     19 in 00:01:52 =    0.2/s Avg:   824 Min:    40 Max:  5509 Err:     0 (0.00%)
2026-10-08 18:10:04,848 INFO o.a.j.t.JMeterThread: Thread is done: Agent searches (GET /search) 2-16
2026-10-08 18:10:04,848 INFO o.a.j.t.JMeterThread: Thread finished: Agent searches (GET /search) 2-16
2026-10-08 18:10:14,970 INFO o.a.j.t.JMeterThread: Thread started: Agent searches (GET /search) 2-17
2026-10-08 18:10:15,125 INFO o.a.j.t.JMeterThread: Thread is done: Agent searches (GET /search) 2-17
2026-10-08 18:10:15,125 INFO o.a.j.t.JMeterThread: Thread finished: Agent searches (GET /search) 2-17
2026-10-08 18:10:20,613 INFO o.a.j.t.JMeterThread: Thread started: Ticket intake (POST /tickets) 1-4
2026-10-08 18:10:23,793 INFO o.a.j.t.JMeterThread: Thread is done: Ticket intake (POST /tickets) 1-4
2026-10-08 18:10:23,793 INFO o.a.j.t.JMeterThread: Thread finished: Ticket intake (POST /tickets) 1-4
2026-10-08 18:10:30,137 INFO o.a.j.t.JMeterThread: Thread started: Agent searches (GET /search) 2-18
2026-10-08 18:10:30,187 INFO o.a.j.r.Summariser: summary +      3 in 00:00:25 =    0.1/s Avg:  1123 Min:    46 Max:  3174 Err:     0 (0.00%) Active: 1 Started: 22 Finished: 21
2026-10-08 18:10:30,188 INFO o.a.j.r.Summariser: summary =     22 in 00:02:18 =    0.2/s Avg:   865 Min:    40 Max:  5509 Err:     0 (0.00%)
2026-10-08 18:10:30,189 INFO o.a.j.t.JMeterThread: Thread is done: Agent searches (GET /search) 2-18
2026-10-08 18:10:30,189 INFO o.a.j.t.JMeterThread: Thread finished: Agent searches (GET /search) 2-18
2026-10-08 18:10:36,260 INFO o.a.j.t.JMeterThread: Thread started: Agent searches (GET /search) 2-19
2026-10-08 18:10:36,304 INFO o.a.j.t.JMeterThread: Thread is done: Agent searches (GET /search) 2-19
2026-10-08 18:10:36,304 INFO o.a.j.t.JMeterThread: Thread finished: Agent searches (GET /search) 2-19
2026-10-08 18:10:37,696 INFO o.a.j.t.JMeterThread: Thread started: Agent searches (GET /search) 2-20
2026-10-08 18:10:37,731 INFO o.a.j.t.JMeterThread: Thread is done: Agent searches (GET /search) 2-20
2026-10-08 18:10:37,731 INFO o.a.j.t.JMeterThread: Thread finished: Agent searches (GET /search) 2-20
2026-10-08 18:10:43,054 INFO o.a.j.t.JMeterThread: Thread started: Ticket intake (POST /tickets) 1-5
2026-10-08 18:10:44,733 INFO o.a.j.t.JMeterThread: Thread is done: Ticket intake (POST /tickets) 1-5
2026-10-08 18:10:44,733 INFO o.a.j.t.JMeterThread: Thread finished: Ticket intake (POST /tickets) 1-5
2026-10-08 18:11:00,548 INFO o.a.j.t.JMeterThread: Thread started: Agent searches (GET /search) 2-21
2026-10-08 18:11:00,649 INFO o.a.j.r.Summariser: summary +      4 in 00:00:30 =    0.1/s Avg:   461 Min:    32 Max:  1675 Err:     0 (0.00%) Active: 1 Started: 26 Finished: 25
2026-10-08 18:11:00,650 INFO o.a.j.r.Summariser: summary =     26 in 00:02:48 =    0.2/s Avg:   803 Min:    32 Max:  5509 Err:     0 (0.00%)
2026-10-08 18:11:00,651 INFO o.a.j.t.JMeterThread: Thread is done: Agent searches (GET /search) 2-21
2026-10-08 18:11:00,651 INFO o.a.j.t.JMeterThread: Thread finished: Agent searches (GET /search) 2-21
2026-10-08 18:11:04,341 INFO o.a.j.t.JMeterThread: Thread started: Agent searches (GET /search) 2-22
2026-10-08 18:11:04,466 INFO o.a.j.t.JMeterThread: Thread is done: Agent searches (GET /search) 2-22
2026-10-08 18:11:04,466 INFO o.a.j.t.JMeterThread: Thread finished: Agent searches (GET /search) 2-22
2026-10-08 18:11:06,165 INFO o.a.j.t.JMeterThread: Thread started: Ticket intake (POST /tickets) 1-6
2026-10-08 18:11:07,933 INFO o.a.j.t.JMeterThread: Thread started: Agent searches (GET /search) 2-23
2026-10-08 18:11:08,165 INFO o.a.j.t.JMeterThread: Thread is done: Agent searches (GET /search) 2-23
2026-10-08 18:11:08,166 INFO o.a.j.t.JMeterThread: Thread finished: Agent searches (GET /search) 2-23
2026-10-08 18:11:08,183 INFO o.a.j.t.JMeterThread: Thread started: Agent searches (GET /search) 2-24
2026-10-08 18:11:08,238 INFO o.a.j.t.JMeterThread: Thread is done: Agent searches (GET /search) 2-24
2026-10-08 18:11:08,238 INFO o.a.j.t.JMeterThread: Thread finished: Agent searches (GET /search) 2-24
2026-10-08 18:11:09,470 INFO o.a.j.t.JMeterThread: Thread is done: Ticket intake (POST /tickets) 1-6
2026-10-08 18:11:09,470 INFO o.a.j.t.JMeterThread: Thread finished: Ticket intake (POST /tickets) 1-6
2026-10-08 18:11:18,754 INFO o.a.j.t.JMeterThread: Thread started: Agent searches (GET /search) 2-25
2026-10-08 18:11:19,006 INFO o.a.j.t.JMeterThread: Thread is done: Agent searches (GET /search) 2-25
2026-10-08 18:11:19,006 INFO o.a.j.t.JMeterThread: Thread finished: Agent searches (GET /search) 2-25
2026-10-08 18:11:19,065 INFO o.a.j.t.JMeterThread: Thread started: Agent searches (GET /search) 2-26
2026-10-08 18:11:19,108 INFO o.a.j.t.JMeterThread: Thread is done: Agent searches (GET /search) 2-26
2026-10-08 18:11:19,108 INFO o.a.j.t.JMeterThread: Thread finished: Agent searches (GET /search) 2-26
2026-10-08 18:11:25,598 INFO o.a.j.t.JMeterThread: Thread started: Ticket intake (POST /tickets) 1-7
2026-10-08 18:11:27,677 INFO o.a.j.t.JMeterThread: Thread is done: Ticket intake (POST /tickets) 1-7
2026-10-08 18:11:27,677 INFO o.a.j.t.JMeterThread: Thread finished: Ticket intake (POST /tickets) 1-7
2026-10-08 18:11:36,570 INFO o.a.j.t.JMeterThread: Thread started: Agent searches (GET /search) 2-27
2026-10-08 18:11:36,602 INFO o.a.j.t.JMeterThread: Thread started: Agent searches (GET /search) 2-28
2026-10-08 18:11:36,739 INFO o.a.j.t.JMeterThread: Thread is done: Agent searches (GET /search) 2-27
2026-10-08 18:11:36,739 INFO o.a.j.t.JMeterThread: Thread is done: Agent searches (GET /search) 2-28
2026-10-08 18:11:36,739 INFO o.a.j.t.JMeterThread: Thread finished: Agent searches (GET /search) 2-27
2026-10-08 18:11:36,739 INFO o.a.j.t.JMeterThread: Thread finished: Agent searches (GET /search) 2-28
2026-10-08 18:11:41,704 INFO o.a.j.t.JMeterThread: Thread started: Agent searches (GET /search) 2-29
2026-10-08 18:11:41,774 INFO o.a.j.t.JMeterThread: Thread is done: Agent searches (GET /search) 2-29
2026-10-08 18:11:41,774 INFO o.a.j.t.JMeterThread: Thread finished: Agent searches (GET /search) 2-29
2026-10-08 18:11:42,042 INFO o.a.j.t.JMeterThread: Thread started: Agent searches (GET /search) 2-30
2026-10-08 18:11:42,114 INFO o.a.j.t.JMeterThread: Thread is done: Agent searches (GET /search) 2-30
2026-10-08 18:11:42,114 INFO o.a.j.t.JMeterThread: Thread finished: Agent searches (GET /search) 2-30
2026-10-08 18:11:42,927 INFO o.a.j.t.JMeterThread: Thread started: Ticket intake (POST /tickets) 1-8
2026-10-08 18:11:45,587 INFO o.a.j.t.JMeterThread: Thread started: Agent searches (GET /search) 2-31
2026-10-08 18:11:45,766 INFO o.a.j.t.JMeterThread: Thread is done: Agent searches (GET /search) 2-31
2026-10-08 18:11:45,766 INFO o.a.j.t.JMeterThread: Thread finished: Agent searches (GET /search) 2-31
2026-10-08 18:11:47,440 INFO o.a.j.t.JMeterThread: Thread is done: Ticket intake (POST /tickets) 1-8
2026-10-08 18:11:47,440 INFO o.a.j.t.JMeterThread: Thread finished: Ticket intake (POST /tickets) 1-8
2026-10-08 18:11:57,477 INFO o.a.j.t.JMeterThread: Thread started: Ticket intake (POST /tickets) 1-9
2026-10-08 18:12:01,708 INFO o.a.j.r.Summariser: summary +     14 in 00:01:01 =    0.2/s Avg:  1100 Min:    39 Max:  4509 Err:     0 (0.00%) Active: 1 Started: 40 Finished: 39
2026-10-08 18:12:01,709 INFO o.a.j.r.Summariser: summary =     40 in 00:03:49 =    0.2/s Avg:   907 Min:    32 Max:  5509 Err:     0 (0.00%)
2026-10-08 18:12:01,709 INFO o.a.j.t.JMeterThread: Thread is done: Ticket intake (POST /tickets) 1-9
2026-10-08 18:12:01,709 INFO o.a.j.t.JMeterThread: Thread finished: Ticket intake (POST /tickets) 1-9
2026-10-08 18:12:09,025 INFO o.a.j.t.JMeterThread: Thread started: Ticket intake (POST /tickets) 1-10
2026-10-08 18:12:10,400 INFO o.a.j.t.JMeterThread: Thread is done: Ticket intake (POST /tickets) 1-10
2026-10-08 18:12:10,401 INFO o.a.j.t.JMeterThread: Thread finished: Ticket intake (POST /tickets) 1-10
2026-10-08 18:12:15,177 INFO o.a.j.t.JMeterThread: Thread started: Agent searches (GET /search) 2-32
2026-10-08 18:12:15,668 INFO o.a.j.t.JMeterThread: Thread is done: Agent searches (GET /search) 2-32
2026-10-08 18:12:15,668 INFO o.a.j.t.JMeterThread: Thread finished: Agent searches (GET /search) 2-32
2026-10-08 18:12:28,321 INFO o.a.j.t.JMeterThread: Thread started: Agent searches (GET /search) 2-33
2026-10-08 18:12:28,625 INFO o.a.j.t.JMeterThread: Thread is done: Agent searches (GET /search) 2-33
2026-10-08 18:12:28,625 INFO o.a.j.t.JMeterThread: Thread finished: Agent searches (GET /search) 2-33
2026-10-08 18:12:32,018 INFO o.a.j.t.JMeterThread: Thread started: Ticket intake (POST /tickets) 1-11
2026-10-08 18:12:35,762 INFO o.a.j.t.JMeterThread: Thread started: Agent searches (GET /search) 2-34
2026-10-08 18:12:35,918 INFO o.a.j.t.JMeterThread: Thread started: Ticket intake (POST /tickets) 1-12
2026-10-08 18:12:36,492 INFO o.a.j.t.JMeterThread: Thread is done: Agent searches (GET /search) 2-34
2026-10-08 18:12:36,492 INFO o.a.j.t.JMeterThread: Thread finished: Agent searches (GET /search) 2-34
2026-10-08 18:12:37,127 INFO o.a.j.t.JMeterThread: Thread is done: Ticket intake (POST /tickets) 1-11
2026-10-08 18:12:37,128 INFO o.a.j.t.JMeterThread: Thread finished: Ticket intake (POST /tickets) 1-11
2026-10-08 18:12:37,542 INFO o.a.j.t.JMeterThread: Thread started: Agent searches (GET /search) 2-35
2026-10-08 18:12:37,739 INFO o.a.j.t.JMeterThread: Thread is done: Agent searches (GET /search) 2-35
2026-10-08 18:12:37,739 INFO o.a.j.t.JMeterThread: Thread finished: Agent searches (GET /search) 2-35
2026-10-08 18:12:38,926 INFO o.a.j.t.JMeterThread: Thread started: Agent searches (GET /search) 2-36
2026-10-08 18:12:39,668 INFO o.a.j.t.JMeterThread: Thread is done: Ticket intake (POST /tickets) 1-12
2026-10-08 18:12:39,668 INFO o.a.j.t.JMeterThread: Thread finished: Ticket intake (POST /tickets) 1-12
2026-10-08 18:12:39,895 INFO o.a.j.t.JMeterThread: Thread is done: Agent searches (GET /search) 2-36
2026-10-08 18:12:39,896 INFO o.a.j.t.JMeterThread: Thread finished: Agent searches (GET /search) 2-36
2026-10-08 18:12:48,339 INFO o.a.j.t.JMeterThread: Thread started: Agent searches (GET /search) 2-37
2026-10-08 18:12:49,002 INFO o.a.j.t.JMeterThread: Thread started: Agent searches (GET /search) 2-38
2026-10-08 18:12:49,088 INFO o.a.j.t.JMeterThread: Thread is done: Agent searches (GET /search) 2-37
2026-10-08 18:12:49,088 INFO o.a.j.t.JMeterThread: Thread finished: Agent searches (GET /search) 2-37
2026-10-08 18:12:49,133 INFO o.a.j.t.JMeterThread: Thread is done: Agent searches (GET /search) 2-38
2026-10-08 18:12:49,133 INFO o.a.j.t.JMeterThread: Thread finished: Agent searches (GET /search) 2-38
2026-10-08 18:12:54,585 INFO o.a.j.t.JMeterThread: Thread started: Agent searches (GET /search) 2-40
2026-10-08 18:12:54,585 INFO o.a.j.t.JMeterThread: Thread started: Agent searches (GET /search) 2-39
2026-10-08 18:12:55,608 INFO o.a.j.t.JMeterThread: Thread is done: Agent searches (GET /search) 2-40
2026-10-08 18:12:55,608 INFO o.a.j.t.JMeterThread: Thread is done: Agent searches (GET /search) 2-39
2026-10-08 18:12:55,608 INFO o.a.j.t.JMeterThread: Thread finished: Agent searches (GET /search) 2-39
2026-10-08 18:12:55,608 INFO o.a.j.t.JMeterThread: Thread finished: Agent searches (GET /search) 2-40
2026-10-08 18:13:03,913 INFO o.a.j.t.JMeterThread: Thread started: Agent searches (GET /search) 2-41
2026-10-08 18:13:04,161 INFO o.a.j.r.Summariser: summary +     13 in 00:01:02 =    0.2/s Avg:  1234 Min:   127 Max:  5106 Err:     0 (0.00%) Active: 1 Started: 53 Finished: 52
2026-10-08 18:13:04,162 INFO o.a.j.r.Summariser: summary =     53 in 00:04:52 =    0.2/s Avg:   987 Min:    32 Max:  5509 Err:     0 (0.00%)
2026-10-08 18:13:04,162 INFO o.a.j.t.JMeterThread: Thread is done: Agent searches (GET /search) 2-41
2026-10-08 18:13:04,162 INFO o.a.j.t.JMeterThread: Thread finished: Agent searches (GET /search) 2-41
2026-10-08 18:13:26,937 INFO o.a.j.t.JMeterThread: Thread started: Agent searches (GET /search) 2-42
2026-10-08 18:13:28,137 INFO o.a.j.t.JMeterThread: Thread is done: Agent searches (GET /search) 2-42
2026-10-08 18:13:28,137 INFO o.a.j.t.JMeterThread: Thread finished: Agent searches (GET /search) 2-42
2026-10-08 18:13:29,824 INFO o.a.j.t.JMeterThread: Thread started: Ticket intake (POST /tickets) 1-13
2026-10-08 18:13:31,007 INFO o.a.j.t.JMeterThread: Thread started: Ticket intake (POST /tickets) 1-14
2026-10-08 18:13:32,059 INFO o.a.j.r.Summariser: summary +      2 in 00:00:28 =    0.1/s Avg:  1713 Min:  1196 Max:  2231 Err:     0 (0.00%) Active: 2 Started: 56 Finished: 54
2026-10-08 18:13:32,060 INFO o.a.j.r.Summariser: summary =     55 in 00:05:20 =    0.2/s Avg:  1014 Min:    32 Max:  5509 Err:     0 (0.00%)
2026-10-08 18:13:32,061 INFO o.a.j.t.JMeterThread: Thread is done: Ticket intake (POST /tickets) 1-13
2026-10-08 18:13:32,061 INFO o.a.j.t.JMeterThread: Thread finished: Ticket intake (POST /tickets) 1-13
2026-10-08 18:13:35,219 INFO o.a.j.t.JMeterThread: Thread started: Ticket intake (POST /tickets) 1-15
2026-10-08 18:13:35,270 INFO o.a.j.t.JMeterThread: Thread is done: Ticket intake (POST /tickets) 1-14
2026-10-08 18:13:35,271 INFO o.a.j.t.JMeterThread: Thread finished: Ticket intake (POST /tickets) 1-14
2026-10-08 18:13:38,507 INFO o.a.j.t.JMeterThread: Thread started: Agent searches (GET /search) 2-43
2026-10-08 18:13:38,666 INFO o.a.j.t.JMeterThread: Thread is done: Agent searches (GET /search) 2-43
2026-10-08 18:13:38,666 INFO o.a.j.t.JMeterThread: Thread finished: Agent searches (GET /search) 2-43
2026-10-08 18:13:39,159 INFO o.a.j.t.JMeterThread: Thread is done: Ticket intake (POST /tickets) 1-15
2026-10-08 18:13:39,160 INFO o.a.j.t.JMeterThread: Thread finished: Ticket intake (POST /tickets) 1-15
2026-10-08 18:13:49,743 INFO o.a.j.t.JMeterThread: Thread started: Agent searches (GET /search) 2-44
2026-10-08 18:13:49,791 INFO o.a.j.t.JMeterThread: Thread is done: Agent searches (GET /search) 2-44
2026-10-08 18:13:49,791 INFO o.a.j.t.JMeterThread: Thread finished: Agent searches (GET /search) 2-44
2026-10-08 18:13:49,985 INFO o.a.j.t.JMeterThread: Thread started: Ticket intake (POST /tickets) 1-16
2026-10-08 18:13:51,480 INFO o.a.j.t.JMeterThread: Thread is done: Ticket intake (POST /tickets) 1-16
2026-10-08 18:13:51,480 INFO o.a.j.t.JMeterThread: Thread finished: Ticket intake (POST /tickets) 1-16
2026-10-08 18:13:54,234 INFO o.a.j.t.JMeterThread: Thread started: Agent searches (GET /search) 2-45
2026-10-08 18:13:54,451 INFO o.a.j.t.JMeterThread: Thread is done: Agent searches (GET /search) 2-45
2026-10-08 18:13:54,451 INFO o.a.j.t.JMeterThread: Thread finished: Agent searches (GET /search) 2-45
2026-10-08 18:13:55,525 INFO o.a.j.t.JMeterThread: Thread started: Agent searches (GET /search) 2-46
2026-10-08 18:13:55,695 INFO o.a.j.t.JMeterThread: Thread is done: Agent searches (GET /search) 2-46
2026-10-08 18:13:55,695 INFO o.a.j.t.JMeterThread: Thread finished: Agent searches (GET /search) 2-46
2026-10-08 18:13:57,131 INFO o.a.j.t.JMeterThread: Thread started: Ticket intake (POST /tickets) 1-17
2026-10-08 18:13:59,322 INFO o.a.j.t.JMeterThread: Thread started: Ticket intake (POST /tickets) 1-18
2026-10-08 18:13:59,703 INFO o.a.j.t.JMeterThread: Thread is done: Ticket intake (POST /tickets) 1-17
2026-10-08 18:13:59,703 INFO o.a.j.t.JMeterThread: Thread finished: Ticket intake (POST /tickets) 1-17
2026-10-08 18:14:01,752 INFO o.a.j.r.Summariser: summary +      9 in 00:00:30 =    0.3/s Avg:  1695 Min:    44 Max:  4260 Err:     0 (0.00%) Active: 1 Started: 64 Finished: 63
2026-10-08 18:14:01,753 INFO o.a.j.r.Summariser: summary =     64 in 00:05:49 =    0.2/s Avg:  1109 Min:    32 Max:  5509 Err:     0 (0.00%)
2026-10-08 18:14:01,753 INFO o.a.j.t.JMeterThread: Thread is done: Ticket intake (POST /tickets) 1-18
2026-10-08 18:14:01,753 INFO o.a.j.t.JMeterThread: Thread finished: Ticket intake (POST /tickets) 1-18
2026-10-08 18:14:05,625 INFO o.a.j.t.JMeterThread: Thread started: Agent searches (GET /search) 2-47
2026-10-08 18:14:05,692 INFO o.a.j.t.JMeterThread: Thread is done: Agent searches (GET /search) 2-47
2026-10-08 18:14:05,693 INFO o.a.j.t.JMeterThread: Thread finished: Agent searches (GET /search) 2-47
2026-10-08 18:14:09,946 INFO o.a.j.t.JMeterThread: Thread started: Agent searches (GET /search) 2-48
2026-10-08 18:14:10,084 INFO o.a.j.t.JMeterThread: Thread is done: Agent searches (GET /search) 2-48
2026-10-08 18:14:10,085 INFO o.a.j.t.JMeterThread: Thread finished: Agent searches (GET /search) 2-48
2026-10-08 18:14:21,623 INFO o.a.j.t.JMeterThread: Thread started: Ticket intake (POST /tickets) 1-19
2026-10-08 18:14:24,647 INFO o.a.j.t.JMeterThread: Thread is done: Ticket intake (POST /tickets) 1-19
2026-10-08 18:14:24,647 INFO o.a.j.t.JMeterThread: Thread finished: Ticket intake (POST /tickets) 1-19
2026-10-08 18:14:30,296 INFO o.a.j.t.JMeterThread: Thread started: Agent searches (GET /search) 2-49
2026-10-08 18:14:30,364 INFO o.a.j.r.Summariser: summary +      4 in 00:00:29 =    0.1/s Avg:   820 Min:    63 Max:  3021 Err:     0 (0.00%) Active: 1 Started: 68 Finished: 67
2026-10-08 18:14:30,365 INFO o.a.j.r.Summariser: summary =     68 in 00:06:18 =    0.2/s Avg:  1092 Min:    32 Max:  5509 Err:     0 (0.00%)
2026-10-08 18:14:30,365 INFO o.a.j.t.JMeterThread: Thread is done: Agent searches (GET /search) 2-49
2026-10-08 18:14:30,365 INFO o.a.j.t.JMeterThread: Thread finished: Agent searches (GET /search) 2-49
2026-10-08 18:14:41,644 INFO o.a.j.t.JMeterThread: Thread started: Ticket intake (POST /tickets) 1-20
2026-10-08 18:14:44,410 INFO o.a.j.t.JMeterThread: Thread started: Agent searches (GET /search) 2-50
2026-10-08 18:14:44,518 INFO o.a.j.t.JMeterThread: Thread is done: Agent searches (GET /search) 2-50
2026-10-08 18:14:44,518 INFO o.a.j.t.JMeterThread: Thread finished: Agent searches (GET /search) 2-50
2026-10-08 18:14:44,922 INFO o.a.j.t.JMeterThread: Thread is done: Ticket intake (POST /tickets) 1-20
2026-10-08 18:14:44,922 INFO o.a.j.t.JMeterThread: Thread finished: Ticket intake (POST /tickets) 1-20
2026-10-08 18:14:49,286 INFO o.a.j.t.JMeterThread: Thread started: Ticket intake (POST /tickets) 1-21
2026-10-08 18:14:51,006 INFO o.a.j.t.JMeterThread: Thread is done: Ticket intake (POST /tickets) 1-21
2026-10-08 18:14:51,007 INFO o.a.j.t.JMeterThread: Thread finished: Ticket intake (POST /tickets) 1-21
2026-10-08 18:14:56,705 INFO o.a.j.t.JMeterThread: Thread started: Ticket intake (POST /tickets) 1-22
2026-10-08 18:14:57,929 INFO o.a.j.t.JMeterThread: Thread is done: Ticket intake (POST /tickets) 1-22
2026-10-08 18:14:57,929 INFO o.a.j.t.JMeterThread: Thread finished: Ticket intake (POST /tickets) 1-22
2026-10-08 18:15:08,679 INFO o.a.j.t.JMeterThread: Thread started: Agent searches (GET /search) 2-51
2026-10-08 18:15:09,336 INFO o.a.j.t.JMeterThread: Thread is done: Agent searches (GET /search) 2-51
2026-10-08 18:15:09,337 INFO o.a.j.t.JMeterThread: Thread finished: Agent searches (GET /search) 2-51
2026-10-08 18:15:20,098 INFO o.a.j.t.JMeterThread: Thread started: Ticket intake (POST /tickets) 1-23
2026-10-08 18:15:20,898 INFO o.a.j.t.JMeterThread: Thread started: Ticket intake (POST /tickets) 1-24
2026-10-08 18:15:22,074 INFO o.a.j.t.JMeterThread: Thread is done: Ticket intake (POST /tickets) 1-23
2026-10-08 18:15:22,074 INFO o.a.j.t.JMeterThread: Thread finished: Ticket intake (POST /tickets) 1-23
2026-10-08 18:15:22,425 INFO o.a.j.t.JMeterThread: Thread started: Agent searches (GET /search) 2-52
2026-10-08 18:15:22,504 INFO o.a.j.t.JMeterThread: Thread is done: Agent searches (GET /search) 2-52
2026-10-08 18:15:22,504 INFO o.a.j.t.JMeterThread: Thread finished: Agent searches (GET /search) 2-52
2026-10-08 18:15:23,153 INFO o.a.j.t.JMeterThread: Thread started: Ticket intake (POST /tickets) 1-25
2026-10-08 18:15:24,044 INFO o.a.j.t.JMeterThread: Thread started: Ticket intake (POST /tickets) 1-26
2026-10-08 18:15:25,962 INFO o.a.j.t.JMeterThread: Thread started: Ticket intake (POST /tickets) 1-27
2026-10-08 18:15:26,599 INFO o.a.j.t.JMeterThread: Thread is done: Ticket intake (POST /tickets) 1-24
2026-10-08 18:15:26,600 INFO o.a.j.t.JMeterThread: Thread finished: Ticket intake (POST /tickets) 1-24
2026-10-08 18:15:26,918 INFO o.a.j.t.JMeterThread: Thread started: Ticket intake (POST /tickets) 1-28
2026-10-08 18:15:29,457 INFO o.a.j.t.JMeterThread: Thread started: Ticket intake (POST /tickets) 1-29
2026-10-08 18:15:29,819 INFO o.a.j.t.JMeterThread: Thread is done: Ticket intake (POST /tickets) 1-25
2026-10-08 18:15:29,820 INFO o.a.j.t.JMeterThread: Thread finished: Ticket intake (POST /tickets) 1-25
2026-10-08 18:15:32,697 INFO o.a.j.t.JMeterThread: Thread started: Agent searches (GET /search) 2-53
2026-10-08 18:15:32,787 INFO o.a.j.r.Summariser: summary +     10 in 00:01:02 =    0.2/s Avg:  2145 Min:    76 Max:  6663 Err:     0 (0.00%) Active: 5 Started: 82 Finished: 77
2026-10-08 18:15:32,787 INFO o.a.j.r.Summariser: summary =     78 in 00:07:20 =    0.2/s Avg:  1227 Min:    32 Max:  6663 Err:     0 (0.00%)
2026-10-08 18:15:32,788 INFO o.a.j.t.JMeterThread: Thread is done: Agent searches (GET /search) 2-53
2026-10-08 18:15:32,788 INFO o.a.j.t.JMeterThread: Thread finished: Agent searches (GET /search) 2-53
2026-10-08 18:15:33,832 INFO o.a.j.t.JMeterThread: Thread is done: Ticket intake (POST /tickets) 1-26
2026-10-08 18:15:33,832 INFO o.a.j.t.JMeterThread: Thread finished: Ticket intake (POST /tickets) 1-26
2026-10-08 18:15:35,249 INFO o.a.j.t.JMeterThread: Thread started: Ticket intake (POST /tickets) 1-30
2026-10-08 18:15:36,136 INFO o.a.j.t.JMeterThread: Thread is done: Ticket intake (POST /tickets) 1-27
2026-10-08 18:15:36,136 INFO o.a.j.t.JMeterThread: Thread finished: Ticket intake (POST /tickets) 1-27
2026-10-08 18:15:37,410 INFO o.a.j.t.JMeterThread: Thread started: Agent searches (GET /search) 2-54
2026-10-08 18:15:37,497 INFO o.a.j.t.JMeterThread: Thread is done: Agent searches (GET /search) 2-54
2026-10-08 18:15:37,498 INFO o.a.j.t.JMeterThread: Thread finished: Agent searches (GET /search) 2-54
2026-10-08 18:15:38,914 INFO o.a.j.t.JMeterThread: Thread is done: Ticket intake (POST /tickets) 1-28
2026-10-08 18:15:38,914 INFO o.a.j.t.JMeterThread: Thread finished: Ticket intake (POST /tickets) 1-28
2026-10-08 18:15:42,720 INFO o.a.j.t.JMeterThread: Thread is done: Ticket intake (POST /tickets) 1-29
2026-10-08 18:15:42,720 INFO o.a.j.t.JMeterThread: Thread finished: Ticket intake (POST /tickets) 1-29
2026-10-08 18:15:45,419 INFO o.a.j.t.JMeterThread: Thread is done: Ticket intake (POST /tickets) 1-30
2026-10-08 18:15:45,419 INFO o.a.j.t.JMeterThread: Thread finished: Ticket intake (POST /tickets) 1-30
2026-10-08 18:15:56,994 INFO o.a.j.t.JMeterThread: Thread started: Ticket intake (POST /tickets) 1-31
2026-10-08 18:15:58,804 INFO o.a.j.t.JMeterThread: Thread started: Agent searches (GET /search) 2-55
2026-10-08 18:15:59,105 INFO o.a.j.t.JMeterThread: Thread is done: Agent searches (GET /search) 2-55
2026-10-08 18:15:59,105 INFO o.a.j.t.JMeterThread: Thread finished: Agent searches (GET /search) 2-55
2026-10-08 18:16:00,287 INFO o.a.j.t.JMeterThread: Thread started: Ticket intake (POST /tickets) 1-32
2026-10-08 18:16:00,681 INFO o.a.j.r.Summariser: summary +      8 in 00:00:28 =    0.3/s Avg:  7429 Min:    83 Max: 13260 Err:     0 (0.00%) Active: 2 Started: 87 Finished: 85
2026-10-08 18:16:00,681 INFO o.a.j.r.Summariser: summary =     86 in 00:07:48 =    0.2/s Avg:  1804 Min:    32 Max: 13260 Err:     0 (0.00%)
2026-10-08 18:16:00,682 INFO o.a.j.t.JMeterThread: Thread is done: Ticket intake (POST /tickets) 1-31
2026-10-08 18:16:00,682 INFO o.a.j.t.JMeterThread: Thread finished: Ticket intake (POST /tickets) 1-31
2026-10-08 18:16:02,279 INFO o.a.j.t.JMeterThread: Thread is done: Ticket intake (POST /tickets) 1-32
2026-10-08 18:16:02,279 INFO o.a.j.t.JMeterThread: Thread finished: Ticket intake (POST /tickets) 1-32
2026-10-08 18:16:02,749 INFO o.a.j.t.JMeterThread: Thread started: Agent searches (GET /search) 2-56
2026-10-08 18:16:02,793 INFO o.a.j.t.JMeterThread: Thread is done: Agent searches (GET /search) 2-56
2026-10-08 18:16:02,793 INFO o.a.j.t.JMeterThread: Thread finished: Agent searches (GET /search) 2-56
2026-10-08 18:16:03,190 INFO o.a.j.t.JMeterThread: Thread started: Agent searches (GET /search) 2-57
2026-10-08 18:16:03,696 INFO o.a.j.t.JMeterThread: Thread is done: Agent searches (GET /search) 2-57
2026-10-08 18:16:03,696 INFO o.a.j.t.JMeterThread: Thread finished: Agent searches (GET /search) 2-57
2026-10-08 18:16:07,178 INFO o.a.j.t.JMeterThread: Thread started: Ticket intake (POST /tickets) 1-33
2026-10-08 18:16:09,810 INFO o.a.j.t.JMeterThread: Thread is done: Ticket intake (POST /tickets) 1-33
2026-10-08 18:16:09,810 INFO o.a.j.t.JMeterThread: Thread finished: Ticket intake (POST /tickets) 1-33
2026-10-08 18:16:15,648 INFO o.a.j.t.JMeterThread: Thread started: Agent searches (GET /search) 2-58
2026-10-08 18:16:15,796 INFO o.a.j.t.JMeterThread: Thread is done: Agent searches (GET /search) 2-58
2026-10-08 18:16:15,797 INFO o.a.j.t.JMeterThread: Thread finished: Agent searches (GET /search) 2-58
2026-10-08 18:16:19,121 INFO o.a.j.t.JMeterThread: Thread started: Ticket intake (POST /tickets) 1-34
2026-10-08 18:16:23,944 INFO o.a.j.t.JMeterThread: Thread is done: Ticket intake (POST /tickets) 1-34
2026-10-08 18:16:23,944 INFO o.a.j.t.JMeterThread: Thread finished: Ticket intake (POST /tickets) 1-34
2026-10-08 18:16:24,078 INFO o.a.j.t.JMeterThread: Thread started: Ticket intake (POST /tickets) 1-35
2026-10-08 18:16:26,194 INFO o.a.j.t.JMeterThread: Thread is done: Ticket intake (POST /tickets) 1-35
2026-10-08 18:16:26,195 INFO o.a.j.t.JMeterThread: Thread finished: Ticket intake (POST /tickets) 1-35
2026-10-08 18:16:32,076 INFO o.a.j.t.JMeterThread: Thread started: Agent searches (GET /search) 2-59
2026-10-08 18:16:32,389 INFO o.a.j.r.Summariser: summary +      8 in 00:00:32 =    0.3/s Avg:  1568 Min:    40 Max:  4820 Err:     0 (0.00%) Active: 1 Started: 94 Finished: 93
2026-10-08 18:16:32,389 INFO o.a.j.r.Summariser: summary =     94 in 00:08:20 =    0.2/s Avg:  1784 Min:    32 Max: 13260 Err:     0 (0.00%)
2026-10-08 18:16:32,390 INFO o.a.j.t.JMeterThread: Thread is done: Agent searches (GET /search) 2-59
2026-10-08 18:16:32,390 INFO o.a.j.t.JMeterThread: Thread finished: Agent searches (GET /search) 2-59
2026-10-08 18:16:32,809 INFO o.a.j.t.JMeterThread: Thread started: Ticket intake (POST /tickets) 1-36
2026-10-08 18:16:34,611 INFO o.a.j.t.JMeterThread: Thread started: Ticket intake (POST /tickets) 1-37
2026-10-08 18:16:35,976 INFO o.a.j.t.JMeterThread: Thread is done: Ticket intake (POST /tickets) 1-36
2026-10-08 18:16:35,977 INFO o.a.j.t.JMeterThread: Thread finished: Ticket intake (POST /tickets) 1-36
2026-10-08 18:16:41,059 INFO o.a.j.t.JMeterThread: Thread is done: Ticket intake (POST /tickets) 1-37
2026-10-08 18:16:41,059 INFO o.a.j.t.JMeterThread: Thread finished: Ticket intake (POST /tickets) 1-37
2026-10-08 18:16:43,871 INFO o.a.j.t.JMeterThread: Thread started: Agent searches (GET /search) 2-60
2026-10-08 18:16:44,144 INFO o.a.j.t.JMeterThread: Thread is done: Agent searches (GET /search) 2-60
2026-10-08 18:16:44,145 INFO o.a.j.t.JMeterThread: Thread finished: Agent searches (GET /search) 2-60
2026-10-08 18:16:55,241 INFO o.a.j.t.JMeterThread: Thread started: Ticket intake (POST /tickets) 1-38
2026-10-08 18:16:59,270 INFO o.a.j.t.JMeterThread: Thread is done: Ticket intake (POST /tickets) 1-38
2026-10-08 18:16:59,271 INFO o.a.j.t.JMeterThread: Thread finished: Ticket intake (POST /tickets) 1-38
2026-10-08 18:16:59,920 INFO o.a.j.t.JMeterThread: Thread started: Ticket intake (POST /tickets) 1-39
2026-10-08 18:17:00,525 INFO o.a.j.t.JMeterThread: Thread started: Agent searches (GET /search) 2-61
2026-10-08 18:17:00,706 INFO o.a.j.r.Summariser: summary +      5 in 00:00:28 =    0.2/s Avg:  2816 Min:   178 Max:  6444 Err:     0 (0.00%) Active: 2 Started: 100 Finished: 98
2026-10-08 18:17:00,707 INFO o.a.j.r.Summariser: summary =     99 in 00:08:48 =    0.2/s Avg:  1836 Min:    32 Max: 13260 Err:     0 (0.00%)
2026-10-08 18:17:00,707 INFO o.a.j.t.JMeterThread: Thread is done: Agent searches (GET /search) 2-61
2026-10-08 18:17:00,707 INFO o.a.j.t.JMeterThread: Thread finished: Agent searches (GET /search) 2-61
2026-10-08 18:17:01,875 INFO o.a.j.t.JMeterThread: Thread is done: Ticket intake (POST /tickets) 1-39
2026-10-08 18:17:01,875 INFO o.a.j.t.JMeterThread: Thread finished: Ticket intake (POST /tickets) 1-39
2026-10-08 18:17:06,717 INFO o.a.j.t.JMeterThread: Thread started: Agent searches (GET /search) 2-62
2026-10-08 18:17:06,889 INFO o.a.j.t.JMeterThread: Thread is done: Agent searches (GET /search) 2-62
2026-10-08 18:17:06,889 INFO o.a.j.t.JMeterThread: Thread finished: Agent searches (GET /search) 2-62
2026-10-08 18:17:11,569 INFO o.a.j.t.JMeterThread: Thread started: Ticket intake (POST /tickets) 1-40
2026-10-08 18:17:12,022 INFO o.a.j.t.JMeterThread: Thread started: Ticket intake (POST /tickets) 1-41
2026-10-08 18:17:12,992 INFO o.a.j.t.JMeterThread: Thread is done: Ticket intake (POST /tickets) 1-40
2026-10-08 18:17:12,992 INFO o.a.j.t.JMeterThread: Thread finished: Ticket intake (POST /tickets) 1-40
2026-10-08 18:17:14,884 INFO o.a.j.t.JMeterThread: Thread is done: Ticket intake (POST /tickets) 1-41
2026-10-08 18:17:14,884 INFO o.a.j.t.JMeterThread: Thread finished: Ticket intake (POST /tickets) 1-41
2026-10-08 18:17:21,232 INFO o.a.j.t.JMeterThread: Thread started: Ticket intake (POST /tickets) 1-42
2026-10-08 18:17:23,634 INFO o.a.j.t.JMeterThread: Thread started: Agent searches (GET /search) 2-63
2026-10-08 18:17:23,851 INFO o.a.j.t.JMeterThread: Thread is done: Agent searches (GET /search) 2-63
2026-10-08 18:17:23,852 INFO o.a.j.t.JMeterThread: Thread finished: Agent searches (GET /search) 2-63
2026-10-08 18:17:25,384 INFO o.a.j.t.JMeterThread: Thread is done: Ticket intake (POST /tickets) 1-42
2026-10-08 18:17:25,384 INFO o.a.j.t.JMeterThread: Thread finished: Ticket intake (POST /tickets) 1-42
2026-10-08 18:17:28,642 INFO o.a.j.t.JMeterThread: Thread started: Agent searches (GET /search) 2-64
2026-10-08 18:17:28,780 INFO o.a.j.t.JMeterThread: Thread is done: Agent searches (GET /search) 2-64
2026-10-08 18:17:28,780 INFO o.a.j.t.JMeterThread: Thread finished: Agent searches (GET /search) 2-64
2026-10-08 18:17:33,197 INFO o.a.j.t.JMeterThread: Thread started: Ticket intake (POST /tickets) 1-43
2026-10-08 18:17:34,145 INFO o.a.j.t.JMeterThread: Thread started: Ticket intake (POST /tickets) 1-44
2026-10-08 18:17:40,128 INFO o.a.j.t.JMeterThread: Thread is done: Ticket intake (POST /tickets) 1-43
2026-10-08 18:17:40,128 INFO o.a.j.t.JMeterThread: Thread finished: Ticket intake (POST /tickets) 1-43
2026-10-08 18:17:40,745 INFO o.a.j.t.JMeterThread: Thread started: Agent searches (GET /search) 2-65
2026-10-08 18:17:40,993 INFO o.a.j.t.JMeterThread: Thread is done: Agent searches (GET /search) 2-65
2026-10-08 18:17:40,994 INFO o.a.j.t.JMeterThread: Thread finished: Agent searches (GET /search) 2-65
2026-10-08 18:17:42,552 INFO o.a.j.t.JMeterThread: Thread started: Ticket intake (POST /tickets) 1-45
2026-10-08 18:17:45,214 INFO o.a.j.t.JMeterThread: Thread is done: Ticket intake (POST /tickets) 1-44
2026-10-08 18:17:45,214 INFO o.a.j.t.JMeterThread: Thread finished: Ticket intake (POST /tickets) 1-44
2026-10-08 18:17:47,462 INFO o.a.j.t.JMeterThread: Thread started: Agent searches (GET /search) 2-66
2026-10-08 18:17:47,622 INFO o.a.j.t.JMeterThread: Thread is done: Agent searches (GET /search) 2-66
2026-10-08 18:17:47,622 INFO o.a.j.t.JMeterThread: Thread finished: Agent searches (GET /search) 2-66
2026-10-08 18:17:50,538 INFO o.a.j.t.JMeterThread: Thread started: Agent searches (GET /search) 2-67
2026-10-08 18:17:50,881 INFO o.a.j.t.JMeterThread: Thread is done: Agent searches (GET /search) 2-67
2026-10-08 18:17:50,882 INFO o.a.j.t.JMeterThread: Thread finished: Agent searches (GET /search) 2-67
2026-10-08 18:17:53,751 INFO o.a.j.t.JMeterThread: Thread is done: Ticket intake (POST /tickets) 1-45
2026-10-08 18:17:53,751 INFO o.a.j.t.JMeterThread: Thread finished: Ticket intake (POST /tickets) 1-45
2026-10-08 18:18:00,977 INFO o.a.j.t.JMeterThread: Thread started: Agent searches (GET /search) 2-68
2026-10-08 18:18:01,036 INFO o.a.j.r.Summariser: summary +     14 in 00:01:00 =    0.2/s Avg:  2920 Min:    54 Max: 11196 Err:     0 (0.00%) Active: 1 Started: 113 Finished: 112
2026-10-08 18:18:01,036 INFO o.a.j.r.Summariser: summary =    113 in 00:09:49 =    0.2/s Avg:  1970 Min:    32 Max: 13260 Err:     0 (0.00%)
2026-10-08 18:18:01,036 INFO o.a.j.t.JMeterThread: Thread is done: Agent searches (GET /search) 2-68
2026-10-08 18:18:01,036 INFO o.a.j.t.JMeterThread: Thread finished: Agent searches (GET /search) 2-68
2026-10-08 18:18:08,721 INFO o.a.j.t.JMeterThread: Thread started: Ticket intake (POST /tickets) 1-46
2026-10-08 18:18:08,934 INFO o.a.j.t.JMeterThread: Thread started: Ticket intake (POST /tickets) 1-47
2026-10-08 18:18:12,145 INFO o.a.j.t.JMeterThread: Thread is done: Ticket intake (POST /tickets) 1-46
2026-10-08 18:18:12,146 INFO o.a.j.t.JMeterThread: Thread finished: Ticket intake (POST /tickets) 1-46
2026-10-08 18:18:13,806 INFO o.a.j.t.JMeterThread: Thread is done: Ticket intake (POST /tickets) 1-47
2026-10-08 18:18:13,806 INFO o.a.j.t.JMeterThread: Thread finished: Ticket intake (POST /tickets) 1-47
2026-10-08 18:18:20,553 INFO o.a.j.t.JMeterThread: Thread started: Agent searches (GET /search) 2-69
2026-10-08 18:18:20,725 INFO o.a.j.t.JMeterThread: Thread is done: Agent searches (GET /search) 2-69
2026-10-08 18:18:20,725 INFO o.a.j.t.JMeterThread: Thread finished: Agent searches (GET /search) 2-69
2026-10-08 18:18:25,438 INFO o.a.j.t.JMeterThread: Thread started: Ticket intake (POST /tickets) 1-48
2026-10-08 18:18:28,287 INFO o.a.j.t.JMeterThread: Thread is done: Ticket intake (POST /tickets) 1-48
2026-10-08 18:18:28,288 INFO o.a.j.t.JMeterThread: Thread finished: Ticket intake (POST /tickets) 1-48
2026-10-08 18:18:29,488 INFO o.a.j.t.JMeterThread: Thread started: Agent searches (GET /search) 2-70
2026-10-08 18:18:29,593 INFO o.a.j.t.JMeterThread: Thread is done: Agent searches (GET /search) 2-70
2026-10-08 18:18:29,594 INFO o.a.j.t.JMeterThread: Thread finished: Agent searches (GET /search) 2-70
2026-10-08 18:18:34,092 INFO o.a.j.t.JMeterThread: Thread started: Ticket intake (POST /tickets) 1-49
2026-10-08 18:18:35,948 INFO o.a.j.r.Summariser: summary +      6 in 00:00:35 =    0.2/s Avg:  2210 Min:   102 Max:  4869 Err:     0 (0.00%) Active: 1 Started: 119 Finished: 118
2026-10-08 18:18:35,949 INFO o.a.j.r.Summariser: summary =    119 in 00:10:24 =    0.2/s Avg:  1983 Min:    32 Max: 13260 Err:     0 (0.00%)
2026-10-08 18:18:35,949 INFO o.a.j.t.JMeterThread: Thread is done: Ticket intake (POST /tickets) 1-49
2026-10-08 18:18:35,949 INFO o.a.j.t.JMeterThread: Thread finished: Ticket intake (POST /tickets) 1-49
2026-10-08 18:18:42,361 INFO o.a.j.t.JMeterThread: Thread started: Ticket intake (POST /tickets) 1-50
2026-10-08 18:18:44,727 INFO o.a.j.t.JMeterThread: Thread is done: Ticket intake (POST /tickets) 1-50
2026-10-08 18:18:44,727 INFO o.a.j.t.JMeterThread: Thread finished: Ticket intake (POST /tickets) 1-50
2026-10-08 18:18:45,657 INFO o.a.j.t.JMeterThread: Thread started: Agent searches (GET /search) 2-71
2026-10-08 18:18:45,791 INFO o.a.j.t.JMeterThread: Thread is done: Agent searches (GET /search) 2-71
2026-10-08 18:18:45,791 INFO o.a.j.t.JMeterThread: Thread finished: Agent searches (GET /search) 2-71
2026-10-08 18:18:54,448 INFO o.a.j.t.JMeterThread: Thread started: Ticket intake (POST /tickets) 1-51
2026-10-08 18:19:00,749 INFO o.a.j.r.Summariser: summary +      3 in 00:00:25 =    0.1/s Avg:  2930 Min:   131 Max:  6297 Err:     0 (0.00%) Active: 1 Started: 122 Finished: 121
2026-10-08 18:19:00,749 INFO o.a.j.r.Summariser: summary =    122 in 00:10:48 =    0.2/s Avg:  2006 Min:    32 Max: 13260 Err:     0 (0.00%)
2026-10-08 18:19:00,749 INFO o.a.j.t.JMeterThread: Thread is done: Ticket intake (POST /tickets) 1-51
2026-10-08 18:19:00,749 INFO o.a.j.t.JMeterThread: Thread finished: Ticket intake (POST /tickets) 1-51
2026-10-08 18:19:18,257 INFO o.a.j.t.JMeterThread: Thread started: Agent searches (GET /search) 2-72
2026-10-08 18:19:18,366 INFO o.a.j.t.JMeterThread: Thread is done: Agent searches (GET /search) 2-72
2026-10-08 18:19:18,366 INFO o.a.j.t.JMeterThread: Thread finished: Agent searches (GET /search) 2-72
2026-10-08 18:19:19,995 INFO o.a.j.t.JMeterThread: Thread started: Agent searches (GET /search) 2-73
2026-10-08 18:19:20,159 INFO o.a.j.t.JMeterThread: Thread is done: Agent searches (GET /search) 2-73
2026-10-08 18:19:20,160 INFO o.a.j.t.JMeterThread: Thread finished: Agent searches (GET /search) 2-73
2026-10-08 18:19:25,965 INFO o.a.j.t.JMeterThread: Thread started: Agent searches (GET /search) 2-74
2026-10-08 18:19:26,024 INFO o.a.j.t.JMeterThread: Thread is done: Agent searches (GET /search) 2-74
2026-10-08 18:19:26,024 INFO o.a.j.t.JMeterThread: Thread finished: Agent searches (GET /search) 2-74
2026-10-08 18:19:26,863 INFO o.a.j.t.JMeterThread: Thread started: Ticket intake (POST /tickets) 1-52
2026-10-08 18:19:28,053 INFO o.a.j.t.JMeterThread: Thread started: Agent searches (GET /search) 2-75
2026-10-08 18:19:28,144 INFO o.a.j.t.JMeterThread: Thread is done: Agent searches (GET /search) 2-75
2026-10-08 18:19:28,144 INFO o.a.j.t.JMeterThread: Thread finished: Agent searches (GET /search) 2-75
2026-10-08 18:19:31,731 INFO o.a.j.r.Summariser: summary +      5 in 00:00:31 =    0.2/s Avg:  1054 Min:    57 Max:  4863 Err:     0 (0.00%) Active: 1 Started: 127 Finished: 126
2026-10-08 18:19:31,731 INFO o.a.j.r.Summariser: summary =    127 in 00:11:19 =    0.2/s Avg:  1968 Min:    32 Max: 13260 Err:     0 (0.00%)
2026-10-08 18:19:31,731 INFO o.a.j.t.JMeterThread: Thread is done: Ticket intake (POST /tickets) 1-52
2026-10-08 18:19:31,731 INFO o.a.j.t.JMeterThread: Thread finished: Ticket intake (POST /tickets) 1-52
2026-10-08 18:19:38,838 INFO o.a.j.t.JMeterThread: Thread started: Ticket intake (POST /tickets) 1-53
2026-10-08 18:19:41,129 INFO o.a.j.t.JMeterThread: Thread started: Ticket intake (POST /tickets) 1-54
2026-10-08 18:19:44,971 INFO o.a.j.t.JMeterThread: Thread started: Ticket intake (POST /tickets) 1-55
2026-10-08 18:19:45,207 INFO o.a.j.t.JMeterThread: Thread is done: Ticket intake (POST /tickets) 1-53
2026-10-08 18:19:45,207 INFO o.a.j.t.JMeterThread: Thread finished: Ticket intake (POST /tickets) 1-53
2026-10-08 18:19:47,153 INFO o.a.j.t.JMeterThread: Thread is done: Ticket intake (POST /tickets) 1-54
2026-10-08 18:19:47,154 INFO o.a.j.t.JMeterThread: Thread finished: Ticket intake (POST /tickets) 1-54
2026-10-08 18:19:50,264 INFO o.a.j.t.JMeterThread: Thread is done: Ticket intake (POST /tickets) 1-55
2026-10-08 18:19:50,265 INFO o.a.j.t.JMeterThread: Thread finished: Ticket intake (POST /tickets) 1-55
2026-10-08 18:19:55,072 INFO o.a.j.t.JMeterThread: Thread started: Ticket intake (POST /tickets) 1-56
2026-10-08 18:19:56,263 INFO o.a.j.t.JMeterThread: Thread started: Ticket intake (POST /tickets) 1-57
2026-10-08 18:19:57,944 INFO o.a.j.t.JMeterThread: Thread started: Ticket intake (POST /tickets) 1-58
2026-10-08 18:19:58,919 INFO o.a.j.t.JMeterThread: Thread is done: Ticket intake (POST /tickets) 1-56
2026-10-08 18:19:58,919 INFO o.a.j.t.JMeterThread: Thread finished: Ticket intake (POST /tickets) 1-56
2026-10-08 18:20:00,162 INFO o.a.j.r.Summariser: summary +      5 in 00:00:28 =    0.2/s Avg:  5083 Min:  3843 Max:  6364 Err:     0 (0.00%) Active: 2 Started: 133 Finished: 131
2026-10-08 18:20:00,163 INFO o.a.j.r.Summariser: summary =    132 in 00:11:48 =    0.2/s Avg:  2086 Min:    32 Max: 13260 Err:     0 (0.00%)
2026-10-08 18:20:00,163 INFO o.a.j.t.JMeterThread: Thread is done: Ticket intake (POST /tickets) 1-57
2026-10-08 18:20:00,163 INFO o.a.j.t.JMeterThread: Thread finished: Ticket intake (POST /tickets) 1-57
2026-10-08 18:20:02,890 INFO o.a.j.t.JMeterThread: Thread is done: Ticket intake (POST /tickets) 1-58
2026-10-08 18:20:02,890 INFO o.a.j.t.JMeterThread: Thread finished: Ticket intake (POST /tickets) 1-58
2026-10-08 18:20:14,160 INFO o.a.j.t.JMeterThread: Thread started: Ticket intake (POST /tickets) 1-59
2026-10-08 18:20:17,219 INFO o.a.j.t.JMeterThread: Thread is done: Ticket intake (POST /tickets) 1-59
2026-10-08 18:20:17,219 INFO o.a.j.t.JMeterThread: Thread finished: Ticket intake (POST /tickets) 1-59
2026-10-08 18:20:18,952 INFO o.a.j.t.JMeterThread: Thread started: Agent searches (GET /search) 2-76
2026-10-08 18:20:19,060 INFO o.a.j.t.JMeterThread: Thread is done: Agent searches (GET /search) 2-76
2026-10-08 18:20:19,060 INFO o.a.j.t.JMeterThread: Thread finished: Agent searches (GET /search) 2-76
2026-10-08 18:20:34,137 INFO o.a.j.t.JMeterThread: Thread started: Agent searches (GET /search) 2-77
2026-10-08 18:20:34,229 INFO o.a.j.r.Summariser: summary +      4 in 00:00:34 =    0.1/s Avg:  2047 Min:    89 Max:  4943 Err:     0 (0.00%) Active: 1 Started: 136 Finished: 135
2026-10-08 18:20:34,230 INFO o.a.j.r.Summariser: summary =    136 in 00:12:22 =    0.2/s Avg:  2085 Min:    32 Max: 13260 Err:     0 (0.00%)
2026-10-08 18:20:34,230 INFO o.a.j.t.JMeterThread: Thread is done: Agent searches (GET /search) 2-77
2026-10-08 18:20:34,230 INFO o.a.j.t.JMeterThread: Thread finished: Agent searches (GET /search) 2-77
2026-10-08 18:20:42,072 INFO o.a.j.t.JMeterThread: Thread started: Agent searches (GET /search) 2-78
2026-10-08 18:20:42,114 INFO o.a.j.t.JMeterThread: Thread is done: Agent searches (GET /search) 2-78
2026-10-08 18:20:42,114 INFO o.a.j.t.JMeterThread: Thread finished: Agent searches (GET /search) 2-78
2026-10-08 18:20:43,500 INFO o.a.j.t.JMeterThread: Thread started: Ticket intake (POST /tickets) 1-60
2026-10-08 18:20:46,281 INFO o.a.j.t.JMeterThread: Thread is done: Ticket intake (POST /tickets) 1-60
2026-10-08 18:20:46,282 INFO o.a.j.t.JMeterThread: Thread finished: Ticket intake (POST /tickets) 1-60
2026-10-08 18:21:00,167 INFO o.a.j.t.JMeterThread: Thread started: Agent searches (GET /search) 2-79
2026-10-08 18:21:00,272 INFO o.a.j.r.Summariser: summary +      3 in 00:00:26 =    0.1/s Avg:   972 Min:    37 Max:  2778 Err:     0 (0.00%) Active: 1 Started: 139 Finished: 138
2026-10-08 18:21:00,272 INFO o.a.j.r.Summariser: summary =    139 in 00:12:48 =    0.2/s Avg:  2061 Min:    32 Max: 13260 Err:     0 (0.00%)
2026-10-08 18:21:00,273 INFO o.a.j.t.JMeterThread: Thread is done: Agent searches (GET /search) 2-79
2026-10-08 18:21:00,273 INFO o.a.j.t.JMeterThread: Thread finished: Agent searches (GET /search) 2-79
2026-10-08 18:21:00,623 INFO o.a.j.t.JMeterThread: Thread started: Ticket intake (POST /tickets) 1-61
2026-10-08 18:21:01,868 INFO o.a.j.t.JMeterThread: Thread is done: Ticket intake (POST /tickets) 1-61
2026-10-08 18:21:01,868 INFO o.a.j.t.JMeterThread: Thread finished: Ticket intake (POST /tickets) 1-61
2026-10-08 18:21:05,496 INFO o.a.j.t.JMeterThread: Thread started: Agent searches (GET /search) 2-80
2026-10-08 18:21:05,739 INFO o.a.j.t.JMeterThread: Thread is done: Agent searches (GET /search) 2-80
2026-10-08 18:21:05,739 INFO o.a.j.t.JMeterThread: Thread finished: Agent searches (GET /search) 2-80
2026-10-08 18:21:06,529 INFO o.a.j.t.JMeterThread: Thread started: Agent searches (GET /search) 2-81
2026-10-08 18:21:06,686 INFO o.a.j.t.JMeterThread: Thread is done: Agent searches (GET /search) 2-81
2026-10-08 18:21:06,686 INFO o.a.j.t.JMeterThread: Thread finished: Agent searches (GET /search) 2-81
2026-10-08 18:21:07,203 INFO o.a.j.t.JMeterThread: Thread started: Agent searches (GET /search) 2-82
2026-10-08 18:21:07,291 INFO o.a.j.t.JMeterThread: Thread is done: Agent searches (GET /search) 2-82
2026-10-08 18:21:07,291 INFO o.a.j.t.JMeterThread: Thread finished: Agent searches (GET /search) 2-82
2026-10-08 18:21:09,661 INFO o.a.j.t.JMeterThread: Thread started: Ticket intake (POST /tickets) 1-62
2026-10-08 18:21:12,287 INFO o.a.j.t.JMeterThread: Thread is done: Ticket intake (POST /tickets) 1-62
2026-10-08 18:21:12,288 INFO o.a.j.t.JMeterThread: Thread finished: Ticket intake (POST /tickets) 1-62
2026-10-08 18:21:16,981 INFO o.a.j.t.JMeterThread: Thread started: Agent searches (GET /search) 2-83
2026-10-08 18:21:17,048 INFO o.a.j.t.JMeterThread: Thread is done: Agent searches (GET /search) 2-83
2026-10-08 18:21:17,048 INFO o.a.j.t.JMeterThread: Thread finished: Agent searches (GET /search) 2-83
2026-10-08 18:21:20,683 INFO o.a.j.t.JMeterThread: Thread started: Ticket intake (POST /tickets) 1-63
2026-10-08 18:21:21,746 INFO o.a.j.t.JMeterThread: Thread started: Ticket intake (POST /tickets) 1-64
2026-10-08 18:21:24,530 INFO o.a.j.t.JMeterThread: Thread is done: Ticket intake (POST /tickets) 1-63
2026-10-08 18:21:24,530 INFO o.a.j.t.JMeterThread: Thread finished: Ticket intake (POST /tickets) 1-63
2026-10-08 18:21:26,280 INFO o.a.j.t.JMeterThread: Thread is done: Ticket intake (POST /tickets) 1-64
2026-10-08 18:21:26,280 INFO o.a.j.t.JMeterThread: Thread finished: Ticket intake (POST /tickets) 1-64
2026-10-08 18:21:27,766 INFO o.a.j.t.JMeterThread: Thread started: Agent searches (GET /search) 2-84
2026-10-08 18:21:27,815 INFO o.a.j.t.JMeterThread: Thread is done: Agent searches (GET /search) 2-84
2026-10-08 18:21:27,815 INFO o.a.j.t.JMeterThread: Thread finished: Agent searches (GET /search) 2-84
2026-10-08 18:21:37,901 INFO o.a.j.t.JMeterThread: Thread started: Ticket intake (POST /tickets) 1-65
2026-10-08 18:21:40,100 INFO o.a.j.t.JMeterThread: Thread is done: Ticket intake (POST /tickets) 1-65
2026-10-08 18:21:40,100 INFO o.a.j.t.JMeterThread: Thread finished: Ticket intake (POST /tickets) 1-65
2026-10-08 18:21:45,012 INFO o.a.j.t.JMeterThread: Thread started: Ticket intake (POST /tickets) 1-66
2026-10-08 18:21:47,477 INFO o.a.j.t.JMeterThread: Thread is done: Ticket intake (POST /tickets) 1-66
2026-10-08 18:21:47,478 INFO o.a.j.t.JMeterThread: Thread finished: Ticket intake (POST /tickets) 1-66
2026-10-08 18:21:54,086 INFO o.a.j.t.JMeterThread: Thread started: Ticket intake (POST /tickets) 1-67
2026-10-08 18:21:55,088 INFO o.a.j.t.JMeterThread: Thread started: Agent searches (GET /search) 2-85
2026-10-08 18:21:55,196 INFO o.a.j.t.JMeterThread: Thread is done: Agent searches (GET /search) 2-85
2026-10-08 18:21:55,200 INFO o.a.j.t.JMeterThread: Thread finished: Agent searches (GET /search) 2-85
2026-10-08 18:21:55,402 INFO o.a.j.t.JMeterThread: Thread started: Agent searches (GET /search) 2-86
2026-10-08 18:21:55,504 INFO o.a.j.t.JMeterThread: Thread is done: Agent searches (GET /search) 2-86
2026-10-08 18:21:55,504 INFO o.a.j.t.JMeterThread: Thread finished: Agent searches (GET /search) 2-86
2026-10-08 18:21:55,930 INFO o.a.j.t.JMeterThread: Thread is done: Ticket intake (POST /tickets) 1-67
2026-10-08 18:21:55,930 INFO o.a.j.t.JMeterThread: Thread finished: Ticket intake (POST /tickets) 1-67
2026-10-08 18:21:57,356 INFO o.a.j.t.JMeterThread: Thread started: Ticket intake (POST /tickets) 1-68
2026-10-08 18:21:59,657 INFO o.a.j.t.JMeterThread: Thread is done: Ticket intake (POST /tickets) 1-68
2026-10-08 18:21:59,658 INFO o.a.j.t.JMeterThread: Thread finished: Ticket intake (POST /tickets) 1-68
2026-10-08 18:22:01,391 INFO o.a.j.t.JMeterThread: Thread started: Agent searches (GET /search) 2-87
2026-10-08 18:22:01,501 INFO o.a.j.r.Summariser: summary +     16 in 00:01:01 =    0.3/s Avg:  1371 Min:    46 Max:  4531 Err:     0 (0.00%) Active: 1 Started: 155 Finished: 154
2026-10-08 18:22:01,501 INFO o.a.j.r.Summariser: summary =    155 in 00:13:49 =    0.2/s Avg:  1990 Min:    32 Max: 13260 Err:     0 (0.00%)
2026-10-08 18:22:01,501 INFO o.a.j.t.JMeterThread: Thread is done: Agent searches (GET /search) 2-87
2026-10-08 18:22:01,501 INFO o.a.j.t.JMeterThread: Thread finished: Agent searches (GET /search) 2-87
2026-10-08 18:22:03,463 INFO o.a.j.t.JMeterThread: Thread started: Ticket intake (POST /tickets) 1-69
2026-10-08 18:22:04,148 INFO o.a.j.t.JMeterThread: Thread started: Agent searches (GET /search) 2-88
2026-10-08 18:22:04,275 INFO o.a.j.t.JMeterThread: Thread is done: Agent searches (GET /search) 2-88
2026-10-08 18:22:04,275 INFO o.a.j.t.JMeterThread: Thread finished: Agent searches (GET /search) 2-88
2026-10-08 18:22:05,152 INFO o.a.j.t.JMeterThread: Thread started: Ticket intake (POST /tickets) 1-70
2026-10-08 18:22:06,150 INFO o.a.j.t.JMeterThread: Thread is done: Ticket intake (POST /tickets) 1-69
2026-10-08 18:22:06,150 INFO o.a.j.t.JMeterThread: Thread finished: Ticket intake (POST /tickets) 1-69
2026-10-08 18:22:07,647 INFO o.a.j.t.JMeterThread: Thread is done: Ticket intake (POST /tickets) 1-70
2026-10-08 18:22:07,647 INFO o.a.j.t.JMeterThread: Thread finished: Ticket intake (POST /tickets) 1-70
2026-10-08 18:22:12,728 INFO o.a.j.t.JMeterThread: Thread started: Ticket intake (POST /tickets) 1-71
2026-10-08 18:22:16,555 INFO o.a.j.t.JMeterThread: Thread is done: Ticket intake (POST /tickets) 1-71
2026-10-08 18:22:16,556 INFO o.a.j.t.JMeterThread: Thread finished: Ticket intake (POST /tickets) 1-71
2026-10-08 18:22:16,813 INFO o.a.j.t.JMeterThread: Thread started: Ticket intake (POST /tickets) 1-72
2026-10-08 18:22:19,530 INFO o.a.j.t.JMeterThread: Thread is done: Ticket intake (POST /tickets) 1-72
2026-10-08 18:22:19,530 INFO o.a.j.t.JMeterThread: Thread finished: Ticket intake (POST /tickets) 1-72
2026-10-08 18:22:25,604 INFO o.a.j.t.JMeterThread: Thread started: Agent searches (GET /search) 2-89
2026-10-08 18:22:25,668 INFO o.a.j.t.JMeterThread: Thread is done: Agent searches (GET /search) 2-89
2026-10-08 18:22:25,668 INFO o.a.j.t.JMeterThread: Thread finished: Agent searches (GET /search) 2-89
2026-10-08 18:22:27,763 INFO o.a.j.t.JMeterThread: Thread started: Agent searches (GET /search) 2-90
2026-10-08 18:22:27,796 INFO o.a.j.t.JMeterThread: Thread is done: Agent searches (GET /search) 2-90
2026-10-08 18:22:27,796 INFO o.a.j.t.JMeterThread: Thread finished: Agent searches (GET /search) 2-90
2026-10-08 18:22:34,006 INFO o.a.j.t.JMeterThread: Thread started: Agent searches (GET /search) 2-91
2026-10-08 18:22:34,141 INFO o.a.j.r.Summariser: summary +      8 in 00:00:33 =    0.2/s Avg:  1507 Min:    31 Max:  3822 Err:     0 (0.00%) Active: 1 Started: 163 Finished: 162
2026-10-08 18:22:34,141 INFO o.a.j.r.Summariser: summary =    163 in 00:14:22 =    0.2/s Avg:  1966 Min:    31 Max: 13260 Err:     0 (0.00%)
2026-10-08 18:22:34,141 INFO o.a.j.t.JMeterThread: Thread is done: Agent searches (GET /search) 2-91
2026-10-08 18:22:34,141 INFO o.a.j.t.JMeterThread: Thread finished: Agent searches (GET /search) 2-91
2026-10-08 18:22:37,780 INFO o.a.j.t.JMeterThread: Thread started: Ticket intake (POST /tickets) 1-73
2026-10-08 18:22:38,587 INFO o.a.j.t.JMeterThread: Thread started: Agent searches (GET /search) 2-92
2026-10-08 18:22:38,817 INFO o.a.j.t.JMeterThread: Thread is done: Agent searches (GET /search) 2-92
2026-10-08 18:22:38,818 INFO o.a.j.t.JMeterThread: Thread finished: Agent searches (GET /search) 2-92
2026-10-08 18:22:39,445 INFO o.a.j.t.JMeterThread: Thread started: Agent searches (GET /search) 2-93
2026-10-08 18:22:39,595 INFO o.a.j.t.JMeterThread: Thread is done: Agent searches (GET /search) 2-93
2026-10-08 18:22:39,595 INFO o.a.j.t.JMeterThread: Thread finished: Agent searches (GET /search) 2-93
2026-10-08 18:22:40,520 INFO o.a.j.t.JMeterThread: Thread is done: Ticket intake (POST /tickets) 1-73
2026-10-08 18:22:40,520 INFO o.a.j.t.JMeterThread: Thread finished: Ticket intake (POST /tickets) 1-73
2026-10-08 18:22:47,870 INFO o.a.j.t.JMeterThread: Thread started: Ticket intake (POST /tickets) 1-74
2026-10-08 18:22:50,553 INFO o.a.j.t.JMeterThread: Thread is done: Ticket intake (POST /tickets) 1-74
2026-10-08 18:22:50,554 INFO o.a.j.t.JMeterThread: Thread finished: Ticket intake (POST /tickets) 1-74
2026-10-08 18:22:51,018 INFO o.a.j.t.JMeterThread: Thread started: Agent searches (GET /search) 2-94
2026-10-08 18:22:51,108 INFO o.a.j.t.JMeterThread: Thread is done: Agent searches (GET /search) 2-94
2026-10-08 18:22:51,108 INFO o.a.j.t.JMeterThread: Thread finished: Agent searches (GET /search) 2-94
2026-10-08 18:22:54,830 INFO o.a.j.t.JMeterThread: Thread started: Ticket intake (POST /tickets) 1-75
2026-10-08 18:22:57,623 INFO o.a.j.t.JMeterThread: Thread is done: Ticket intake (POST /tickets) 1-75
2026-10-08 18:22:57,623 INFO o.a.j.t.JMeterThread: Thread finished: Ticket intake (POST /tickets) 1-75
2026-10-08 18:23:00,496 INFO o.a.j.t.JMeterThread: Thread started: Agent searches (GET /search) 2-95
2026-10-08 18:23:00,563 INFO o.a.j.r.Summariser: summary +      7 in 00:00:26 =    0.3/s Avg:  1246 Min:    63 Max:  2790 Err:     0 (0.00%) Active: 1 Started: 170 Finished: 169
2026-10-08 18:23:00,563 INFO o.a.j.r.Summariser: summary =    170 in 00:14:48 =    0.2/s Avg:  1936 Min:    31 Max: 13260 Err:     0 (0.00%)
2026-10-08 18:23:00,563 INFO o.a.j.t.JMeterThread: Thread is done: Agent searches (GET /search) 2-95
2026-10-08 18:23:00,563 INFO o.a.j.t.JMeterThread: Thread finished: Agent searches (GET /search) 2-95
2026-10-08 18:23:04,501 INFO o.a.j.t.JMeterThread: Thread started: Ticket intake (POST /tickets) 1-76
2026-10-08 18:23:08,678 INFO o.a.j.t.JMeterThread: Thread is done: Ticket intake (POST /tickets) 1-76
2026-10-08 18:23:08,680 INFO o.a.j.t.JMeterThread: Thread finished: Ticket intake (POST /tickets) 1-76
2026-10-08 18:23:14,191 INFO o.a.j.t.JMeterThread: Thread started: Agent searches (GET /search) 2-96
2026-10-08 18:23:14,284 INFO o.a.j.t.JMeterThread: Thread is done: Agent searches (GET /search) 2-96
2026-10-08 18:23:14,284 INFO o.a.j.t.JMeterThread: Thread finished: Agent searches (GET /search) 2-96
2026-10-08 18:23:14,287 INFO o.a.j.t.JMeterThread: Thread started: Agent searches (GET /search) 2-97
2026-10-08 18:23:14,376 INFO o.a.j.t.JMeterThread: Thread is done: Agent searches (GET /search) 2-97
2026-10-08 18:23:14,376 INFO o.a.j.t.JMeterThread: Thread finished: Agent searches (GET /search) 2-97
2026-10-08 18:23:15,278 INFO o.a.j.t.JMeterThread: Thread started: Ticket intake (POST /tickets) 1-77
2026-10-08 18:23:16,653 INFO o.a.j.t.JMeterThread: Thread started: Ticket intake (POST /tickets) 1-78
2026-10-08 18:23:16,963 INFO o.a.j.t.JMeterThread: Thread started: Agent searches (GET /search) 2-98
2026-10-08 18:23:17,074 INFO o.a.j.t.JMeterThread: Thread is done: Agent searches (GET /search) 2-98
2026-10-08 18:23:17,074 INFO o.a.j.t.JMeterThread: Thread finished: Agent searches (GET /search) 2-98
2026-10-08 18:23:19,929 INFO o.a.j.t.JMeterThread: Thread started: Ticket intake (POST /tickets) 1-79
2026-10-08 18:23:20,427 INFO o.a.j.t.JMeterThread: Thread is done: Ticket intake (POST /tickets) 1-77
2026-10-08 18:23:20,427 INFO o.a.j.t.JMeterThread: Thread finished: Ticket intake (POST /tickets) 1-77
2026-10-08 18:23:20,697 INFO o.a.j.t.JMeterThread: Thread started: Ticket intake (POST /tickets) 1-80
2026-10-08 18:23:23,839 INFO o.a.j.t.JMeterThread: Thread is done: Ticket intake (POST /tickets) 1-78
2026-10-08 18:23:23,840 INFO o.a.j.t.JMeterThread: Thread finished: Ticket intake (POST /tickets) 1-78
2026-10-08 18:23:25,514 INFO o.a.j.t.JMeterThread: Thread is done: Ticket intake (POST /tickets) 1-79
2026-10-08 18:23:25,515 INFO o.a.j.t.JMeterThread: Thread finished: Ticket intake (POST /tickets) 1-79
2026-10-08 18:23:26,264 INFO o.a.j.t.JMeterThread: Thread is done: Ticket intake (POST /tickets) 1-80
2026-10-08 18:23:26,264 INFO o.a.j.t.JMeterThread: Thread finished: Ticket intake (POST /tickets) 1-80
2026-10-08 18:23:29,260 INFO o.a.j.t.JMeterThread: Thread started: Ticket intake (POST /tickets) 1-81
2026-10-08 18:23:32,972 INFO o.a.j.r.Summariser: summary +      9 in 00:00:32 =    0.3/s Avg:  3515 Min:    85 Max:  7182 Err:     0 (0.00%) Active: 1 Started: 179 Finished: 178
2026-10-08 18:23:32,972 INFO o.a.j.r.Summariser: summary =    179 in 00:15:21 =    0.2/s Avg:  2016 Min:    31 Max: 13260 Err:     0 (0.00%)
2026-10-08 18:23:32,973 INFO o.a.j.t.JMeterThread: Thread is done: Ticket intake (POST /tickets) 1-81
2026-10-08 18:23:32,973 INFO o.a.j.t.JMeterThread: Thread finished: Ticket intake (POST /tickets) 1-81
2026-10-08 18:23:33,178 INFO o.a.j.t.JMeterThread: Thread started: Agent searches (GET /search) 2-99
2026-10-08 18:23:33,294 INFO o.a.j.t.JMeterThread: Thread is done: Agent searches (GET /search) 2-99
2026-10-08 18:23:33,294 INFO o.a.j.t.JMeterThread: Thread finished: Agent searches (GET /search) 2-99
2026-10-08 18:23:37,583 INFO o.a.j.t.JMeterThread: Thread started: Agent searches (GET /search) 2-100
2026-10-08 18:23:37,640 INFO o.a.j.t.JMeterThread: Thread is done: Agent searches (GET /search) 2-100
2026-10-08 18:23:37,640 INFO o.a.j.t.JMeterThread: Thread finished: Agent searches (GET /search) 2-100
2026-10-08 18:23:40,503 INFO o.a.j.t.JMeterThread: Thread started: Ticket intake (POST /tickets) 1-82
2026-10-08 18:23:45,231 INFO o.a.j.t.JMeterThread: Thread started: Ticket intake (POST /tickets) 1-83
2026-10-08 18:23:45,338 INFO o.a.j.t.JMeterThread: Thread is done: Ticket intake (POST /tickets) 1-82
2026-10-08 18:23:45,338 INFO o.a.j.t.JMeterThread: Thread finished: Ticket intake (POST /tickets) 1-82
2026-10-08 18:23:46,810 INFO o.a.j.t.JMeterThread: Thread started: Agent searches (GET /search) 2-101
2026-10-08 18:23:47,140 INFO o.a.j.t.JMeterThread: Thread is done: Agent searches (GET /search) 2-101
2026-10-08 18:23:47,140 INFO o.a.j.t.JMeterThread: Thread finished: Agent searches (GET /search) 2-101
2026-10-08 18:23:49,087 INFO o.a.j.t.JMeterThread: Thread is done: Ticket intake (POST /tickets) 1-83
2026-10-08 18:23:49,087 INFO o.a.j.t.JMeterThread: Thread finished: Ticket intake (POST /tickets) 1-83
2026-10-08 18:23:50,216 INFO o.a.j.t.JMeterThread: Thread started: Ticket intake (POST /tickets) 1-84
2026-10-08 18:23:54,000 INFO o.a.j.t.JMeterThread: Thread is done: Ticket intake (POST /tickets) 1-84
2026-10-08 18:23:54,000 INFO o.a.j.t.JMeterThread: Thread finished: Ticket intake (POST /tickets) 1-84
2026-10-08 18:23:54,372 INFO o.a.j.t.JMeterThread: Thread started: Ticket intake (POST /tickets) 1-85
2026-10-08 18:23:57,307 INFO o.a.j.t.JMeterThread: Thread started: Agent searches (GET /search) 2-102
2026-10-08 18:23:57,424 INFO o.a.j.t.JMeterThread: Thread is done: Agent searches (GET /search) 2-102
2026-10-08 18:23:57,424 INFO o.a.j.t.JMeterThread: Thread finished: Agent searches (GET /search) 2-102
2026-10-08 18:23:57,789 INFO o.a.j.t.JMeterThread: Thread is done: Ticket intake (POST /tickets) 1-85
2026-10-08 18:23:57,789 INFO o.a.j.t.JMeterThread: Thread finished: Ticket intake (POST /tickets) 1-85
2026-10-08 18:23:59,577 INFO o.a.j.t.JMeterThread: Thread started: Agent searches (GET /search) 2-103
2026-10-08 18:23:59,641 INFO o.a.j.t.JMeterThread: Thread is done: Agent searches (GET /search) 2-103
2026-10-08 18:23:59,641 INFO o.a.j.t.JMeterThread: Thread finished: Agent searches (GET /search) 2-103
2026-10-08 18:24:01,967 INFO o.a.j.t.JMeterThread: Thread started: Ticket intake (POST /tickets) 1-86
2026-10-08 18:24:04,791 INFO o.a.j.t.JMeterThread: Thread started: Ticket intake (POST /tickets) 1-87
2026-10-08 18:24:06,554 INFO o.a.j.t.JMeterThread: Thread started: Ticket intake (POST /tickets) 1-88
2026-10-08 18:24:07,108 INFO o.a.j.t.JMeterThread: Thread is done: Ticket intake (POST /tickets) 1-86
2026-10-08 18:24:07,108 INFO o.a.j.t.JMeterThread: Thread finished: Ticket intake (POST /tickets) 1-86
2026-10-08 18:24:09,781 INFO o.a.j.t.JMeterThread: Thread is done: Ticket intake (POST /tickets) 1-87
2026-10-08 18:24:09,781 INFO o.a.j.t.JMeterThread: Thread finished: Ticket intake (POST /tickets) 1-87
2026-10-08 18:24:10,750 INFO o.a.j.t.JMeterThread: Thread started: Ticket intake (POST /tickets) 1-89
2026-10-08 18:24:13,970 INFO o.a.j.t.JMeterThread: Thread started: Ticket intake (POST /tickets) 1-90
2026-10-08 18:24:14,175 INFO o.a.j.t.JMeterThread: Thread is done: Ticket intake (POST /tickets) 1-88
2026-10-08 18:24:14,175 INFO o.a.j.t.JMeterThread: Thread finished: Ticket intake (POST /tickets) 1-88
2026-10-08 18:24:15,896 INFO o.a.j.t.JMeterThread: Thread is done: Ticket intake (POST /tickets) 1-89
2026-10-08 18:24:15,896 INFO o.a.j.t.JMeterThread: Thread finished: Ticket intake (POST /tickets) 1-89
2026-10-08 18:24:16,448 INFO o.a.j.t.JMeterThread: Thread started: Ticket intake (POST /tickets) 1-91
2026-10-08 18:24:16,583 INFO o.a.j.t.JMeterThread: Thread started: Ticket intake (POST /tickets) 1-92
2026-10-08 18:24:18,105 INFO o.a.j.t.JMeterThread: Thread is done: Ticket intake (POST /tickets) 1-90
2026-10-08 18:24:18,105 INFO o.a.j.t.JMeterThread: Thread finished: Ticket intake (POST /tickets) 1-90
2026-10-08 18:24:18,814 INFO o.a.j.t.JMeterThread: Thread started: Agent searches (GET /search) 2-104
2026-10-08 18:24:18,950 INFO o.a.j.t.JMeterThread: Thread is done: Agent searches (GET /search) 2-104
2026-10-08 18:24:18,950 INFO o.a.j.t.JMeterThread: Thread finished: Agent searches (GET /search) 2-104
2026-10-08 18:24:20,321 INFO o.a.j.t.JMeterThread: Thread started: Ticket intake (POST /tickets) 1-93
2026-10-08 18:24:21,554 INFO o.a.j.t.JMeterThread: Thread is done: Ticket intake (POST /tickets) 1-91
2026-10-08 18:24:21,554 INFO o.a.j.t.JMeterThread: Thread finished: Ticket intake (POST /tickets) 1-91
2026-10-08 18:24:23,593 INFO o.a.j.t.JMeterThread: Thread is done: Ticket intake (POST /tickets) 1-92
2026-10-08 18:24:23,593 INFO o.a.j.t.JMeterThread: Thread finished: Ticket intake (POST /tickets) 1-92
2026-10-08 18:24:25,001 INFO o.a.j.t.JMeterThread: Thread started: Agent searches (GET /search) 2-105
2026-10-08 18:24:25,098 INFO o.a.j.t.JMeterThread: Thread started: Agent searches (GET /search) 2-106
2026-10-08 18:24:25,114 INFO o.a.j.t.JMeterThread: Thread is done: Agent searches (GET /search) 2-105
2026-10-08 18:24:25,114 INFO o.a.j.t.JMeterThread: Thread finished: Agent searches (GET /search) 2-105
2026-10-08 18:24:25,172 INFO o.a.j.t.JMeterThread: Thread is done: Agent searches (GET /search) 2-106
2026-10-08 18:24:25,172 INFO o.a.j.t.JMeterThread: Thread finished: Agent searches (GET /search) 2-106
2026-10-08 18:24:25,895 INFO o.a.j.t.JMeterThread: Thread is done: Ticket intake (POST /tickets) 1-93
2026-10-08 18:24:25,895 INFO o.a.j.t.JMeterThread: Thread finished: Ticket intake (POST /tickets) 1-93
2026-10-08 18:24:27,771 INFO o.a.j.t.JMeterThread: Thread started: Ticket intake (POST /tickets) 1-94
2026-10-08 18:24:30,779 INFO o.a.j.t.JMeterThread: Thread started: Agent searches (GET /search) 2-107
2026-10-08 18:24:30,890 INFO o.a.j.r.Summariser: summary +     21 in 00:00:58 =    0.4/s Avg:  2936 Min:    53 Max:  7618 Err:     0 (0.00%) Active: 2 Started: 201 Finished: 199
2026-10-08 18:24:30,891 INFO o.a.j.r.Summariser: summary =    200 in 00:16:18 =    0.2/s Avg:  2112 Min:    31 Max: 13260 Err:     0 (0.00%)
2026-10-08 18:24:30,891 INFO o.a.j.t.JMeterThread: Thread is done: Agent searches (GET /search) 2-107
2026-10-08 18:24:30,891 INFO o.a.j.t.JMeterThread: Thread finished: Agent searches (GET /search) 2-107
2026-10-08 18:24:31,955 INFO o.a.j.t.JMeterThread: Thread is done: Ticket intake (POST /tickets) 1-94
2026-10-08 18:24:31,955 INFO o.a.j.t.JMeterThread: Thread finished: Ticket intake (POST /tickets) 1-94
2026-10-08 18:24:32,602 INFO o.a.j.t.JMeterThread: Thread started: Ticket intake (POST /tickets) 1-95
2026-10-08 18:24:33,530 INFO o.a.j.t.JMeterThread: Thread started: Ticket intake (POST /tickets) 1-96
2026-10-08 18:24:35,043 INFO o.a.j.t.JMeterThread: Thread is done: Ticket intake (POST /tickets) 1-95
2026-10-08 18:24:35,044 INFO o.a.j.t.JMeterThread: Thread finished: Ticket intake (POST /tickets) 1-95
2026-10-08 18:24:37,669 INFO o.a.j.t.JMeterThread: Thread is done: Ticket intake (POST /tickets) 1-96
2026-10-08 18:24:37,669 INFO o.a.j.t.JMeterThread: Thread finished: Ticket intake (POST /tickets) 1-96
2026-10-08 18:24:39,671 INFO o.a.j.t.JMeterThread: Thread started: Agent searches (GET /search) 2-108
2026-10-08 18:24:40,228 INFO o.a.j.t.JMeterThread: Thread is done: Agent searches (GET /search) 2-108
2026-10-08 18:24:40,228 INFO o.a.j.t.JMeterThread: Thread finished: Agent searches (GET /search) 2-108
2026-10-08 18:24:52,665 INFO o.a.j.t.JMeterThread: Thread started: Ticket intake (POST /tickets) 1-97
2026-10-08 18:24:57,221 INFO o.a.j.t.JMeterThread: Thread started: Ticket intake (POST /tickets) 1-98
2026-10-08 18:24:57,325 INFO o.a.j.t.JMeterThread: Thread is done: Ticket intake (POST /tickets) 1-97
2026-10-08 18:24:57,325 INFO o.a.j.t.JMeterThread: Thread finished: Ticket intake (POST /tickets) 1-97
2026-10-08 18:24:58,603 INFO o.a.j.t.JMeterThread: Thread started: Ticket intake (POST /tickets) 1-99
2026-10-08 18:24:59,514 INFO o.a.j.t.JMeterThread: Thread is done: Ticket intake (POST /tickets) 1-98
2026-10-08 18:24:59,514 INFO o.a.j.t.JMeterThread: Thread finished: Ticket intake (POST /tickets) 1-98
2026-10-08 18:25:01,361 INFO o.a.j.r.Summariser: summary +      7 in 00:00:30 =    0.2/s Avg:  3001 Min:   554 Max:  4657 Err:     0 (0.00%) Active: 1 Started: 207 Finished: 206
2026-10-08 18:25:01,361 INFO o.a.j.r.Summariser: summary =    207 in 00:16:49 =    0.2/s Avg:  2142 Min:    31 Max: 13260 Err:     0 (0.00%)
2026-10-08 18:25:01,362 INFO o.a.j.t.JMeterThread: Thread is done: Ticket intake (POST /tickets) 1-99
2026-10-08 18:25:01,362 INFO o.a.j.t.JMeterThread: Thread finished: Ticket intake (POST /tickets) 1-99
2026-10-08 18:25:02,255 INFO o.a.j.t.JMeterThread: Thread started: Agent searches (GET /search) 2-109
2026-10-08 18:25:02,519 INFO o.a.j.t.JMeterThread: Thread is done: Agent searches (GET /search) 2-109
2026-10-08 18:25:02,519 INFO o.a.j.t.JMeterThread: Thread finished: Agent searches (GET /search) 2-109
2026-10-08 18:25:11,510 INFO o.a.j.t.JMeterThread: Thread started: Ticket intake (POST /tickets) 1-100
2026-10-08 18:25:13,393 INFO o.a.j.t.JMeterThread: Thread started: Agent searches (GET /search) 2-110
2026-10-08 18:25:13,507 INFO o.a.j.t.JMeterThread: Thread is done: Agent searches (GET /search) 2-110
2026-10-08 18:25:13,507 INFO o.a.j.t.JMeterThread: Thread finished: Agent searches (GET /search) 2-110
2026-10-08 18:25:14,366 INFO o.a.j.t.JMeterThread: Thread is done: Ticket intake (POST /tickets) 1-100
2026-10-08 18:25:14,366 INFO o.a.j.t.JMeterThread: Thread finished: Ticket intake (POST /tickets) 1-100
2026-10-08 18:25:16,020 INFO o.a.j.t.JMeterThread: Thread started: Agent searches (GET /search) 2-111
2026-10-08 18:25:16,170 INFO o.a.j.t.JMeterThread: Thread is done: Agent searches (GET /search) 2-111
2026-10-08 18:25:16,171 INFO o.a.j.t.JMeterThread: Thread finished: Agent searches (GET /search) 2-111
2026-10-08 18:25:16,933 INFO o.a.j.t.JMeterThread: Thread started: Ticket intake (POST /tickets) 1-101
2026-10-08 18:25:18,008 INFO o.a.j.t.JMeterThread: Thread started: Agent searches (GET /search) 2-112
2026-10-08 18:25:18,186 INFO o.a.j.t.JMeterThread: Thread is done: Agent searches (GET /search) 2-112
2026-10-08 18:25:18,187 INFO o.a.j.t.JMeterThread: Thread finished: Agent searches (GET /search) 2-112
2026-10-08 18:25:20,167 INFO o.a.j.t.JMeterThread: Thread is done: Ticket intake (POST /tickets) 1-101
2026-10-08 18:25:20,167 INFO o.a.j.t.JMeterThread: Thread finished: Ticket intake (POST /tickets) 1-101
2026-10-08 18:25:26,745 INFO o.a.j.t.JMeterThread: Thread started: Ticket intake (POST /tickets) 1-102
2026-10-08 18:25:27,750 INFO o.a.j.t.JMeterThread: Thread started: Ticket intake (POST /tickets) 1-103
2026-10-08 18:25:29,279 INFO o.a.j.t.JMeterThread: Thread is done: Ticket intake (POST /tickets) 1-102
2026-10-08 18:25:29,280 INFO o.a.j.t.JMeterThread: Thread finished: Ticket intake (POST /tickets) 1-102
2026-10-08 18:25:32,415 INFO o.a.j.t.JMeterThread: Thread started: Ticket intake (POST /tickets) 1-104
2026-10-08 18:25:32,510 INFO o.a.j.t.JMeterThread: Thread started: Agent searches (GET /search) 2-113
2026-10-08 18:25:32,624 INFO o.a.j.r.Summariser: summary +      8 in 00:00:31 =    0.3/s Avg:  1177 Min:   110 Max:  3230 Err:     0 (0.00%) Active: 3 Started: 217 Finished: 214
2026-10-08 18:25:32,625 INFO o.a.j.r.Summariser: summary =    215 in 00:17:20 =    0.2/s Avg:  2107 Min:    31 Max: 13260 Err:     0 (0.00%)
2026-10-08 18:25:32,625 INFO o.a.j.t.JMeterThread: Thread is done: Agent searches (GET /search) 2-113
2026-10-08 18:25:32,625 INFO o.a.j.t.JMeterThread: Thread finished: Agent searches (GET /search) 2-113
2026-10-08 18:25:32,969 INFO o.a.j.t.JMeterThread: Thread is done: Ticket intake (POST /tickets) 1-103
2026-10-08 18:25:32,969 INFO o.a.j.t.JMeterThread: Thread finished: Ticket intake (POST /tickets) 1-103
2026-10-08 18:25:33,787 INFO o.a.j.t.JMeterThread: Thread is done: Ticket intake (POST /tickets) 1-104
2026-10-08 18:25:33,787 INFO o.a.j.t.JMeterThread: Thread finished: Ticket intake (POST /tickets) 1-104
2026-10-08 18:25:33,800 INFO o.a.j.t.JMeterThread: Thread started: Ticket intake (POST /tickets) 1-105
2026-10-08 18:25:34,994 INFO o.a.j.t.JMeterThread: Thread started: Ticket intake (POST /tickets) 1-106
2026-10-08 18:25:37,835 INFO o.a.j.t.JMeterThread: Thread started: Agent searches (GET /search) 2-114
2026-10-08 18:25:38,084 INFO o.a.j.t.JMeterThread: Thread is done: Agent searches (GET /search) 2-114
2026-10-08 18:25:38,084 INFO o.a.j.t.JMeterThread: Thread finished: Agent searches (GET /search) 2-114
2026-10-08 18:25:38,157 INFO o.a.j.t.JMeterThread: Thread is done: Ticket intake (POST /tickets) 1-105
2026-10-08 18:25:38,157 INFO o.a.j.t.JMeterThread: Thread finished: Ticket intake (POST /tickets) 1-105
2026-10-08 18:25:42,337 INFO o.a.j.t.JMeterThread: Thread is done: Ticket intake (POST /tickets) 1-106
2026-10-08 18:25:42,338 INFO o.a.j.t.JMeterThread: Thread finished: Ticket intake (POST /tickets) 1-106
2026-10-08 18:25:42,386 INFO o.a.j.t.JMeterThread: Thread started: Agent searches (GET /search) 2-115
2026-10-08 18:25:42,526 INFO o.a.j.t.JMeterThread: Thread is done: Agent searches (GET /search) 2-115
2026-10-08 18:25:42,526 INFO o.a.j.t.JMeterThread: Thread finished: Agent searches (GET /search) 2-115
2026-10-08 18:25:48,941 INFO o.a.j.t.JMeterThread: Thread started: Ticket intake (POST /tickets) 1-107
2026-10-08 18:25:54,671 INFO o.a.j.t.JMeterThread: Thread is done: Ticket intake (POST /tickets) 1-107
2026-10-08 18:25:54,671 INFO o.a.j.t.JMeterThread: Thread finished: Ticket intake (POST /tickets) 1-107
2026-10-08 18:26:04,335 INFO o.a.j.t.JMeterThread: Thread started: Agent searches (GET /search) 2-116
2026-10-08 18:26:04,574 INFO o.a.j.r.Summariser: summary +      8 in 00:00:32 =    0.3/s Avg:  3078 Min:   136 Max:  7340 Err:     0 (0.00%) Active: 1 Started: 223 Finished: 222
2026-10-08 18:26:04,575 INFO o.a.j.r.Summariser: summary =    223 in 00:17:52 =    0.2/s Avg:  2141 Min:    31 Max: 13260 Err:     0 (0.00%)
2026-10-08 18:26:04,575 INFO o.a.j.t.JMeterThread: Thread is done: Agent searches (GET /search) 2-116
2026-10-08 18:26:04,575 INFO o.a.j.t.JMeterThread: Thread finished: Agent searches (GET /search) 2-116
2026-10-08 18:26:05,530 INFO o.a.j.t.JMeterThread: Thread started: Agent searches (GET /search) 2-117
2026-10-08 18:26:05,672 INFO o.a.j.t.JMeterThread: Thread is done: Agent searches (GET /search) 2-117
2026-10-08 18:26:05,672 INFO o.a.j.t.JMeterThread: Thread finished: Agent searches (GET /search) 2-117
2026-10-08 18:26:09,293 INFO o.a.j.t.JMeterThread: Thread started: Agent searches (GET /search) 2-118
2026-10-08 18:26:09,490 INFO o.a.j.t.JMeterThread: Thread is done: Agent searches (GET /search) 2-118
2026-10-08 18:26:09,490 INFO o.a.j.t.JMeterThread: Thread finished: Agent searches (GET /search) 2-118
2026-10-08 18:26:11,710 INFO o.a.j.t.JMeterThread: Thread started: Agent searches (GET /search) 2-119
2026-10-08 18:26:11,889 INFO o.a.j.t.JMeterThread: Thread is done: Agent searches (GET /search) 2-119
2026-10-08 18:26:11,890 INFO o.a.j.t.JMeterThread: Thread finished: Agent searches (GET /search) 2-119
2026-10-08 18:26:21,278 INFO o.a.j.t.JMeterThread: Thread started: Agent searches (GET /search) 2-120
2026-10-08 18:26:21,510 INFO o.a.j.t.JMeterThread: Thread is done: Agent searches (GET /search) 2-120
2026-10-08 18:26:21,511 INFO o.a.j.t.JMeterThread: Thread finished: Agent searches (GET /search) 2-120
2026-10-08 18:26:24,709 INFO o.a.j.t.JMeterThread: Thread started: Ticket intake (POST /tickets) 1-108
2026-10-08 18:26:26,036 INFO o.a.j.t.JMeterThread: Thread started: Ticket intake (POST /tickets) 1-109
2026-10-08 18:26:26,369 INFO o.a.j.t.JMeterThread: Thread started: Agent searches (GET /search) 2-121
2026-10-08 18:26:26,481 INFO o.a.j.t.JMeterThread: Thread is done: Agent searches (GET /search) 2-121
2026-10-08 18:26:26,481 INFO o.a.j.t.JMeterThread: Thread finished: Agent searches (GET /search) 2-121
2026-10-08 18:26:27,302 INFO o.a.j.t.JMeterThread: Thread started: Agent searches (GET /search) 2-122
2026-10-08 18:26:27,456 INFO o.a.j.t.JMeterThread: Thread is done: Agent searches (GET /search) 2-122
2026-10-08 18:26:27,456 INFO o.a.j.t.JMeterThread: Thread finished: Agent searches (GET /search) 2-122
2026-10-08 18:26:29,206 INFO o.a.j.t.JMeterThread: Thread is done: Ticket intake (POST /tickets) 1-108
2026-10-08 18:26:29,206 INFO o.a.j.t.JMeterThread: Thread finished: Ticket intake (POST /tickets) 1-108
2026-10-08 18:26:30,156 INFO o.a.j.t.JMeterThread: Thread started: Ticket intake (POST /tickets) 1-110
2026-10-08 18:26:30,955 INFO o.a.j.t.JMeterThread: Thread started: Ticket intake (POST /tickets) 1-111
2026-10-08 18:26:31,224 INFO o.a.j.r.Summariser: summary +      8 in 00:00:27 =    0.3/s Avg:  1333 Min:   109 Max:  5182 Err:     0 (0.00%) Active: 3 Started: 233 Finished: 230
2026-10-08 18:26:31,225 INFO o.a.j.r.Summariser: summary =    231 in 00:18:19 =    0.2/s Avg:  2113 Min:    31 Max: 13260 Err:     0 (0.00%)
2026-10-08 18:26:31,225 INFO o.a.j.t.JMeterThread: Thread is done: Ticket intake (POST /tickets) 1-109
2026-10-08 18:26:31,225 INFO o.a.j.t.JMeterThread: Thread finished: Ticket intake (POST /tickets) 1-109
2026-10-08 18:26:34,022 INFO o.a.j.t.JMeterThread: Thread is done: Ticket intake (POST /tickets) 1-110
2026-10-08 18:26:34,022 INFO o.a.j.t.JMeterThread: Thread finished: Ticket intake (POST /tickets) 1-110
2026-10-08 18:26:35,043 INFO o.a.j.t.JMeterThread: Thread started: Ticket intake (POST /tickets) 1-112
2026-10-08 18:26:36,030 INFO o.a.j.t.JMeterThread: Thread is done: Ticket intake (POST /tickets) 1-111
2026-10-08 18:26:36,030 INFO o.a.j.t.JMeterThread: Thread finished: Ticket intake (POST /tickets) 1-111
2026-10-08 18:26:37,855 INFO o.a.j.t.JMeterThread: Thread is done: Ticket intake (POST /tickets) 1-112
2026-10-08 18:26:37,855 INFO o.a.j.t.JMeterThread: Thread finished: Ticket intake (POST /tickets) 1-112
2026-10-08 18:26:38,753 INFO o.a.j.t.JMeterThread: Thread started: Agent searches (GET /search) 2-123
2026-10-08 18:26:38,877 INFO o.a.j.t.JMeterThread: Thread is done: Agent searches (GET /search) 2-123
2026-10-08 18:26:38,877 INFO o.a.j.t.JMeterThread: Thread finished: Agent searches (GET /search) 2-123
2026-10-08 18:26:42,710 INFO o.a.j.t.JMeterThread: Thread started: Ticket intake (POST /tickets) 1-113
2026-10-08 18:26:44,262 INFO o.a.j.t.JMeterThread: Thread is done: Ticket intake (POST /tickets) 1-113
2026-10-08 18:26:44,262 INFO o.a.j.t.JMeterThread: Thread finished: Ticket intake (POST /tickets) 1-113
2026-10-08 18:26:48,779 INFO o.a.j.t.JMeterThread: Thread started: Ticket intake (POST /tickets) 1-114
2026-10-08 18:26:54,096 INFO o.a.j.t.JMeterThread: Thread is done: Ticket intake (POST /tickets) 1-114
2026-10-08 18:26:54,096 INFO o.a.j.t.JMeterThread: Thread finished: Ticket intake (POST /tickets) 1-114
2026-10-08 18:26:54,692 INFO o.a.j.t.JMeterThread: Thread started: Agent searches (GET /search) 2-124
2026-10-08 18:26:54,741 INFO o.a.j.t.JMeterThread: Thread is done: Agent searches (GET /search) 2-124
2026-10-08 18:26:54,741 INFO o.a.j.t.JMeterThread: Thread finished: Agent searches (GET /search) 2-124
2026-10-08 18:27:04,922 INFO o.a.j.t.JMeterThread: Thread started: Ticket intake (POST /tickets) 1-115
2026-10-08 18:27:06,748 INFO o.a.j.t.JMeterThread: Thread is done: Ticket intake (POST /tickets) 1-115
2026-10-08 18:27:06,748 INFO o.a.j.t.JMeterThread: Thread finished: Ticket intake (POST /tickets) 1-115
2026-10-08 18:27:06,930 INFO o.a.j.t.JMeterThread: Thread started: Ticket intake (POST /tickets) 1-116
2026-10-08 18:27:10,987 INFO o.a.j.t.JMeterThread: Thread is done: Ticket intake (POST /tickets) 1-116
2026-10-08 18:27:10,987 INFO o.a.j.t.JMeterThread: Thread finished: Ticket intake (POST /tickets) 1-116
2026-10-08 18:27:17,897 INFO o.a.j.t.JMeterThread: Thread started: Ticket intake (POST /tickets) 1-117
2026-10-08 18:27:18,105 INFO o.a.j.t.JMeterThread: Thread started: Agent searches (GET /search) 2-125
2026-10-08 18:27:18,268 INFO o.a.j.t.JMeterThread: Thread is done: Agent searches (GET /search) 2-125
2026-10-08 18:27:18,268 INFO o.a.j.t.JMeterThread: Thread finished: Agent searches (GET /search) 2-125
2026-10-08 18:27:22,298 INFO o.a.j.t.JMeterThread: Thread is done: Ticket intake (POST /tickets) 1-117
2026-10-08 18:27:22,299 INFO o.a.j.t.JMeterThread: Thread finished: Ticket intake (POST /tickets) 1-117
2026-10-08 18:27:23,404 INFO o.a.j.t.JMeterThread: Thread started: Agent searches (GET /search) 2-126
2026-10-08 18:27:23,677 INFO o.a.j.t.JMeterThread: Thread is done: Agent searches (GET /search) 2-126
2026-10-08 18:27:23,677 INFO o.a.j.t.JMeterThread: Thread finished: Agent searches (GET /search) 2-126
2026-10-08 18:27:26,888 INFO o.a.j.t.JMeterThread: Thread started: Ticket intake (POST /tickets) 1-118
2026-10-08 18:27:28,868 INFO o.a.j.t.JMeterThread: Thread is done: Ticket intake (POST /tickets) 1-118
2026-10-08 18:27:28,868 INFO o.a.j.t.JMeterThread: Thread finished: Ticket intake (POST /tickets) 1-118
2026-10-08 18:27:35,648 INFO o.a.j.t.JMeterThread: Thread started: Agent searches (GET /search) 2-127
2026-10-08 18:27:35,771 INFO o.a.j.r.Summariser: summary +     14 in 00:01:05 =    0.2/s Avg:  2254 Min:    45 Max:  5313 Err:     0 (0.00%) Active: 1 Started: 245 Finished: 244
2026-10-08 18:27:35,771 INFO o.a.j.r.Summariser: summary =    245 in 00:19:23 =    0.2/s Avg:  2121 Min:    31 Max: 13260 Err:     0 (0.00%)
2026-10-08 18:27:35,771 INFO o.a.j.t.JMeterThread: Thread is done: Agent searches (GET /search) 2-127
2026-10-08 18:27:35,771 INFO o.a.j.t.JMeterThread: Thread finished: Agent searches (GET /search) 2-127
2026-10-08 18:27:44,863 INFO o.a.j.t.JMeterThread: Thread started: Ticket intake (POST /tickets) 1-119
2026-10-08 18:27:47,922 INFO o.a.j.t.JMeterThread: Thread is done: Ticket intake (POST /tickets) 1-119
2026-10-08 18:27:47,922 INFO o.a.j.t.JMeterThread: Thread finished: Ticket intake (POST /tickets) 1-119
2026-10-08 18:27:50,221 INFO o.a.j.t.JMeterThread: Thread started: Ticket intake (POST /tickets) 1-120
2026-10-08 18:27:52,407 INFO o.a.j.t.JMeterThread: Thread is done: Ticket intake (POST /tickets) 1-120
2026-10-08 18:27:52,407 INFO o.a.j.t.JMeterThread: Thread finished: Ticket intake (POST /tickets) 1-120
2026-10-08 18:27:55,159 INFO o.a.j.t.JMeterThread: Thread started: Ticket intake (POST /tickets) 1-121
2026-10-08 18:27:56,259 INFO o.a.j.t.JMeterThread: Thread started: Agent searches (GET /search) 2-128
2026-10-08 18:27:56,462 INFO o.a.j.t.JMeterThread: Thread is done: Agent searches (GET /search) 2-128
2026-10-08 18:27:56,463 INFO o.a.j.t.JMeterThread: Thread finished: Agent searches (GET /search) 2-128
2026-10-08 18:27:57,643 INFO o.a.j.t.JMeterThread: Thread is done: Ticket intake (POST /tickets) 1-121
2026-10-08 18:27:57,643 INFO o.a.j.t.JMeterThread: Thread finished: Ticket intake (POST /tickets) 1-121
2026-10-08 18:27:58,338 INFO o.a.j.t.JMeterThread: Thread started: Ticket intake (POST /tickets) 1-122
2026-10-08 18:27:59,247 INFO o.a.j.t.JMeterThread: Thread started: Ticket intake (POST /tickets) 1-123
2026-10-08 18:28:02,850 INFO o.a.j.r.Summariser: summary +      5 in 00:00:27 =    0.2/s Avg:  2485 Min:   198 Max:  4508 Err:     0 (0.00%) Active: 2 Started: 251 Finished: 249
2026-10-08 18:28:02,850 INFO o.a.j.r.Summariser: summary =    250 in 00:19:50 =    0.2/s Avg:  2129 Min:    31 Max: 13260 Err:     0 (0.00%)
2026-10-08 18:28:02,850 INFO o.a.j.t.JMeterThread: Thread is done: Ticket intake (POST /tickets) 1-122
2026-10-08 18:28:02,850 INFO o.a.j.t.JMeterThread: Thread finished: Ticket intake (POST /tickets) 1-122
2026-10-08 18:28:03,440 INFO o.a.j.t.JMeterThread: Thread started: Ticket intake (POST /tickets) 1-124
2026-10-08 18:28:04,646 INFO o.a.j.t.JMeterThread: Thread is done: Ticket intake (POST /tickets) 1-123
2026-10-08 18:28:04,646 INFO o.a.j.t.JMeterThread: Thread finished: Ticket intake (POST /tickets) 1-123
2026-10-08 18:28:06,147 INFO o.a.j.t.JMeterThread: Thread started: Ticket intake (POST /tickets) 1-125
2026-10-08 18:28:08,281 INFO o.a.j.t.JMeterThread: Thread is done: Ticket intake (POST /tickets) 1-124
2026-10-08 18:28:08,281 INFO o.a.j.t.JMeterThread: Thread finished: Ticket intake (POST /tickets) 1-124
2026-10-08 18:28:09,435 INFO o.a.j.t.JMeterThread: Thread is done: Ticket intake (POST /tickets) 1-125
2026-10-08 18:28:09,436 INFO o.a.j.t.JMeterThread: Thread finished: Ticket intake (POST /tickets) 1-125
2026-10-08 18:28:10,580 INFO o.a.j.t.JMeterThread: Thread started: Ticket intake (POST /tickets) 1-126
2026-10-08 18:28:12,740 INFO o.a.j.t.JMeterThread: Thread is done: Ticket intake (POST /tickets) 1-126
2026-10-08 18:28:12,740 INFO o.a.j.t.JMeterThread: Thread finished: Ticket intake (POST /tickets) 1-126
2026-10-08 18:28:15,825 INFO o.a.j.t.JMeterThread: Thread started: Agent searches (GET /search) 2-129
2026-10-08 18:28:15,916 INFO o.a.j.t.JMeterThread: Thread is done: Agent searches (GET /search) 2-129
2026-10-08 18:28:15,916 INFO o.a.j.t.JMeterThread: Thread finished: Agent searches (GET /search) 2-129
2026-10-08 18:28:17,986 INFO o.a.j.t.JMeterThread: Thread started: Agent searches (GET /search) 2-130
2026-10-08 18:28:18,111 INFO o.a.j.t.JMeterThread: Thread is done: Agent searches (GET /search) 2-130
2026-10-08 18:28:18,111 INFO o.a.j.t.JMeterThread: Thread finished: Agent searches (GET /search) 2-130
2026-10-08 18:28:23,411 INFO o.a.j.t.JMeterThread: Thread started: Ticket intake (POST /tickets) 1-127
2026-10-08 18:28:24,743 INFO o.a.j.t.JMeterThread: Thread started: Ticket intake (POST /tickets) 1-128
2026-10-08 18:28:25,615 INFO o.a.j.t.JMeterThread: Thread is done: Ticket intake (POST /tickets) 1-127
2026-10-08 18:28:25,615 INFO o.a.j.t.JMeterThread: Thread finished: Ticket intake (POST /tickets) 1-127
2026-10-08 18:28:25,983 INFO o.a.j.t.JMeterThread: Thread started: Ticket intake (POST /tickets) 1-129
2026-10-08 18:28:26,843 INFO o.a.j.t.JMeterThread: Thread is done: Ticket intake (POST /tickets) 1-128
2026-10-08 18:28:26,843 INFO o.a.j.t.JMeterThread: Thread finished: Ticket intake (POST /tickets) 1-128
2026-10-08 18:28:28,655 INFO o.a.j.t.JMeterThread: Thread is done: Ticket intake (POST /tickets) 1-129
2026-10-08 18:28:28,655 INFO o.a.j.t.JMeterThread: Thread finished: Ticket intake (POST /tickets) 1-129
2026-10-08 18:28:28,731 INFO o.a.j.t.JMeterThread: Thread started: Agent searches (GET /search) 2-131
2026-10-08 18:28:28,922 INFO o.a.j.t.JMeterThread: Thread is done: Agent searches (GET /search) 2-131
2026-10-08 18:28:28,922 INFO o.a.j.t.JMeterThread: Thread finished: Agent searches (GET /search) 2-131
2026-10-08 18:28:31,103 INFO o.a.j.t.JMeterThread: Thread started: Agent searches (GET /search) 2-132
2026-10-08 18:28:31,194 INFO o.a.j.t.JMeterThread: Thread started: Ticket intake (POST /tickets) 1-130
2026-10-08 18:28:31,487 INFO o.a.j.r.Summariser: summary +     11 in 00:00:29 =    0.4/s Avg:  2129 Min:    88 Max:  5395 Err:     0 (0.00%) Active: 2 Started: 262 Finished: 260
2026-10-08 18:28:31,487 INFO o.a.j.r.Summariser: summary =    261 in 00:20:19 =    0.2/s Avg:  2129 Min:    31 Max: 13260 Err:     0 (0.00%)
2026-10-08 18:28:31,487 INFO o.a.j.t.JMeterThread: Thread is done: Agent searches (GET /search) 2-132
2026-10-08 18:28:31,487 INFO o.a.j.t.JMeterThread: Thread finished: Agent searches (GET /search) 2-132
2026-10-08 18:28:33,081 INFO o.a.j.t.JMeterThread: Thread is done: Ticket intake (POST /tickets) 1-130
2026-10-08 18:28:33,081 INFO o.a.j.t.JMeterThread: Thread finished: Ticket intake (POST /tickets) 1-130
2026-10-08 18:28:39,835 INFO o.a.j.t.JMeterThread: Thread started: Agent searches (GET /search) 2-133
2026-10-08 18:28:39,883 INFO o.a.j.t.JMeterThread: Thread is done: Agent searches (GET /search) 2-133
2026-10-08 18:28:39,883 INFO o.a.j.t.JMeterThread: Thread finished: Agent searches (GET /search) 2-133
2026-10-08 18:28:41,086 INFO o.a.j.t.JMeterThread: Thread started: Ticket intake (POST /tickets) 1-131
2026-10-08 18:28:44,491 INFO o.a.j.t.JMeterThread: Thread is done: Ticket intake (POST /tickets) 1-131
2026-10-08 18:28:44,491 INFO o.a.j.t.JMeterThread: Thread finished: Ticket intake (POST /tickets) 1-131
2026-10-08 18:28:47,866 INFO o.a.j.t.JMeterThread: Thread started: Agent searches (GET /search) 2-134
2026-10-08 18:28:48,175 INFO o.a.j.t.JMeterThread: Thread is done: Agent searches (GET /search) 2-134
2026-10-08 18:28:48,175 INFO o.a.j.t.JMeterThread: Thread finished: Agent searches (GET /search) 2-134
2026-10-08 18:28:50,798 INFO o.a.j.t.JMeterThread: Thread started: Ticket intake (POST /tickets) 1-132
2026-10-08 18:28:53,509 INFO o.a.j.t.JMeterThread: Thread started: Ticket intake (POST /tickets) 1-133
2026-10-08 18:28:53,795 INFO o.a.j.t.JMeterThread: Thread is done: Ticket intake (POST /tickets) 1-132
2026-10-08 18:28:53,795 INFO o.a.j.t.JMeterThread: Thread finished: Ticket intake (POST /tickets) 1-132
2026-10-08 18:28:54,379 INFO o.a.j.t.JMeterThread: Thread started: Agent searches (GET /search) 2-135
2026-10-08 18:28:54,623 INFO o.a.j.t.JMeterThread: Thread is done: Agent searches (GET /search) 2-135
2026-10-08 18:28:54,624 INFO o.a.j.t.JMeterThread: Thread finished: Agent searches (GET /search) 2-135
2026-10-08 18:28:55,466 INFO o.a.j.t.JMeterThread: Thread started: Ticket intake (POST /tickets) 1-134
2026-10-08 18:28:56,671 INFO o.a.j.t.JMeterThread: Thread is done: Ticket intake (POST /tickets) 1-133
2026-10-08 18:28:56,671 INFO o.a.j.t.JMeterThread: Thread finished: Ticket intake (POST /tickets) 1-133
2026-10-08 18:28:58,351 INFO o.a.j.t.JMeterThread: Thread started: Agent searches (GET /search) 2-136
2026-10-08 18:28:58,436 INFO o.a.j.t.JMeterThread: Thread is done: Agent searches (GET /search) 2-136
2026-10-08 18:28:58,436 INFO o.a.j.t.JMeterThread: Thread finished: Agent searches (GET /search) 2-136
2026-10-08 18:28:59,277 INFO o.a.j.t.JMeterThread: Thread is done: Ticket intake (POST /tickets) 1-134
2026-10-08 18:28:59,278 INFO o.a.j.t.JMeterThread: Thread finished: Ticket intake (POST /tickets) 1-134
2026-10-08 18:28:59,828 INFO o.a.j.t.JMeterThread: Thread started: Ticket intake (POST /tickets) 1-135
2026-10-08 18:29:02,014 INFO o.a.j.t.JMeterThread: Thread started: Ticket intake (POST /tickets) 1-136
2026-10-08 18:29:03,518 INFO o.a.j.r.Summariser: summary +     10 in 00:00:32 =    0.3/s Avg:  1960 Min:    46 Max:  3808 Err:     0 (0.00%) Active: 2 Started: 272 Finished: 270
2026-10-08 18:29:03,519 INFO o.a.j.r.Summariser: summary =    271 in 00:20:51 =    0.2/s Avg:  2122 Min:    31 Max: 13260 Err:     0 (0.00%)
2026-10-08 18:29:03,519 INFO o.a.j.t.JMeterThread: Thread is done: Ticket intake (POST /tickets) 1-135
2026-10-08 18:29:03,519 INFO o.a.j.t.JMeterThread: Thread finished: Ticket intake (POST /tickets) 1-135
2026-10-08 18:29:07,182 INFO o.a.j.t.JMeterThread: Thread started: Agent searches (GET /search) 2-137
2026-10-08 18:29:07,294 INFO o.a.j.t.JMeterThread: Thread is done: Agent searches (GET /search) 2-137
2026-10-08 18:29:07,294 INFO o.a.j.t.JMeterThread: Thread finished: Agent searches (GET /search) 2-137
2026-10-08 18:29:07,496 INFO o.a.j.t.JMeterThread: Thread is done: Ticket intake (POST /tickets) 1-136
2026-10-08 18:29:07,496 INFO o.a.j.t.JMeterThread: Thread finished: Ticket intake (POST /tickets) 1-136
2026-10-08 18:29:17,418 INFO o.a.j.t.JMeterThread: Thread started: Agent searches (GET /search) 2-138
2026-10-08 18:29:17,503 INFO o.a.j.t.JMeterThread: Thread is done: Agent searches (GET /search) 2-138
2026-10-08 18:29:17,503 INFO o.a.j.t.JMeterThread: Thread finished: Agent searches (GET /search) 2-138
2026-10-08 18:29:19,598 INFO o.a.j.t.JMeterThread: Thread started: Ticket intake (POST /tickets) 1-137
2026-10-08 18:29:21,441 INFO o.a.j.t.JMeterThread: Thread started: Ticket intake (POST /tickets) 1-138
2026-10-08 18:29:22,683 INFO o.a.j.t.JMeterThread: Thread is done: Ticket intake (POST /tickets) 1-137
2026-10-08 18:29:22,684 INFO o.a.j.t.JMeterThread: Thread finished: Ticket intake (POST /tickets) 1-137
2026-10-08 18:29:24,117 INFO o.a.j.t.JMeterThread: Thread is done: Ticket intake (POST /tickets) 1-138
2026-10-08 18:29:24,118 INFO o.a.j.t.JMeterThread: Thread finished: Ticket intake (POST /tickets) 1-138
2026-10-08 18:29:27,144 INFO o.a.j.t.JMeterThread: Thread started: Ticket intake (POST /tickets) 1-139
2026-10-08 18:29:30,943 INFO o.a.j.r.Summariser: summary +      6 in 00:00:27 =    0.2/s Avg:  2536 Min:    80 Max:  5480 Err:     0 (0.00%) Active: 1 Started: 277 Finished: 276
2026-10-08 18:29:30,943 INFO o.a.j.r.Summariser: summary =    277 in 00:21:19 =    0.2/s Avg:  2131 Min:    31 Max: 13260 Err:     0 (0.00%)
2026-10-08 18:29:30,944 INFO o.a.j.t.JMeterThread: Thread is done: Ticket intake (POST /tickets) 1-139
2026-10-08 18:29:30,944 INFO o.a.j.t.JMeterThread: Thread finished: Ticket intake (POST /tickets) 1-139
2026-10-08 18:29:33,085 INFO o.a.j.t.JMeterThread: Thread started: Agent searches (GET /search) 2-139
2026-10-08 18:29:33,276 INFO o.a.j.t.JMeterThread: Thread is done: Agent searches (GET /search) 2-139
2026-10-08 18:29:33,276 INFO o.a.j.t.JMeterThread: Thread finished: Agent searches (GET /search) 2-139
2026-10-08 18:29:34,622 INFO o.a.j.t.JMeterThread: Thread started: Ticket intake (POST /tickets) 1-140
2026-10-08 18:29:37,448 INFO o.a.j.t.JMeterThread: Thread started: Agent searches (GET /search) 2-140
2026-10-08 18:29:37,722 INFO o.a.j.t.JMeterThread: Thread is done: Agent searches (GET /search) 2-140
2026-10-08 18:29:37,722 INFO o.a.j.t.JMeterThread: Thread finished: Agent searches (GET /search) 2-140
2026-10-08 18:29:38,762 INFO o.a.j.t.JMeterThread: Thread is done: Ticket intake (POST /tickets) 1-140
2026-10-08 18:29:38,762 INFO o.a.j.t.JMeterThread: Thread finished: Ticket intake (POST /tickets) 1-140
2026-10-08 18:29:44,144 INFO o.a.j.t.JMeterThread: Thread started: Ticket intake (POST /tickets) 1-141
2026-10-08 18:29:46,662 INFO o.a.j.t.JMeterThread: Thread started: Agent searches (GET /search) 2-141
2026-10-08 18:29:46,792 INFO o.a.j.t.JMeterThread: Thread is done: Agent searches (GET /search) 2-141
2026-10-08 18:29:46,792 INFO o.a.j.t.JMeterThread: Thread finished: Agent searches (GET /search) 2-141
2026-10-08 18:29:47,212 INFO o.a.j.t.JMeterThread: Thread is done: Ticket intake (POST /tickets) 1-141
2026-10-08 18:29:47,212 INFO o.a.j.t.JMeterThread: Thread finished: Ticket intake (POST /tickets) 1-141
2026-10-08 18:29:49,001 INFO o.a.j.t.JMeterThread: Thread started: Ticket intake (POST /tickets) 1-142
2026-10-08 18:29:55,817 INFO o.a.j.t.JMeterThread: Thread started: Agent searches (GET /search) 2-142
2026-10-08 18:29:56,065 INFO o.a.j.t.JMeterThread: Thread is done: Agent searches (GET /search) 2-142
2026-10-08 18:29:56,065 INFO o.a.j.t.JMeterThread: Thread finished: Agent searches (GET /search) 2-142
2026-10-08 18:29:56,232 INFO o.a.j.t.JMeterThread: Thread started: Agent searches (GET /search) 2-143
2026-10-08 18:29:56,369 INFO o.a.j.t.JMeterThread: Thread is done: Agent searches (GET /search) 2-143
2026-10-08 18:29:56,369 INFO o.a.j.t.JMeterThread: Thread finished: Agent searches (GET /search) 2-143
2026-10-08 18:29:57,966 INFO o.a.j.t.JMeterThread: Thread is done: Ticket intake (POST /tickets) 1-142
2026-10-08 18:29:57,966 INFO o.a.j.t.JMeterThread: Thread finished: Ticket intake (POST /tickets) 1-142
2026-10-08 18:30:06,371 INFO o.a.j.t.JMeterThread: Thread started: Ticket intake (POST /tickets) 1-143
2026-10-08 18:30:07,264 INFO o.a.j.t.JMeterThread: Thread started: Ticket intake (POST /tickets) 1-144
2026-10-08 18:30:09,998 INFO o.a.j.t.JMeterThread: Thread started: Agent searches (GET /search) 2-144
2026-10-08 18:30:10,196 INFO o.a.j.t.JMeterThread: Thread is done: Ticket intake (POST /tickets) 1-143
2026-10-08 18:30:10,196 INFO o.a.j.t.JMeterThread: Thread finished: Ticket intake (POST /tickets) 1-143
2026-10-08 18:30:10,277 INFO o.a.j.t.JMeterThread: Thread is done: Agent searches (GET /search) 2-144
2026-10-08 18:30:10,277 INFO o.a.j.t.JMeterThread: Thread finished: Agent searches (GET /search) 2-144
2026-10-08 18:30:11,157 INFO o.a.j.t.JMeterThread: Thread started: Ticket intake (POST /tickets) 1-145
2026-10-08 18:30:12,573 INFO o.a.j.t.JMeterThread: Thread started: Ticket intake (POST /tickets) 1-146
2026-10-08 18:30:12,658 INFO o.a.j.t.JMeterThread: Thread is done: Ticket intake (POST /tickets) 1-144
2026-10-08 18:30:12,658 INFO o.a.j.t.JMeterThread: Thread finished: Ticket intake (POST /tickets) 1-144
2026-10-08 18:30:15,174 INFO o.a.j.t.JMeterThread: Thread is done: Ticket intake (POST /tickets) 1-145
2026-10-08 18:30:15,174 INFO o.a.j.t.JMeterThread: Thread finished: Ticket intake (POST /tickets) 1-145
2026-10-08 18:30:15,301 INFO o.a.j.t.JMeterThread: Thread started: Ticket intake (POST /tickets) 1-147
2026-10-08 18:30:16,638 INFO o.a.j.t.JMeterThread: Thread is done: Ticket intake (POST /tickets) 1-146
2026-10-08 18:30:16,638 INFO o.a.j.t.JMeterThread: Thread finished: Ticket intake (POST /tickets) 1-146
2026-10-08 18:30:17,278 INFO o.a.j.t.JMeterThread: Thread started: Ticket intake (POST /tickets) 1-148
2026-10-08 18:30:20,554 INFO o.a.j.t.JMeterThread: Thread started: Agent searches (GET /search) 2-145
2026-10-08 18:30:20,645 INFO o.a.j.t.JMeterThread: Thread is done: Ticket intake (POST /tickets) 1-147
2026-10-08 18:30:20,645 INFO o.a.j.t.JMeterThread: Thread finished: Ticket intake (POST /tickets) 1-147
2026-10-08 18:30:20,687 INFO o.a.j.t.JMeterThread: Thread is done: Agent searches (GET /search) 2-145
2026-10-08 18:30:20,687 INFO o.a.j.t.JMeterThread: Thread finished: Agent searches (GET /search) 2-145
2026-10-08 18:30:24,433 INFO o.a.j.t.JMeterThread: Thread is done: Ticket intake (POST /tickets) 1-148
2026-10-08 18:30:24,433 INFO o.a.j.t.JMeterThread: Thread finished: Ticket intake (POST /tickets) 1-148
2026-10-08 18:30:25,792 INFO o.a.j.t.JMeterThread: Thread started: Ticket intake (POST /tickets) 1-149
2026-10-08 18:30:27,458 INFO o.a.j.t.JMeterThread: Thread started: Ticket intake (POST /tickets) 1-150
2026-10-08 18:30:29,480 INFO o.a.j.t.JMeterThread: Thread started: Agent searches (GET /search) 2-146
2026-10-08 18:30:29,654 INFO o.a.j.t.JMeterThread: Thread is done: Agent searches (GET /search) 2-146
2026-10-08 18:30:29,655 INFO o.a.j.t.JMeterThread: Thread finished: Agent searches (GET /search) 2-146
2026-10-08 18:30:30,885 INFO o.a.j.r.Summariser: summary +     18 in 00:01:00 =    0.3/s Avg:  2921 Min:   127 Max:  8963 Err:     0 (0.00%) Active: 2 Started: 296 Finished: 294
2026-10-08 18:30:30,886 INFO o.a.j.r.Summariser: summary =    295 in 00:22:18 =    0.2/s Avg:  2180 Min:    31 Max: 13260 Err:     0 (0.00%)
2026-10-08 18:30:30,886 INFO o.a.j.t.JMeterThread: Thread is done: Ticket intake (POST /tickets) 1-149
2026-10-08 18:30:30,886 INFO o.a.j.t.JMeterThread: Thread finished: Ticket intake (POST /tickets) 1-149
2026-10-08 18:30:31,896 INFO o.a.j.t.JMeterThread: Thread started: Ticket intake (POST /tickets) 1-151
2026-10-08 18:30:33,477 INFO o.a.j.t.JMeterThread: Thread started: Ticket intake (POST /tickets) 1-152
2026-10-08 18:30:34,472 INFO o.a.j.t.JMeterThread: Thread is done: Ticket intake (POST /tickets) 1-150
2026-10-08 18:30:34,472 INFO o.a.j.t.JMeterThread: Thread finished: Ticket intake (POST /tickets) 1-150
2026-10-08 18:30:35,299 INFO o.a.j.t.JMeterThread: Thread started: Agent searches (GET /search) 2-147
2026-10-08 18:30:35,492 INFO o.a.j.t.JMeterThread: Thread is done: Agent searches (GET /search) 2-147
2026-10-08 18:30:35,492 INFO o.a.j.t.JMeterThread: Thread finished: Agent searches (GET /search) 2-147
2026-10-08 18:30:35,861 INFO o.a.j.t.JMeterThread: Thread started: Agent searches (GET /search) 2-148
2026-10-08 18:30:35,989 INFO o.a.j.t.JMeterThread: Thread is done: Agent searches (GET /search) 2-148
2026-10-08 18:30:35,989 INFO o.a.j.t.JMeterThread: Thread finished: Agent searches (GET /search) 2-148
2026-10-08 18:30:36,302 INFO o.a.j.t.JMeterThread: Thread is done: Ticket intake (POST /tickets) 1-151
2026-10-08 18:30:36,302 INFO o.a.j.t.JMeterThread: Thread finished: Ticket intake (POST /tickets) 1-151
2026-10-08 18:30:38,360 INFO o.a.j.t.JMeterThread: Thread is done: Ticket intake (POST /tickets) 1-152
2026-10-08 18:30:38,361 INFO o.a.j.t.JMeterThread: Thread finished: Ticket intake (POST /tickets) 1-152
2026-10-08 18:30:50,394 INFO o.a.j.t.JMeterThread: Thread started: Agent searches (GET /search) 2-149
2026-10-08 18:30:50,504 INFO o.a.j.t.JMeterThread: Thread is done: Agent searches (GET /search) 2-149
2026-10-08 18:30:50,504 INFO o.a.j.t.JMeterThread: Thread finished: Agent searches (GET /search) 2-149
2026-10-08 18:30:56,061 INFO o.a.j.t.JMeterThread: Thread started: Ticket intake (POST /tickets) 1-153
2026-10-08 18:30:58,349 INFO o.a.j.t.JMeterThread: Thread started: Agent searches (GET /search) 2-150
2026-10-08 18:30:58,636 INFO o.a.j.t.JMeterThread: Thread is done: Agent searches (GET /search) 2-150
2026-10-08 18:30:58,636 INFO o.a.j.t.JMeterThread: Thread finished: Agent searches (GET /search) 2-150
2026-10-08 18:31:00,031 INFO o.a.j.r.Summariser: summary +      8 in 00:00:29 =    0.3/s Avg:  2620 Min:   107 Max:  7011 Err:     0 (0.00%) Active: 1 Started: 303 Finished: 302
2026-10-08 18:31:00,031 INFO o.a.j.r.Summariser: summary =    303 in 00:22:48 =    0.2/s Avg:  2191 Min:    31 Max: 13260 Err:     0 (0.00%)
2026-10-08 18:31:00,031 INFO o.a.j.t.JMeterThread: Thread is done: Ticket intake (POST /tickets) 1-153
2026-10-08 18:31:00,032 INFO o.a.j.t.JMeterThread: Thread finished: Ticket intake (POST /tickets) 1-153
2026-10-08 18:31:17,332 INFO o.a.j.t.JMeterThread: Thread started: Ticket intake (POST /tickets) 1-154
2026-10-08 18:31:19,832 INFO o.a.j.t.JMeterThread: Thread is done: Ticket intake (POST /tickets) 1-154
2026-10-08 18:31:19,832 INFO o.a.j.t.JMeterThread: Thread finished: Ticket intake (POST /tickets) 1-154
2026-10-08 18:31:23,798 INFO o.a.j.t.JMeterThread: Thread started: Agent searches (GET /search) 2-151
2026-10-08 18:31:23,914 INFO o.a.j.t.JMeterThread: Thread is done: Agent searches (GET /search) 2-151
2026-10-08 18:31:23,914 INFO o.a.j.t.JMeterThread: Thread finished: Agent searches (GET /search) 2-151
2026-10-08 18:31:28,824 INFO o.a.j.t.JMeterThread: Thread started: Agent searches (GET /search) 2-152
2026-10-08 18:31:29,150 INFO o.a.j.t.JMeterThread: Thread is done: Agent searches (GET /search) 2-152
2026-10-08 18:31:29,150 INFO o.a.j.t.JMeterThread: Thread finished: Agent searches (GET /search) 2-152
2026-10-08 18:31:44,774 INFO o.a.j.t.JMeterThread: Thread started: Ticket intake (POST /tickets) 1-155
2026-10-08 18:31:46,760 INFO o.a.j.t.JMeterThread: Thread is done: Ticket intake (POST /tickets) 1-155
2026-10-08 18:31:46,760 INFO o.a.j.t.JMeterThread: Thread finished: Ticket intake (POST /tickets) 1-155
2026-10-08 18:31:47,678 INFO o.a.j.t.JMeterThread: Thread started: Ticket intake (POST /tickets) 1-156
2026-10-08 18:31:49,151 INFO o.a.j.t.JMeterThread: Thread started: Ticket intake (POST /tickets) 1-157
2026-10-08 18:31:49,319 INFO o.a.j.t.JMeterThread: Thread started: Ticket intake (POST /tickets) 1-158
2026-10-08 18:31:49,381 INFO o.a.j.t.JMeterThread: Thread is done: Ticket intake (POST /tickets) 1-156
2026-10-08 18:31:49,381 INFO o.a.j.t.JMeterThread: Thread finished: Ticket intake (POST /tickets) 1-156
2026-10-08 18:31:50,946 INFO o.a.j.t.JMeterThread: Thread started: Agent searches (GET /search) 2-153
2026-10-08 18:31:51,065 INFO o.a.j.t.JMeterThread: Thread is done: Agent searches (GET /search) 2-153
2026-10-08 18:31:51,065 INFO o.a.j.t.JMeterThread: Thread finished: Agent searches (GET /search) 2-153
2026-10-08 18:31:52,229 INFO o.a.j.t.JMeterThread: Thread is done: Ticket intake (POST /tickets) 1-157
2026-10-08 18:31:52,229 INFO o.a.j.t.JMeterThread: Thread finished: Ticket intake (POST /tickets) 1-157
2026-10-08 18:31:54,032 INFO o.a.j.t.JMeterThread: Thread is done: Ticket intake (POST /tickets) 1-158
2026-10-08 18:31:54,032 INFO o.a.j.t.JMeterThread: Thread finished: Ticket intake (POST /tickets) 1-158
2026-10-08 18:31:58,834 INFO o.a.j.t.JMeterThread: Thread started: Agent searches (GET /search) 2-154
2026-10-08 18:31:58,890 INFO o.a.j.t.JMeterThread: Thread is done: Agent searches (GET /search) 2-154
2026-10-08 18:31:58,890 INFO o.a.j.t.JMeterThread: Thread finished: Agent searches (GET /search) 2-154
2026-10-08 18:31:59,567 INFO o.a.j.t.JMeterThread: Thread started: Agent searches (GET /search) 2-155
2026-10-08 18:31:59,865 INFO o.a.j.t.JMeterThread: Thread is done: Agent searches (GET /search) 2-155
2026-10-08 18:31:59,865 INFO o.a.j.t.JMeterThread: Thread finished: Agent searches (GET /search) 2-155
2026-10-08 18:32:01,830 INFO o.a.j.t.JMeterThread: Thread started: Ticket intake (POST /tickets) 1-159
2026-10-08 18:32:02,927 INFO o.a.j.t.JMeterThread: Thread started: Agent searches (GET /search) 2-156
2026-10-08 18:32:03,090 INFO o.a.j.r.Summariser: summary +     11 in 00:01:03 =    0.2/s Avg:  1366 Min:    53 Max:  4710 Err:     0 (0.00%) Active: 2 Started: 315 Finished: 313
2026-10-08 18:32:03,090 INFO o.a.j.r.Summariser: summary =    314 in 00:23:51 =    0.2/s Avg:  2162 Min:    31 Max: 13260 Err:     0 (0.00%)
2026-10-08 18:32:03,091 INFO o.a.j.t.JMeterThread: Thread is done: Agent searches (GET /search) 2-156
2026-10-08 18:32:03,091 INFO o.a.j.t.JMeterThread: Thread finished: Agent searches (GET /search) 2-156
2026-10-08 18:32:03,767 INFO o.a.j.t.JMeterThread: Thread is done: Ticket intake (POST /tickets) 1-159
2026-10-08 18:32:03,768 INFO o.a.j.t.JMeterThread: Thread finished: Ticket intake (POST /tickets) 1-159
2026-10-08 18:32:04,414 INFO o.a.j.t.JMeterThread: Thread started: Agent searches (GET /search) 2-157
2026-10-08 18:32:04,687 INFO o.a.j.t.JMeterThread: Thread is done: Agent searches (GET /search) 2-157
2026-10-08 18:32:04,687 INFO o.a.j.t.JMeterThread: Thread finished: Agent searches (GET /search) 2-157
2026-10-08 18:32:05,761 INFO o.a.j.t.JMeterThread: Thread started: Ticket intake (POST /tickets) 1-160
2026-10-08 18:32:08,426 INFO o.a.j.t.JMeterThread: Thread is done: Ticket intake (POST /tickets) 1-160
2026-10-08 18:32:08,426 INFO o.a.j.t.JMeterThread: Thread finished: Ticket intake (POST /tickets) 1-160
2026-10-08 18:32:08,642 INFO o.a.j.t.JMeterThread: Thread started: Ticket intake (POST /tickets) 1-161
2026-10-08 18:32:12,400 INFO o.a.j.t.JMeterThread: Thread started: Ticket intake (POST /tickets) 1-162
2026-10-08 18:32:13,917 INFO o.a.j.t.JMeterThread: Thread started: Agent searches (GET /search) 2-158
2026-10-08 18:32:14,166 INFO o.a.j.t.JMeterThread: Thread is done: Agent searches (GET /search) 2-158
2026-10-08 18:32:14,166 INFO o.a.j.t.JMeterThread: Thread finished: Agent searches (GET /search) 2-158
2026-10-08 18:32:14,776 INFO o.a.j.t.JMeterThread: Thread is done: Ticket intake (POST /tickets) 1-161
2026-10-08 18:32:14,776 INFO o.a.j.t.JMeterThread: Thread finished: Ticket intake (POST /tickets) 1-161
2026-10-08 18:32:18,600 INFO o.a.j.t.JMeterThread: Thread is done: Ticket intake (POST /tickets) 1-162
2026-10-08 18:32:18,600 INFO o.a.j.t.JMeterThread: Thread finished: Ticket intake (POST /tickets) 1-162
2026-10-08 18:32:18,670 INFO o.a.j.t.JMeterThread: Thread started: Ticket intake (POST /tickets) 1-163
2026-10-08 18:32:20,611 INFO o.a.j.t.JMeterThread: Thread is done: Ticket intake (POST /tickets) 1-163
2026-10-08 18:32:20,611 INFO o.a.j.t.JMeterThread: Thread finished: Ticket intake (POST /tickets) 1-163
2026-10-08 18:32:22,060 INFO o.a.j.t.JMeterThread: Thread started: Ticket intake (POST /tickets) 1-164
2026-10-08 18:32:24,287 INFO o.a.j.t.JMeterThread: Thread started: Ticket intake (POST /tickets) 1-165
2026-10-08 18:32:25,206 INFO o.a.j.t.JMeterThread: Thread is done: Ticket intake (POST /tickets) 1-164
2026-10-08 18:32:25,206 INFO o.a.j.t.JMeterThread: Thread finished: Ticket intake (POST /tickets) 1-164
2026-10-08 18:32:27,667 INFO o.a.j.t.JMeterThread: Thread started: Ticket intake (POST /tickets) 1-166
2026-10-08 18:32:27,830 INFO o.a.j.t.JMeterThread: Thread is done: Ticket intake (POST /tickets) 1-165
2026-10-08 18:32:27,830 INFO o.a.j.t.JMeterThread: Thread finished: Ticket intake (POST /tickets) 1-165
2026-10-08 18:32:30,688 INFO o.a.j.r.Summariser: summary +     10 in 00:00:28 =    0.4/s Avg:  2907 Min:   246 Max:  6197 Err:     0 (0.00%) Active: 1 Started: 324 Finished: 323
2026-10-08 18:32:30,689 INFO o.a.j.r.Summariser: summary =    324 in 00:24:18 =    0.2/s Avg:  2185 Min:    31 Max: 13260 Err:     0 (0.00%)
2026-10-08 18:32:30,689 INFO o.a.j.t.JMeterThread: Thread is done: Ticket intake (POST /tickets) 1-166
2026-10-08 18:32:30,689 INFO o.a.j.t.JMeterThread: Thread finished: Ticket intake (POST /tickets) 1-166
2026-10-08 18:32:31,593 INFO o.a.j.t.JMeterThread: Thread started: Agent searches (GET /search) 2-159
2026-10-08 18:32:31,912 INFO o.a.j.t.JMeterThread: Thread is done: Agent searches (GET /search) 2-159
2026-10-08 18:32:31,912 INFO o.a.j.t.JMeterThread: Thread finished: Agent searches (GET /search) 2-159
2026-10-08 18:32:32,318 INFO o.a.j.t.JMeterThread: Thread started: Ticket intake (POST /tickets) 1-167
2026-10-08 18:32:36,324 INFO o.a.j.t.JMeterThread: Thread is done: Ticket intake (POST /tickets) 1-167
2026-10-08 18:32:36,324 INFO o.a.j.t.JMeterThread: Thread finished: Ticket intake (POST /tickets) 1-167
2026-10-08 18:32:37,412 INFO o.a.j.t.JMeterThread: Thread started: Agent searches (GET /search) 2-160
2026-10-08 18:32:37,555 INFO o.a.j.t.JMeterThread: Thread is done: Agent searches (GET /search) 2-160
2026-10-08 18:32:37,555 INFO o.a.j.t.JMeterThread: Thread finished: Agent searches (GET /search) 2-160
2026-10-08 18:32:39,013 INFO o.a.j.t.JMeterThread: Thread started: Ticket intake (POST /tickets) 1-168
2026-10-08 18:32:42,389 INFO o.a.j.t.JMeterThread: Thread started: Agent searches (GET /search) 2-161
2026-10-08 18:32:42,570 INFO o.a.j.t.JMeterThread: Thread is done: Agent searches (GET /search) 2-161
2026-10-08 18:32:42,570 INFO o.a.j.t.JMeterThread: Thread finished: Agent searches (GET /search) 2-161
2026-10-08 18:32:42,867 INFO o.a.j.t.JMeterThread: Thread is done: Ticket intake (POST /tickets) 1-168
2026-10-08 18:32:42,867 INFO o.a.j.t.JMeterThread: Thread finished: Ticket intake (POST /tickets) 1-168
2026-10-08 18:32:43,110 INFO o.a.j.t.JMeterThread: Thread started: Ticket intake (POST /tickets) 1-169
2026-10-08 18:32:44,851 INFO o.a.j.t.JMeterThread: Thread is done: Ticket intake (POST /tickets) 1-169
2026-10-08 18:32:44,851 INFO o.a.j.t.JMeterThread: Thread finished: Ticket intake (POST /tickets) 1-169
2026-10-08 18:32:50,701 INFO o.a.j.t.JMeterThread: Thread started: Ticket intake (POST /tickets) 1-170
2026-10-08 18:32:52,753 INFO o.a.j.t.JMeterThread: Thread is done: Ticket intake (POST /tickets) 1-170
2026-10-08 18:32:52,753 INFO o.a.j.t.JMeterThread: Thread finished: Ticket intake (POST /tickets) 1-170
2026-10-08 18:32:54,135 INFO o.a.j.t.JMeterThread: Thread started: Ticket intake (POST /tickets) 1-171
2026-10-08 18:32:54,162 INFO o.a.j.t.JMeterThread: Thread started: Agent searches (GET /search) 2-162
2026-10-08 18:32:54,313 INFO o.a.j.t.JMeterThread: Thread is done: Agent searches (GET /search) 2-162
2026-10-08 18:32:54,313 INFO o.a.j.t.JMeterThread: Thread finished: Agent searches (GET /search) 2-162
2026-10-08 18:32:54,994 INFO o.a.j.t.JMeterThread: Thread started: Ticket intake (POST /tickets) 1-172
2026-10-08 18:32:56,950 INFO o.a.j.t.JMeterThread: Thread is done: Ticket intake (POST /tickets) 1-171
2026-10-08 18:32:56,951 INFO o.a.j.t.JMeterThread: Thread finished: Ticket intake (POST /tickets) 1-171
2026-10-08 18:32:58,413 INFO o.a.j.t.JMeterThread: Thread started: Agent searches (GET /search) 2-163
2026-10-08 18:32:58,504 INFO o.a.j.t.JMeterThread: Thread is done: Agent searches (GET /search) 2-163
2026-10-08 18:32:58,505 INFO o.a.j.t.JMeterThread: Thread finished: Agent searches (GET /search) 2-163
2026-10-08 18:32:59,967 INFO o.a.j.t.JMeterThread: Thread is done: Ticket intake (POST /tickets) 1-172
2026-10-08 18:32:59,967 INFO o.a.j.t.JMeterThread: Thread finished: Ticket intake (POST /tickets) 1-172
2026-10-08 18:33:05,336 INFO o.a.j.t.JMeterThread: Thread started: Agent searches (GET /search) 2-164
2026-10-08 18:33:05,409 INFO o.a.j.r.Summariser: summary +     12 in 00:00:35 =    0.3/s Avg:  1697 Min:    70 Max:  4970 Err:     0 (0.00%) Active: 1 Started: 336 Finished: 335
2026-10-08 18:33:05,410 INFO o.a.j.r.Summariser: summary =    336 in 00:24:53 =    0.2/s Avg:  2168 Min:    31 Max: 13260 Err:     0 (0.00%)
2026-10-08 18:33:05,410 INFO o.a.j.t.JMeterThread: Thread is done: Agent searches (GET /search) 2-164
2026-10-08 18:33:05,410 INFO o.a.j.t.JMeterThread: Thread finished: Agent searches (GET /search) 2-164
2026-10-08 18:33:11,681 INFO o.a.j.t.JMeterThread: Thread started: Agent searches (GET /search) 2-165
2026-10-08 18:33:12,064 INFO o.a.j.t.JMeterThread: Thread is done: Agent searches (GET /search) 2-165
2026-10-08 18:33:12,065 INFO o.a.j.t.JMeterThread: Thread finished: Agent searches (GET /search) 2-165
2026-10-08 18:33:13,026 INFO o.a.j.t.JMeterThread: Thread started: Ticket intake (POST /tickets) 1-173
2026-10-08 18:33:13,430 INFO o.a.j.t.JMeterThread: Thread started: Agent searches (GET /search) 2-166
2026-10-08 18:33:14,006 INFO o.a.j.t.JMeterThread: Thread is done: Agent searches (GET /search) 2-166
2026-10-08 18:33:14,007 INFO o.a.j.t.JMeterThread: Thread finished: Agent searches (GET /search) 2-166
2026-10-08 18:33:16,043 INFO o.a.j.t.JMeterThread: Thread is done: Ticket intake (POST /tickets) 1-173
2026-10-08 18:33:16,043 INFO o.a.j.t.JMeterThread: Thread finished: Ticket intake (POST /tickets) 1-173
2026-10-08 18:33:23,823 INFO o.a.j.t.JMeterThread: Thread started: Agent searches (GET /search) 2-167
2026-10-08 18:33:23,932 INFO o.a.j.t.JMeterThread: Thread is done: Agent searches (GET /search) 2-167
2026-10-08 18:33:23,932 INFO o.a.j.t.JMeterThread: Thread finished: Agent searches (GET /search) 2-167
2026-10-08 18:33:26,072 INFO o.a.j.t.JMeterThread: Thread started: Agent searches (GET /search) 2-168
2026-10-08 18:33:26,137 INFO o.a.j.t.JMeterThread: Thread is done: Agent searches (GET /search) 2-168
2026-10-08 18:33:26,137 INFO o.a.j.t.JMeterThread: Thread finished: Agent searches (GET /search) 2-168
2026-10-08 18:33:27,570 INFO o.a.j.t.JMeterThread: Thread started: Ticket intake (POST /tickets) 1-174
2026-10-08 18:33:29,299 INFO o.a.j.t.JMeterThread: Thread started: Agent searches (GET /search) 2-169
2026-10-08 18:33:29,474 INFO o.a.j.t.JMeterThread: Thread is done: Agent searches (GET /search) 2-169
2026-10-08 18:33:29,474 INFO o.a.j.t.JMeterThread: Thread finished: Agent searches (GET /search) 2-169
2026-10-08 18:33:30,492 INFO o.a.j.r.Summariser: summary +      7 in 00:00:25 =    0.3/s Avg:  1032 Min:    63 Max:  3013 Err:     0 (0.00%) Active: 1 Started: 343 Finished: 342
2026-10-08 18:33:30,492 INFO o.a.j.r.Summariser: summary =    343 in 00:25:18 =    0.2/s Avg:  2145 Min:    31 Max: 13260 Err:     0 (0.00%)
2026-10-08 18:33:30,492 INFO o.a.j.t.JMeterThread: Thread is done: Ticket intake (POST /tickets) 1-174
2026-10-08 18:33:30,492 INFO o.a.j.t.JMeterThread: Thread finished: Ticket intake (POST /tickets) 1-174
2026-10-08 18:33:33,446 INFO o.a.j.t.JMeterThread: Thread started: Agent searches (GET /search) 2-170
2026-10-08 18:33:33,534 INFO o.a.j.t.JMeterThread: Thread is done: Agent searches (GET /search) 2-170
2026-10-08 18:33:33,534 INFO o.a.j.t.JMeterThread: Thread finished: Agent searches (GET /search) 2-170
2026-10-08 18:33:39,497 INFO o.a.j.t.JMeterThread: Thread started: Agent searches (GET /search) 2-171
2026-10-08 18:33:39,769 INFO o.a.j.t.JMeterThread: Thread is done: Agent searches (GET /search) 2-171
2026-10-08 18:33:39,769 INFO o.a.j.t.JMeterThread: Thread finished: Agent searches (GET /search) 2-171
2026-10-08 18:33:45,474 INFO o.a.j.t.JMeterThread: Thread started: Agent searches (GET /search) 2-172
2026-10-08 18:33:45,744 INFO o.a.j.t.JMeterThread: Thread is done: Agent searches (GET /search) 2-172
2026-10-08 18:33:45,744 INFO o.a.j.t.JMeterThread: Thread finished: Agent searches (GET /search) 2-172
2026-10-08 18:33:46,991 INFO o.a.j.t.JMeterThread: Thread started: Ticket intake (POST /tickets) 1-175
2026-10-08 18:33:48,157 INFO o.a.j.t.JMeterThread: Thread started: Agent searches (GET /search) 2-173
2026-10-08 18:33:48,317 INFO o.a.j.t.JMeterThread: Thread is done: Agent searches (GET /search) 2-173
2026-10-08 18:33:48,318 INFO o.a.j.t.JMeterThread: Thread finished: Agent searches (GET /search) 2-173
2026-10-08 18:33:49,807 INFO o.a.j.t.JMeterThread: Thread is done: Ticket intake (POST /tickets) 1-175
2026-10-08 18:33:49,807 INFO o.a.j.t.JMeterThread: Thread finished: Ticket intake (POST /tickets) 1-175
2026-10-08 18:33:51,875 INFO o.a.j.t.JMeterThread: Thread started: Ticket intake (POST /tickets) 1-176
2026-10-08 18:33:54,810 INFO o.a.j.t.JMeterThread: Thread is done: Ticket intake (POST /tickets) 1-176
2026-10-08 18:33:54,811 INFO o.a.j.t.JMeterThread: Thread finished: Ticket intake (POST /tickets) 1-176
2026-10-08 18:33:58,156 INFO o.a.j.t.JMeterThread: Thread started: Agent searches (GET /search) 2-174
2026-10-08 18:33:58,323 INFO o.a.j.t.JMeterThread: Thread is done: Agent searches (GET /search) 2-174
2026-10-08 18:33:58,323 INFO o.a.j.t.JMeterThread: Thread finished: Agent searches (GET /search) 2-174
2026-10-08 18:34:00,799 INFO o.a.j.t.JMeterThread: Thread started: Ticket intake (POST /tickets) 1-177
2026-10-08 18:34:02,019 INFO o.a.j.t.JMeterThread: Thread started: Ticket intake (POST /tickets) 1-178
2026-10-08 18:34:02,983 INFO o.a.j.t.JMeterThread: Thread started: Agent searches (GET /search) 2-175
2026-10-08 18:34:03,118 INFO o.a.j.r.Summariser: summary +      8 in 00:00:33 =    0.2/s Avg:   852 Min:    82 Max:  2933 Err:     0 (0.00%) Active: 3 Started: 353 Finished: 350
2026-10-08 18:34:03,118 INFO o.a.j.r.Summariser: summary =    351 in 00:25:51 =    0.2/s Avg:  2115 Min:    31 Max: 13260 Err:     0 (0.00%)
2026-10-08 18:34:03,118 INFO o.a.j.t.JMeterThread: Thread is done: Agent searches (GET /search) 2-175
2026-10-08 18:34:03,118 INFO o.a.j.t.JMeterThread: Thread finished: Agent searches (GET /search) 2-175
2026-10-08 18:34:03,432 INFO o.a.j.t.JMeterThread: Thread is done: Ticket intake (POST /tickets) 1-177
2026-10-08 18:34:03,433 INFO o.a.j.t.JMeterThread: Thread finished: Ticket intake (POST /tickets) 1-177
2026-10-08 18:34:05,132 INFO o.a.j.t.JMeterThread: Thread started: Agent searches (GET /search) 2-176
2026-10-08 18:34:05,284 INFO o.a.j.t.JMeterThread: Thread is done: Agent searches (GET /search) 2-176
2026-10-08 18:34:05,284 INFO o.a.j.t.JMeterThread: Thread finished: Agent searches (GET /search) 2-176
2026-10-08 18:34:07,216 INFO o.a.j.t.JMeterThread: Thread is done: Ticket intake (POST /tickets) 1-178
2026-10-08 18:34:07,216 INFO o.a.j.t.JMeterThread: Thread finished: Ticket intake (POST /tickets) 1-178
2026-10-08 18:34:13,936 INFO o.a.j.t.JMeterThread: Thread started: Agent searches (GET /search) 2-177
2026-10-08 18:34:14,094 INFO o.a.j.t.JMeterThread: Thread is done: Agent searches (GET /search) 2-177
2026-10-08 18:34:14,094 INFO o.a.j.t.JMeterThread: Thread finished: Agent searches (GET /search) 2-177
2026-10-08 18:34:14,153 INFO o.a.j.t.JMeterThread: Thread started: Ticket intake (POST /tickets) 1-179
2026-10-08 18:34:17,094 INFO o.a.j.t.JMeterThread: Thread started: Ticket intake (POST /tickets) 1-180
2026-10-08 18:34:17,804 INFO o.a.j.t.JMeterThread: Thread is done: Ticket intake (POST /tickets) 1-179
2026-10-08 18:34:17,804 INFO o.a.j.t.JMeterThread: Thread finished: Ticket intake (POST /tickets) 1-179
2026-10-08 18:34:20,897 INFO o.a.j.t.JMeterThread: Thread started: Ticket intake (POST /tickets) 1-181
2026-10-08 18:34:22,311 INFO o.a.j.t.JMeterThread: Thread is done: Ticket intake (POST /tickets) 1-180
2026-10-08 18:34:22,312 INFO o.a.j.t.JMeterThread: Thread finished: Ticket intake (POST /tickets) 1-180
2026-10-08 18:34:24,565 INFO o.a.j.t.JMeterThread: Thread is done: Ticket intake (POST /tickets) 1-181
2026-10-08 18:34:24,566 INFO o.a.j.t.JMeterThread: Thread finished: Ticket intake (POST /tickets) 1-181
2026-10-08 18:34:24,815 INFO o.a.j.t.JMeterThread: Thread started: Agent searches (GET /search) 2-178
2026-10-08 18:34:24,946 INFO o.a.j.t.JMeterThread: Thread is done: Agent searches (GET /search) 2-178
2026-10-08 18:34:24,946 INFO o.a.j.t.JMeterThread: Thread finished: Agent searches (GET /search) 2-178
2026-10-08 18:34:28,770 INFO o.a.j.t.JMeterThread: Thread started: Agent searches (GET /search) 2-179
2026-10-08 18:34:28,908 INFO o.a.j.t.JMeterThread: Thread is done: Agent searches (GET /search) 2-179
2026-10-08 18:34:28,908 INFO o.a.j.t.JMeterThread: Thread finished: Agent searches (GET /search) 2-179
2026-10-08 18:34:32,233 INFO o.a.j.t.JMeterThread: Thread started: Ticket intake (POST /tickets) 1-182
2026-10-08 18:34:35,008 INFO o.a.j.r.Summariser: summary +     10 in 00:00:32 =    0.3/s Avg:  2368 Min:   127 Max:  5214 Err:     0 (0.00%) Active: 1 Started: 361 Finished: 360
2026-10-08 18:34:35,008 INFO o.a.j.r.Summariser: summary =    361 in 00:26:23 =    0.2/s Avg:  2122 Min:    31 Max: 13260 Err:     0 (0.00%)
2026-10-08 18:34:35,009 INFO o.a.j.t.JMeterThread: Thread is done: Ticket intake (POST /tickets) 1-182
2026-10-08 18:34:35,009 INFO o.a.j.t.JMeterThread: Thread finished: Ticket intake (POST /tickets) 1-182
2026-10-08 18:34:36,056 INFO o.a.j.t.JMeterThread: Thread started: Ticket intake (POST /tickets) 1-183
2026-10-08 18:34:36,164 INFO o.a.j.t.JMeterThread: Thread started: Ticket intake (POST /tickets) 1-184
2026-10-08 18:34:36,745 INFO o.a.j.t.JMeterThread: Thread started: Agent searches (GET /search) 2-180
2026-10-08 18:34:36,910 INFO o.a.j.t.JMeterThread: Thread is done: Agent searches (GET /search) 2-180
2026-10-08 18:34:36,910 INFO o.a.j.t.JMeterThread: Thread finished: Agent searches (GET /search) 2-180
2026-10-08 18:34:38,749 INFO o.a.j.t.JMeterThread: Thread started: Ticket intake (POST /tickets) 1-185
2026-10-08 18:34:38,802 INFO o.a.j.t.JMeterThread: Thread is done: Ticket intake (POST /tickets) 1-183
2026-10-08 18:34:38,802 INFO o.a.j.t.JMeterThread: Thread finished: Ticket intake (POST /tickets) 1-183
2026-10-08 18:34:40,647 INFO o.a.j.t.JMeterThread: Thread is done: Ticket intake (POST /tickets) 1-184
2026-10-08 18:34:40,647 INFO o.a.j.t.JMeterThread: Thread finished: Ticket intake (POST /tickets) 1-184
2026-10-08 18:34:40,754 INFO o.a.j.t.JMeterThread: Thread started: Ticket intake (POST /tickets) 1-186
2026-10-08 18:34:43,404 INFO o.a.j.t.JMeterThread: Thread is done: Ticket intake (POST /tickets) 1-185
2026-10-08 18:34:43,405 INFO o.a.j.t.JMeterThread: Thread finished: Ticket intake (POST /tickets) 1-185
2026-10-08 18:34:45,035 INFO o.a.j.t.JMeterThread: Thread is done: Ticket intake (POST /tickets) 1-186
2026-10-08 18:34:45,035 INFO o.a.j.t.JMeterThread: Thread finished: Ticket intake (POST /tickets) 1-186
2026-10-08 18:34:53,729 INFO o.a.j.t.JMeterThread: Thread started: Agent searches (GET /search) 2-181
2026-10-08 18:34:53,851 INFO o.a.j.t.JMeterThread: Thread is done: Agent searches (GET /search) 2-181
2026-10-08 18:34:53,851 INFO o.a.j.t.JMeterThread: Thread finished: Agent searches (GET /search) 2-181
2026-10-08 18:34:57,019 INFO o.a.j.t.JMeterThread: Thread started: Ticket intake (POST /tickets) 1-187
2026-10-08 18:34:58,220 INFO o.a.j.t.JMeterThread: Thread started: Agent searches (GET /search) 2-182
2026-10-08 18:34:58,355 INFO o.a.j.t.JMeterThread: Thread started: Ticket intake (POST /tickets) 1-188
2026-10-08 18:34:58,515 INFO o.a.j.t.JMeterThread: Thread is done: Agent searches (GET /search) 2-182
2026-10-08 18:34:58,515 INFO o.a.j.t.JMeterThread: Thread finished: Agent searches (GET /search) 2-182
2026-10-08 18:34:59,804 INFO o.a.j.t.JMeterThread: Thread started: Ticket intake (POST /tickets) 1-189
2026-10-08 18:35:01,930 INFO o.a.j.r.Summariser: summary +      8 in 00:00:27 =    0.3/s Avg:  2704 Min:   118 Max:  4908 Err:     0 (0.00%) Active: 3 Started: 371 Finished: 368
2026-10-08 18:35:01,930 INFO o.a.j.r.Summariser: summary =    369 in 00:26:49 =    0.2/s Avg:  2135 Min:    31 Max: 13260 Err:     0 (0.00%)
2026-10-08 18:35:01,931 INFO o.a.j.t.JMeterThread: Thread is done: Ticket intake (POST /tickets) 1-187
2026-10-08 18:35:01,931 INFO o.a.j.t.JMeterThread: Thread finished: Ticket intake (POST /tickets) 1-187
2026-10-08 18:35:03,583 INFO o.a.j.t.JMeterThread: Thread started: Agent searches (GET /search) 2-183
2026-10-08 18:35:03,919 INFO o.a.j.t.JMeterThread: Thread is done: Agent searches (GET /search) 2-183
2026-10-08 18:35:03,919 INFO o.a.j.t.JMeterThread: Thread finished: Agent searches (GET /search) 2-183
2026-10-08 18:35:04,731 INFO o.a.j.t.JMeterThread: Thread started: Agent searches (GET /search) 2-184
2026-10-08 18:35:04,888 INFO o.a.j.t.JMeterThread: Thread started: Agent searches (GET /search) 2-185
2026-10-08 18:35:04,956 INFO o.a.j.t.JMeterThread: Thread is done: Agent searches (GET /search) 2-184
2026-10-08 18:35:04,956 INFO o.a.j.t.JMeterThread: Thread finished: Agent searches (GET /search) 2-184
2026-10-08 18:35:05,016 INFO o.a.j.t.JMeterThread: Thread is done: Agent searches (GET /search) 2-185
2026-10-08 18:35:05,017 INFO o.a.j.t.JMeterThread: Thread finished: Agent searches (GET /search) 2-185
2026-10-08 18:35:05,815 INFO o.a.j.t.JMeterThread: Thread started: Ticket intake (POST /tickets) 1-190
2026-10-08 18:35:07,609 INFO o.a.j.t.JMeterThread: Thread is done: Ticket intake (POST /tickets) 1-188
2026-10-08 18:35:07,609 INFO o.a.j.t.JMeterThread: Thread finished: Ticket intake (POST /tickets) 1-188
2026-10-08 18:35:10,600 INFO o.a.j.t.JMeterThread: Thread is done: Ticket intake (POST /tickets) 1-189
2026-10-08 18:35:10,600 INFO o.a.j.t.JMeterThread: Thread finished: Ticket intake (POST /tickets) 1-189
2026-10-08 18:35:11,873 INFO o.a.j.t.JMeterThread: Thread is done: Ticket intake (POST /tickets) 1-190
2026-10-08 18:35:11,873 INFO o.a.j.t.JMeterThread: Thread finished: Ticket intake (POST /tickets) 1-190
2026-10-08 18:35:13,447 INFO o.a.j.t.JMeterThread: Thread started: Ticket intake (POST /tickets) 1-191
2026-10-08 18:35:15,852 INFO o.a.j.t.JMeterThread: Thread is done: Ticket intake (POST /tickets) 1-191
2026-10-08 18:35:15,852 INFO o.a.j.t.JMeterThread: Thread finished: Ticket intake (POST /tickets) 1-191
2026-10-08 18:35:16,078 INFO o.a.j.t.JMeterThread: Thread started: Ticket intake (POST /tickets) 1-192
2026-10-08 18:35:17,799 INFO o.a.j.t.JMeterThread: Thread is done: Ticket intake (POST /tickets) 1-192
2026-10-08 18:35:17,799 INFO o.a.j.t.JMeterThread: Thread finished: Ticket intake (POST /tickets) 1-192
2026-10-08 18:35:18,662 INFO o.a.j.t.JMeterThread: Thread started: Ticket intake (POST /tickets) 1-193
2026-10-08 18:35:19,003 INFO o.a.j.t.JMeterThread: Thread started: Ticket intake (POST /tickets) 1-194
2026-10-08 18:35:20,471 INFO o.a.j.t.JMeterThread: Thread is done: Ticket intake (POST /tickets) 1-193
2026-10-08 18:35:20,471 INFO o.a.j.t.JMeterThread: Thread finished: Ticket intake (POST /tickets) 1-193
2026-10-08 18:35:22,526 INFO o.a.j.t.JMeterThread: Thread is done: Ticket intake (POST /tickets) 1-194
2026-10-08 18:35:22,526 INFO o.a.j.t.JMeterThread: Thread finished: Ticket intake (POST /tickets) 1-194
2026-10-08 18:35:23,520 INFO o.a.j.t.JMeterThread: Thread started: Agent searches (GET /search) 2-186
2026-10-08 18:35:23,751 INFO o.a.j.t.JMeterThread: Thread is done: Agent searches (GET /search) 2-186
2026-10-08 18:35:23,751 INFO o.a.j.t.JMeterThread: Thread finished: Agent searches (GET /search) 2-186
2026-10-08 18:35:24,202 INFO o.a.j.t.JMeterThread: Thread started: Ticket intake (POST /tickets) 1-195
2026-10-08 18:35:29,155 INFO o.a.j.t.JMeterThread: Thread started: Agent searches (GET /search) 2-187
2026-10-08 18:35:29,213 INFO o.a.j.t.JMeterThread: Thread started: Ticket intake (POST /tickets) 1-196
2026-10-08 18:35:29,491 INFO o.a.j.t.JMeterThread: Thread is done: Agent searches (GET /search) 2-187
2026-10-08 18:35:29,491 INFO o.a.j.t.JMeterThread: Thread finished: Agent searches (GET /search) 2-187
2026-10-08 18:35:29,896 INFO o.a.j.t.JMeterThread: Thread is done: Ticket intake (POST /tickets) 1-195
2026-10-08 18:35:29,896 INFO o.a.j.t.JMeterThread: Thread finished: Ticket intake (POST /tickets) 1-195
2026-10-08 18:35:32,243 INFO o.a.j.r.Summariser: summary +     14 in 00:00:30 =    0.5/s Avg:  3250 Min:   126 Max: 10792 Err:     0 (0.00%) Active: 1 Started: 383 Finished: 382
2026-10-08 18:35:32,243 INFO o.a.j.r.Summariser: summary =    383 in 00:27:20 =    0.2/s Avg:  2176 Min:    31 Max: 13260 Err:     0 (0.00%)
2026-10-08 18:35:32,243 INFO o.a.j.t.JMeterThread: Thread is done: Ticket intake (POST /tickets) 1-196
2026-10-08 18:35:32,243 INFO o.a.j.t.JMeterThread: Thread finished: Ticket intake (POST /tickets) 1-196
2026-10-08 18:35:34,956 INFO o.a.j.t.JMeterThread: Thread started: Agent searches (GET /search) 2-188
2026-10-08 18:35:35,123 INFO o.a.j.t.JMeterThread: Thread is done: Agent searches (GET /search) 2-188
2026-10-08 18:35:35,123 INFO o.a.j.t.JMeterThread: Thread finished: Agent searches (GET /search) 2-188
2026-10-08 18:35:37,644 INFO o.a.j.t.JMeterThread: Thread started: Ticket intake (POST /tickets) 1-197
2026-10-08 18:35:38,064 INFO o.a.j.t.JMeterThread: Thread started: Ticket intake (POST /tickets) 1-198
2026-10-08 18:35:39,021 INFO o.a.j.t.JMeterThread: Thread started: Agent searches (GET /search) 2-189
2026-10-08 18:35:39,508 INFO o.a.j.t.JMeterThread: Thread is done: Agent searches (GET /search) 2-189
2026-10-08 18:35:39,508 INFO o.a.j.t.JMeterThread: Thread finished: Agent searches (GET /search) 2-189
2026-10-08 18:35:40,259 INFO o.a.j.t.JMeterThread: Thread started: Ticket intake (POST /tickets) 1-199
2026-10-08 18:35:40,575 INFO o.a.j.t.JMeterThread: Thread started: Agent searches (GET /search) 2-190
2026-10-08 18:35:40,957 INFO o.a.j.t.JMeterThread: Thread is done: Agent searches (GET /search) 2-190
2026-10-08 18:35:40,957 INFO o.a.j.t.JMeterThread: Thread finished: Agent searches (GET /search) 2-190
2026-10-08 18:35:41,471 INFO o.a.j.t.JMeterThread: Thread started: Ticket intake (POST /tickets) 1-200
2026-10-08 18:35:43,093 INFO o.a.j.t.JMeterThread: Thread is done: Ticket intake (POST /tickets) 1-197
2026-10-08 18:35:43,094 INFO o.a.j.t.JMeterThread: Thread finished: Ticket intake (POST /tickets) 1-197
2026-10-08 18:35:46,150 INFO o.a.j.t.JMeterThread: Thread is done: Ticket intake (POST /tickets) 1-198
2026-10-08 18:35:46,151 INFO o.a.j.t.JMeterThread: Thread finished: Ticket intake (POST /tickets) 1-198
2026-10-08 18:35:49,050 INFO o.a.j.t.JMeterThread: Thread started: Ticket intake (POST /tickets) 1-201
2026-10-08 18:35:49,498 INFO o.a.j.t.JMeterThread: Thread is done: Ticket intake (POST /tickets) 1-199
2026-10-08 18:35:49,498 INFO o.a.j.t.JMeterThread: Thread finished: Ticket intake (POST /tickets) 1-199
2026-10-08 18:35:50,781 INFO o.a.j.t.JMeterThread: Thread started: Agent searches (GET /search) 2-191
2026-10-08 18:35:50,994 INFO o.a.j.t.JMeterThread: Thread is done: Agent searches (GET /search) 2-191
2026-10-08 18:35:50,994 INFO o.a.j.t.JMeterThread: Thread finished: Agent searches (GET /search) 2-191
2026-10-08 18:35:51,082 INFO o.a.j.t.JMeterThread: Thread started: Ticket intake (POST /tickets) 1-202
2026-10-08 18:35:51,303 INFO o.a.j.t.JMeterThread: Thread is done: Ticket intake (POST /tickets) 1-200
2026-10-08 18:35:51,303 INFO o.a.j.t.JMeterThread: Thread finished: Ticket intake (POST /tickets) 1-200
2026-10-08 18:35:51,438 INFO o.a.j.t.JMeterThread: Thread started: Agent searches (GET /search) 2-192
2026-10-08 18:35:51,709 INFO o.a.j.t.JMeterThread: Thread is done: Agent searches (GET /search) 2-192
2026-10-08 18:35:51,709 INFO o.a.j.t.JMeterThread: Thread finished: Agent searches (GET /search) 2-192
2026-10-08 18:35:52,376 INFO o.a.j.t.JMeterThread: Thread started: Agent searches (GET /search) 2-193
2026-10-08 18:35:52,376 INFO o.a.j.t.JMeterThread: Thread started: Agent searches (GET /search) 2-194
2026-10-08 18:35:52,605 INFO o.a.j.t.JMeterThread: Thread is done: Agent searches (GET /search) 2-193
2026-10-08 18:35:52,605 INFO o.a.j.t.JMeterThread: Thread is done: Agent searches (GET /search) 2-194
2026-10-08 18:35:52,606 INFO o.a.j.t.JMeterThread: Thread finished: Agent searches (GET /search) 2-193
2026-10-08 18:35:52,606 INFO o.a.j.t.JMeterThread: Thread finished: Agent searches (GET /search) 2-194
2026-10-08 18:35:53,301 INFO o.a.j.t.JMeterThread: Thread is done: Ticket intake (POST /tickets) 1-201
2026-10-08 18:35:53,302 INFO o.a.j.t.JMeterThread: Thread finished: Ticket intake (POST /tickets) 1-201
2026-10-08 18:35:54,519 INFO o.a.j.t.JMeterThread: Thread started: Ticket intake (POST /tickets) 1-203
2026-10-08 18:35:55,085 INFO o.a.j.t.JMeterThread: Thread started: Ticket intake (POST /tickets) 1-204
2026-10-08 18:35:55,621 INFO o.a.j.t.JMeterThread: Thread started: Ticket intake (POST /tickets) 1-205
2026-10-08 18:35:55,700 INFO o.a.j.t.JMeterThread: Thread started: Ticket intake (POST /tickets) 1-206
2026-10-08 18:35:56,559 INFO o.a.j.t.JMeterThread: Thread started: Ticket intake (POST /tickets) 1-207
2026-10-08 18:35:57,706 INFO o.a.j.t.JMeterThread: Thread is done: Ticket intake (POST /tickets) 1-202
2026-10-08 18:35:57,706 INFO o.a.j.t.JMeterThread: Thread finished: Ticket intake (POST /tickets) 1-202
2026-10-08 18:35:59,651 INFO o.a.j.t.JMeterThread: Thread is done: Ticket intake (POST /tickets) 1-203
2026-10-08 18:35:59,651 INFO o.a.j.t.JMeterThread: Thread finished: Ticket intake (POST /tickets) 1-203
2026-10-08 18:36:03,048 INFO o.a.j.r.Summariser: summary +     15 in 00:00:31 =    0.5/s Avg:  3900 Min:   164 Max:  9829 Err:     0 (0.00%) Active: 4 Started: 401 Finished: 397
2026-10-08 18:36:03,048 INFO o.a.j.r.Summariser: summary =    398 in 00:27:51 =    0.2/s Avg:  2241 Min:    31 Max: 13260 Err:     0 (0.00%)
2026-10-08 18:36:03,049 INFO o.a.j.t.JMeterThread: Thread is done: Ticket intake (POST /tickets) 1-204
2026-10-08 18:36:03,049 INFO o.a.j.t.JMeterThread: Thread finished: Ticket intake (POST /tickets) 1-204
2026-10-08 18:36:05,980 INFO o.a.j.t.JMeterThread: Thread started: Agent searches (GET /search) 2-195
2026-10-08 18:36:06,116 INFO o.a.j.t.JMeterThread: Thread is done: Agent searches (GET /search) 2-195
2026-10-08 18:36:06,116 INFO o.a.j.t.JMeterThread: Thread finished: Agent searches (GET /search) 2-195
2026-10-08 18:36:06,556 INFO o.a.j.t.JMeterThread: Thread is done: Ticket intake (POST /tickets) 1-205
2026-10-08 18:36:06,556 INFO o.a.j.t.JMeterThread: Thread finished: Ticket intake (POST /tickets) 1-205
2026-10-08 18:36:09,409 INFO o.a.j.t.JMeterThread: Thread is done: Ticket intake (POST /tickets) 1-206
2026-10-08 18:36:09,409 INFO o.a.j.t.JMeterThread: Thread finished: Ticket intake (POST /tickets) 1-206
2026-10-08 18:36:10,704 INFO o.a.j.t.JMeterThread: Thread started: Ticket intake (POST /tickets) 1-208
2026-10-08 18:36:11,925 INFO o.a.j.t.JMeterThread: Thread is done: Ticket intake (POST /tickets) 1-207
2026-10-08 18:36:11,925 INFO o.a.j.t.JMeterThread: Thread finished: Ticket intake (POST /tickets) 1-207
2026-10-08 18:36:12,937 INFO o.a.j.t.JMeterThread: Thread started: Agent searches (GET /search) 2-196
2026-10-08 18:36:13,317 INFO o.a.j.t.JMeterThread: Thread is done: Agent searches (GET /search) 2-196
2026-10-08 18:36:13,317 INFO o.a.j.t.JMeterThread: Thread finished: Agent searches (GET /search) 2-196
2026-10-08 18:36:15,559 INFO o.a.j.t.JMeterThread: Thread is done: Ticket intake (POST /tickets) 1-208
2026-10-08 18:36:15,559 INFO o.a.j.t.JMeterThread: Thread finished: Ticket intake (POST /tickets) 1-208
2026-10-08 18:36:17,882 INFO o.a.j.t.JMeterThread: Thread started: Ticket intake (POST /tickets) 1-209
2026-10-08 18:36:23,540 INFO o.a.j.t.JMeterThread: Thread is done: Ticket intake (POST /tickets) 1-209
2026-10-08 18:36:23,540 INFO o.a.j.t.JMeterThread: Thread finished: Ticket intake (POST /tickets) 1-209
2026-10-08 18:36:24,102 INFO o.a.j.t.JMeterThread: Thread started: Ticket intake (POST /tickets) 1-210
2026-10-08 18:36:26,749 INFO o.a.j.t.JMeterThread: Thread started: Ticket intake (POST /tickets) 1-211
2026-10-08 18:36:27,754 INFO o.a.j.t.JMeterThread: Thread is done: Ticket intake (POST /tickets) 1-210
2026-10-08 18:36:27,755 INFO o.a.j.t.JMeterThread: Thread finished: Ticket intake (POST /tickets) 1-210
2026-10-08 18:36:29,673 INFO o.a.j.t.JMeterThread: Thread is done: Ticket intake (POST /tickets) 1-211
2026-10-08 18:36:29,673 INFO o.a.j.t.JMeterThread: Thread finished: Ticket intake (POST /tickets) 1-211
2026-10-08 18:36:38,148 INFO o.a.j.t.JMeterThread: Thread started: Agent searches (GET /search) 2-197
2026-10-08 18:36:38,307 INFO o.a.j.t.JMeterThread: Thread is done: Agent searches (GET /search) 2-197
2026-10-08 18:36:38,307 INFO o.a.j.t.JMeterThread: Thread finished: Agent searches (GET /search) 2-197
2026-10-08 18:36:38,988 INFO o.a.j.t.JMeterThread: Thread started: Agent searches (GET /search) 2-198
2026-10-08 18:36:39,428 INFO o.a.j.t.JMeterThread: Thread is done: Agent searches (GET /search) 2-198
2026-10-08 18:36:39,428 INFO o.a.j.t.JMeterThread: Thread finished: Agent searches (GET /search) 2-198
2026-10-08 18:36:47,503 INFO o.a.j.t.JMeterThread: Thread started: Ticket intake (POST /tickets) 1-212
2026-10-08 18:36:47,692 INFO o.a.j.t.JMeterThread: Thread started: Agent searches (GET /search) 2-199
2026-10-08 18:36:48,033 INFO o.a.j.t.JMeterThread: Thread is done: Agent searches (GET /search) 2-199
2026-10-08 18:36:48,033 INFO o.a.j.t.JMeterThread: Thread finished: Agent searches (GET /search) 2-199
2026-10-08 18:36:48,353 INFO o.a.j.t.JMeterThread: Thread started: Ticket intake (POST /tickets) 1-213
2026-10-08 18:36:50,287 INFO o.a.j.t.JMeterThread: Thread is done: Ticket intake (POST /tickets) 1-212
2026-10-08 18:36:50,287 INFO o.a.j.t.JMeterThread: Thread finished: Ticket intake (POST /tickets) 1-212
2026-10-08 18:36:53,576 INFO o.a.j.t.JMeterThread: Thread started: Ticket intake (POST /tickets) 1-214
2026-10-08 18:36:53,603 INFO o.a.j.t.JMeterThread: Thread started: Agent searches (GET /search) 2-200
2026-10-08 18:36:53,770 INFO o.a.j.t.JMeterThread: Thread is done: Agent searches (GET /search) 2-200
2026-10-08 18:36:53,770 INFO o.a.j.t.JMeterThread: Thread finished: Agent searches (GET /search) 2-200
2026-10-08 18:36:54,748 INFO o.a.j.t.JMeterThread: Thread is done: Ticket intake (POST /tickets) 1-213
2026-10-08 18:36:54,748 INFO o.a.j.t.JMeterThread: Thread finished: Ticket intake (POST /tickets) 1-213
2026-10-08 18:36:57,347 INFO o.a.j.t.JMeterThread: Thread is done: Ticket intake (POST /tickets) 1-214
2026-10-08 18:36:57,348 INFO o.a.j.t.JMeterThread: Thread finished: Ticket intake (POST /tickets) 1-214
2026-10-08 18:37:00,062 INFO o.a.j.t.JMeterThread: Thread started: Ticket intake (POST /tickets) 1-215
2026-10-08 18:37:00,555 INFO o.a.j.t.JMeterThread: Thread started: Agent searches (GET /search) 2-201
2026-10-08 18:37:00,785 INFO o.a.j.r.Summariser: summary +     17 in 00:00:58 =    0.3/s Avg:  4226 Min:   133 Max: 15364 Err:     0 (0.00%) Active: 2 Started: 416 Finished: 414
2026-10-08 18:37:00,786 INFO o.a.j.r.Summariser: summary =    415 in 00:28:48 =    0.2/s Avg:  2322 Min:    31 Max: 15364 Err:     0 (0.00%)
2026-10-08 18:37:00,786 INFO o.a.j.t.JMeterThread: Thread is done: Agent searches (GET /search) 2-201
2026-10-08 18:37:00,786 INFO o.a.j.t.JMeterThread: Thread finished: Agent searches (GET /search) 2-201
2026-10-08 18:37:01,083 INFO o.a.j.t.JMeterThread: Thread started: Ticket intake (POST /tickets) 1-216
2026-10-08 18:37:04,685 INFO o.a.j.t.JMeterThread: Thread is done: Ticket intake (POST /tickets) 1-215
2026-10-08 18:37:04,685 INFO o.a.j.t.JMeterThread: Thread finished: Ticket intake (POST /tickets) 1-215
2026-10-08 18:37:06,362 INFO o.a.j.t.JMeterThread: Thread is done: Ticket intake (POST /tickets) 1-216
2026-10-08 18:37:06,363 INFO o.a.j.t.JMeterThread: Thread finished: Ticket intake (POST /tickets) 1-216
2026-10-08 18:37:07,861 INFO o.a.j.t.JMeterThread: Thread started: Ticket intake (POST /tickets) 1-217
2026-10-08 18:37:09,950 INFO o.a.j.t.JMeterThread: Thread is done: Ticket intake (POST /tickets) 1-217
2026-10-08 18:37:09,950 INFO o.a.j.t.JMeterThread: Thread finished: Ticket intake (POST /tickets) 1-217
2026-10-08 18:37:12,503 INFO o.a.j.t.JMeterThread: Thread started: Ticket intake (POST /tickets) 1-218
2026-10-08 18:37:14,231 INFO o.a.j.t.JMeterThread: Thread is done: Ticket intake (POST /tickets) 1-218
2026-10-08 18:37:14,231 INFO o.a.j.t.JMeterThread: Thread finished: Ticket intake (POST /tickets) 1-218
2026-10-08 18:37:16,877 INFO o.a.j.t.JMeterThread: Thread started: Ticket intake (POST /tickets) 1-219
2026-10-08 18:37:17,957 INFO o.a.j.t.JMeterThread: Thread started: Agent searches (GET /search) 2-202
2026-10-08 18:37:18,108 INFO o.a.j.t.JMeterThread: Thread is done: Agent searches (GET /search) 2-202
2026-10-08 18:37:18,108 INFO o.a.j.t.JMeterThread: Thread finished: Agent searches (GET /search) 2-202
2026-10-08 18:37:20,689 INFO o.a.j.t.JMeterThread: Thread started: Agent searches (GET /search) 2-203
2026-10-08 18:37:21,027 INFO o.a.j.t.JMeterThread: Thread is done: Agent searches (GET /search) 2-203
2026-10-08 18:37:21,027 INFO o.a.j.t.JMeterThread: Thread finished: Agent searches (GET /search) 2-203
2026-10-08 18:37:21,924 INFO o.a.j.t.JMeterThread: Thread is done: Ticket intake (POST /tickets) 1-219
2026-10-08 18:37:21,924 INFO o.a.j.t.JMeterThread: Thread finished: Ticket intake (POST /tickets) 1-219
2026-10-08 18:37:23,233 INFO o.a.j.t.JMeterThread: Thread started: Ticket intake (POST /tickets) 1-220
2026-10-08 18:37:23,376 INFO o.a.j.t.JMeterThread: Thread started: Ticket intake (POST /tickets) 1-221
2026-10-08 18:37:25,787 INFO o.a.j.t.JMeterThread: Thread is done: Ticket intake (POST /tickets) 1-220
2026-10-08 18:37:25,787 INFO o.a.j.t.JMeterThread: Thread finished: Ticket intake (POST /tickets) 1-220
2026-10-08 18:37:28,077 INFO o.a.j.t.JMeterThread: Thread started: Agent searches (GET /search) 2-204
2026-10-08 18:37:28,247 INFO o.a.j.t.JMeterThread: Thread is done: Agent searches (GET /search) 2-204
2026-10-08 18:37:28,247 INFO o.a.j.t.JMeterThread: Thread finished: Agent searches (GET /search) 2-204
2026-10-08 18:37:29,605 INFO o.a.j.t.JMeterThread: Thread is done: Ticket intake (POST /tickets) 1-221
2026-10-08 18:37:29,605 INFO o.a.j.t.JMeterThread: Thread finished: Ticket intake (POST /tickets) 1-221
2026-10-08 18:37:30,077 INFO o.a.j.t.JMeterThread: Thread started: Ticket intake (POST /tickets) 1-222
2026-10-08 18:37:34,418 INFO o.a.j.r.Summariser: summary +     11 in 00:00:34 =    0.3/s Avg:  2956 Min:   149 Max:  6227 Err:     0 (0.00%) Active: 1 Started: 426 Finished: 425
2026-10-08 18:37:34,418 INFO o.a.j.r.Summariser: summary =    426 in 00:29:22 =    0.2/s Avg:  2338 Min:    31 Max: 15364 Err:     0 (0.00%)
2026-10-08 18:37:34,418 INFO o.a.j.t.JMeterThread: Thread is done: Ticket intake (POST /tickets) 1-222
2026-10-08 18:37:34,418 INFO o.a.j.t.JMeterThread: Thread finished: Ticket intake (POST /tickets) 1-222
2026-10-08 18:37:37,413 INFO o.a.j.t.JMeterThread: Thread started: Agent searches (GET /search) 2-205
2026-10-08 18:37:38,149 INFO o.a.j.t.JMeterThread: Thread is done: Agent searches (GET /search) 2-205
2026-10-08 18:37:38,149 INFO o.a.j.t.JMeterThread: Thread finished: Agent searches (GET /search) 2-205
2026-10-08 18:37:40,391 INFO o.a.j.t.JMeterThread: Thread started: Agent searches (GET /search) 2-206
2026-10-08 18:37:40,639 INFO o.a.j.t.JMeterThread: Thread is done: Agent searches (GET /search) 2-206
2026-10-08 18:37:40,639 INFO o.a.j.t.JMeterThread: Thread finished: Agent searches (GET /search) 2-206
2026-10-08 18:37:41,993 INFO o.a.j.t.JMeterThread: Thread started: Agent searches (GET /search) 2-207
2026-10-08 18:37:42,092 INFO o.a.j.t.JMeterThread: Thread is done: Agent searches (GET /search) 2-207
2026-10-08 18:37:42,092 INFO o.a.j.t.JMeterThread: Thread finished: Agent searches (GET /search) 2-207
2026-10-08 18:37:42,489 INFO o.a.j.t.JMeterThread: Thread started: Ticket intake (POST /tickets) 1-223
2026-10-08 18:37:43,620 INFO o.a.j.t.JMeterThread: Thread started: Ticket intake (POST /tickets) 1-224
2026-10-08 18:37:45,471 INFO o.a.j.t.JMeterThread: Thread started: Ticket intake (POST /tickets) 1-225
2026-10-08 18:37:48,756 INFO o.a.j.t.JMeterThread: Thread is done: Ticket intake (POST /tickets) 1-223
2026-10-08 18:37:48,756 INFO o.a.j.t.JMeterThread: Thread finished: Ticket intake (POST /tickets) 1-223
2026-10-08 18:37:51,056 INFO o.a.j.t.JMeterThread: Thread started: Ticket intake (POST /tickets) 1-226
2026-10-08 18:37:53,774 INFO o.a.j.t.JMeterThread: Thread is done: Ticket intake (POST /tickets) 1-224
2026-10-08 18:37:53,775 INFO o.a.j.t.JMeterThread: Thread finished: Ticket intake (POST /tickets) 1-224
2026-10-08 18:37:55,311 INFO o.a.j.t.JMeterThread: Thread started: Ticket intake (POST /tickets) 1-227
2026-10-08 18:37:56,753 INFO o.a.j.t.JMeterThread: Thread started: Ticket intake (POST /tickets) 1-228
2026-10-08 18:37:57,055 INFO o.a.j.t.JMeterThread: Thread started: Ticket intake (POST /tickets) 1-229
2026-10-08 18:37:58,074 INFO o.a.j.t.JMeterThread: Thread is done: Ticket intake (POST /tickets) 1-225
2026-10-08 18:37:58,074 INFO o.a.j.t.JMeterThread: Thread finished: Ticket intake (POST /tickets) 1-225
2026-10-08 18:37:58,354 INFO o.a.j.t.JMeterThread: Thread started: Ticket intake (POST /tickets) 1-230
2026-10-08 18:37:59,403 INFO o.a.j.t.JMeterThread: Thread is done: Ticket intake (POST /tickets) 1-226
2026-10-08 18:37:59,404 INFO o.a.j.t.JMeterThread: Thread finished: Ticket intake (POST /tickets) 1-226
2026-10-08 18:37:59,451 INFO o.a.j.t.JMeterThread: Thread started: Ticket intake (POST /tickets) 1-231
2026-10-08 18:38:01,498 INFO o.a.j.r.Summariser: summary +      8 in 00:00:27 =    0.3/s Avg:  5577 Min:    97 Max: 12600 Err:     0 (0.00%) Active: 5 Started: 438 Finished: 433
2026-10-08 18:38:01,499 INFO o.a.j.r.Summariser: summary =    434 in 00:29:49 =    0.2/s Avg:  2398 Min:    31 Max: 15364 Err:     0 (0.00%)
2026-10-08 18:38:01,499 INFO o.a.j.t.JMeterThread: Thread is done: Ticket intake (POST /tickets) 1-227
2026-10-08 18:38:01,499 INFO o.a.j.t.JMeterThread: Thread finished: Ticket intake (POST /tickets) 1-227
2026-10-08 18:38:01,882 INFO o.a.j.t.JMeterThread: Thread started: Agent searches (GET /search) 2-208
2026-10-08 18:38:02,170 INFO o.a.j.t.JMeterThread: Thread is done: Agent searches (GET /search) 2-208
2026-10-08 18:38:02,170 INFO o.a.j.t.JMeterThread: Thread finished: Agent searches (GET /search) 2-208
2026-10-08 18:38:03,455 INFO o.a.j.t.JMeterThread: Thread is done: Ticket intake (POST /tickets) 1-228
2026-10-08 18:38:03,456 INFO o.a.j.t.JMeterThread: Thread finished: Ticket intake (POST /tickets) 1-228
2026-10-08 18:38:04,656 INFO o.a.j.t.JMeterThread: Thread started: Agent searches (GET /search) 2-209
2026-10-08 18:38:04,818 INFO o.a.j.t.JMeterThread: Thread is done: Agent searches (GET /search) 2-209
2026-10-08 18:38:04,818 INFO o.a.j.t.JMeterThread: Thread finished: Agent searches (GET /search) 2-209
2026-10-08 18:38:05,859 INFO o.a.j.t.JMeterThread: Thread is done: Ticket intake (POST /tickets) 1-229
2026-10-08 18:38:05,859 INFO o.a.j.t.JMeterThread: Thread finished: Ticket intake (POST /tickets) 1-229
2026-10-08 18:38:06,744 INFO o.a.j.t.JMeterThread: Thread started: Ticket intake (POST /tickets) 1-232
2026-10-08 18:38:06,744 INFO o.a.j.t.o.EvenArrivalsRamp: Generating 0 events, beginRate = 0.0 / sec, endRate = 0.0 / sec, duration = 600.0 sec
2026-10-08 18:38:06,744 INFO o.a.j.t.o.OpenModelThreadGroup: There will be no more events, so will wait for 605 sec till the end of the schedule
2026-10-08 18:38:06,795 INFO o.a.j.t.o.EvenArrivalsRamp: Generating 0 events, beginRate = 0.0 / sec, endRate = 0.0 / sec, duration = 600.0 sec
2026-10-08 18:38:06,795 INFO o.a.j.t.JMeterThread: Thread started: Agent searches (GET /search) 2-210
2026-10-08 18:38:06,796 INFO o.a.j.t.o.OpenModelThreadGroup: There will be no more events, so will wait for 605 sec till the end of the schedule
2026-10-08 18:38:07,089 INFO o.a.j.t.JMeterThread: Thread is done: Agent searches (GET /search) 2-210
2026-10-08 18:38:07,090 INFO o.a.j.t.JMeterThread: Thread finished: Agent searches (GET /search) 2-210
2026-10-08 18:38:10,054 INFO o.a.j.t.JMeterThread: Thread is done: Ticket intake (POST /tickets) 1-230
2026-10-08 18:38:10,054 INFO o.a.j.t.JMeterThread: Thread finished: Ticket intake (POST /tickets) 1-230
2026-10-08 18:38:12,073 INFO o.a.j.t.JMeterThread: Thread is done: Ticket intake (POST /tickets) 1-231
2026-10-08 18:38:12,073 INFO o.a.j.t.JMeterThread: Thread finished: Ticket intake (POST /tickets) 1-231
2026-10-08 18:38:14,837 INFO o.a.j.t.JMeterThread: Thread is done: Ticket intake (POST /tickets) 1-232
2026-10-08 18:38:14,837 INFO o.a.j.t.JMeterThread: Thread finished: Ticket intake (POST /tickets) 1-232
2026-10-08 18:48:12,359 INFO o.a.j.t.o.OpenModelThreadGroup: There will be no more events, will shutdown the thread pool
2026-10-08 18:48:12,359 INFO o.a.j.t.o.OpenModelThreadGroup: Thread starting done
2026-10-08 18:48:12,360 INFO o.a.j.t.o.OpenModelThreadGroup: There will be no more events, will shutdown the thread pool
2026-10-08 18:48:12,361 INFO o.a.j.t.o.OpenModelThreadGroup: Thread starting done
2026-10-08 18:48:12,361 INFO o.a.j.e.StandardJMeterEngine: Notifying test listeners of end of test
2026-10-08 18:48:12,361 INFO o.a.j.s.FileServer: Close: /Users/ridwan/Documents/GitHub/ICT3113_A1_P1-3/loadtest/data/tickets.tsv
2026-10-08 18:48:12,366 INFO o.a.j.r.Summariser: summary +      8 in 00:10:11 =    0.0/s Avg:  6080 Min:   160 Max: 12620 Err:     0 (0.00%) Active: 0 Started: 442 Finished: 442
2026-10-08 18:48:12,366 INFO o.a.j.r.Summariser: summary =    442 in 00:40:00 =    0.2/s Avg:  2465 Min:    31 Max: 15364 Err:     0 (0.00%)
2026-10-08 18:48:12,367 INFO o.a.j.e.StandardJMeterEngine: Forced JVM shutdown requested at end of test
