2026-10-09 17:17:44,276 INFO o.a.j.u.JMeterUtils: Setting Locale to en_EN
2026-10-09 17:17:44,284 INFO o.a.j.JMeter: Loading user properties from: /Users/ridwan/Downloads/apache-jmeter-5.6.3/bin/user.properties
2026-10-09 17:17:44,284 INFO o.a.j.JMeter: Loading system properties from: /Users/ridwan/Downloads/apache-jmeter-5.6.3/bin/system.properties
2026-10-09 17:17:44,284 INFO o.a.j.JMeter: Loading additional properties from: /Users/ridwan/Documents/GitHub/ICT3113_A1_P1-3/loadtest/triage.properties
2026-10-09 17:17:44,285 INFO o.a.j.JMeter: Setting JMeter property: host=172.20.10.2
2026-10-09 17:17:44,285 INFO o.a.j.JMeter: Setting JMeter property: port=8000
2026-10-09 17:17:44,285 INFO o.a.j.JMeter: Setting JMeter property: rate=22
2026-10-09 17:17:44,285 INFO o.a.j.JMeter: Setting JMeter property: rate_end=22
2026-10-09 17:17:44,285 INFO o.a.j.JMeter: Setting JMeter property: search_rate=7
2026-10-09 17:17:44,285 INFO o.a.j.JMeter: Setting JMeter property: duration=10
2026-10-09 17:17:44,285 INFO o.a.j.JMeter: Setting JMeter property: drain=10
2026-10-09 17:17:44,285 INFO o.a.j.JMeter: Setting JMeter property: timeout_ms=600000
2026-10-09 17:17:44,285 INFO o.a.j.JMeter: Setting JMeter property: data=/Users/ridwan/Documents/GitHub/ICT3113_A1_P1-3/loadtest/data/tickets.tsv
2026-10-09 17:17:44,287 INFO o.a.j.JMeter: Copyright (c) 1998-2024 The Apache Software Foundation
2026-10-09 17:17:44,287 INFO o.a.j.JMeter: Version 5.6.3
2026-10-09 17:17:44,287 INFO o.a.j.JMeter: java.version=17.0.17
2026-10-09 17:17:44,287 INFO o.a.j.JMeter: java.vm.name=OpenJDK 64-Bit Server VM
2026-10-09 17:17:44,287 INFO o.a.j.JMeter: os.name=Mac OS X
2026-10-09 17:17:44,287 INFO o.a.j.JMeter: os.arch=aarch64
2026-10-09 17:17:44,287 INFO o.a.j.JMeter: os.version=26.5
2026-10-09 17:17:44,287 INFO o.a.j.JMeter: file.encoding=UTF-8
2026-10-09 17:17:44,287 INFO o.a.j.JMeter: java.awt.headless=true
2026-10-09 17:17:44,287 INFO o.a.j.JMeter: Max memory     =1073741824
2026-10-09 17:17:44,287 INFO o.a.j.JMeter: Available Processors =10
2026-10-09 17:17:44,290 INFO o.a.j.JMeter: Default Locale=English (EN)
2026-10-09 17:17:44,290 INFO o.a.j.JMeter: JMeter  Locale=English (EN)
2026-10-09 17:17:44,290 INFO o.a.j.JMeter: JMeterHome=/Users/ridwan/Downloads/apache-jmeter-5.6.3
2026-10-09 17:17:44,290 INFO o.a.j.JMeter: user.dir  =/Users/ridwan/Documents/GitHub/ICT3113_A1_P1-3
2026-10-09 17:17:44,290 INFO o.a.j.JMeter: PWD       =/Users/ridwan/Documents/GitHub/ICT3113_A1_P1-3
2026-10-09 17:17:44,292 INFO o.a.j.JMeter: IP: 127.0.0.1 Name: Muhammads-MacBook-Air-4.local FullName: localhost
2026-10-09 17:17:44,298 INFO o.a.j.s.FileServer: Default base='/Users/ridwan/Documents/GitHub/ICT3113_A1_P1-3'
2026-10-09 17:17:44,299 INFO o.a.j.s.FileServer: Set new base='/Users/ridwan/Documents/GitHub/ICT3113_A1_P1-3/loadtest'
2026-10-09 17:17:44,356 INFO o.a.j.s.SaveService: Testplan (JMX) version: 2.2. Testlog (JTL) version: 2.2
2026-10-09 17:17:44,364 INFO o.a.j.s.SaveService: Using SaveService properties version 5.0
2026-10-09 17:17:44,365 INFO o.a.j.s.SaveService: Using SaveService properties file encoding UTF-8
2026-10-09 17:17:44,366 INFO o.a.j.s.SaveService: Loading file: /Users/ridwan/Documents/GitHub/ICT3113_A1_P1-3/loadtest/triage.jmx
2026-10-09 17:17:44,391 INFO o.a.j.p.h.s.HTTPSamplerBase: Parser for text/html is org.apache.jmeter.protocol.http.parser.LagartoBasedHtmlParser
2026-10-09 17:17:44,391 INFO o.a.j.p.h.s.HTTPSamplerBase: Parser for application/xhtml+xml is org.apache.jmeter.protocol.http.parser.LagartoBasedHtmlParser
2026-10-09 17:17:44,391 INFO o.a.j.p.h.s.HTTPSamplerBase: Parser for application/xml is org.apache.jmeter.protocol.http.parser.LagartoBasedHtmlParser
2026-10-09 17:17:44,391 INFO o.a.j.p.h.s.HTTPSamplerBase: Parser for text/xml is org.apache.jmeter.protocol.http.parser.LagartoBasedHtmlParser
2026-10-09 17:17:44,391 INFO o.a.j.p.h.s.HTTPSamplerBase: Parser for text/vnd.wap.wml is org.apache.jmeter.protocol.http.parser.RegexpHTMLParser
2026-10-09 17:17:44,391 INFO o.a.j.p.h.s.HTTPSamplerBase: Parser for text/css is org.apache.jmeter.protocol.http.parser.CssParser
2026-10-09 17:17:44,397 INFO o.a.j.JMeter: Creating summariser <summary>
2026-10-09 17:17:44,403 INFO o.a.j.e.StandardJMeterEngine: Running the test!
2026-10-09 17:17:44,403 INFO o.a.j.s.SampleEvent: List of sample_variables: [rid, row]
2026-10-09 17:17:44,403 INFO o.a.j.s.SampleEvent: List of sample_variables: [rid, row]
2026-10-09 17:17:44,404 INFO o.a.j.e.u.CompoundVariable: Note: Function class names must contain the string: '.functions.'
2026-10-09 17:17:44,404 INFO o.a.j.e.u.CompoundVariable: Note: Function class names must not contain the string: '.gui.'
2026-10-09 17:17:44,484 INFO o.a.j.JMeter: Running test (1791537464484)
2026-10-09 17:17:44,491 INFO o.a.j.e.StandardJMeterEngine: Starting ThreadGroup: 1 : Ticket intake (POST /tickets)
2026-10-09 17:17:44,492 INFO o.a.j.e.StandardJMeterEngine: Starting 0 threads for group Ticket intake (POST /tickets).
2026-10-09 17:17:44,492 INFO o.a.j.e.StandardJMeterEngine: Thread will continue on error
2026-10-09 17:17:44,492 INFO o.a.j.t.o.OpenModelThreadGroup: Starting OpenModelThreadGroup#1 with schedule rate(22/min) random_arrivals(10 min) rate(22/min) pause(10 min)
2026-10-09 17:17:44,504 INFO o.a.j.e.StandardJMeterEngine: Starting ThreadGroup: 2 : Agent searches (GET /search)
2026-10-09 17:17:44,504 INFO o.a.j.e.StandardJMeterEngine: Starting 0 threads for group Agent searches (GET /search).
2026-10-09 17:17:44,504 INFO o.a.j.e.StandardJMeterEngine: Thread will continue on error
2026-10-09 17:17:44,504 INFO o.a.j.t.o.OpenModelThreadGroup: Thread starting init
2026-10-09 17:17:44,504 INFO o.a.j.t.o.OpenModelThreadGroup: Starting OpenModelThreadGroup#2 with schedule rate(7/min) random_arrivals(10 min) rate(7/min) pause(10 min)
2026-10-09 17:17:44,505 INFO o.a.j.e.StandardJMeterEngine: All thread groups have been started
2026-10-09 17:17:44,505 INFO o.a.j.t.o.OpenModelThreadGroup: Thread starting init
2026-10-09 17:17:44,505 INFO o.a.j.t.o.PoissonArrivalsRamp: Generating 70 events, beginRate = 0.11666666666666667 / sec, endRate = 0.11666666666666667 / sec, duration = 600.0 sec
2026-10-09 17:17:44,505 INFO o.a.j.t.o.PoissonArrivalsRamp: Generating 219 events, beginRate = 0.36666666666666664 / sec, endRate = 0.36666666666666664 / sec, duration = 600.0 sec
2026-10-09 17:17:46,339 INFO o.a.j.t.JMeterThread: Thread started: Ticket intake (POST /tickets) 1-1
2026-10-09 17:17:46,340 INFO o.a.j.s.FileServer: Stored: /Users/ridwan/Documents/GitHub/ICT3113_A1_P1-3/loadtest/data/tickets.tsv
2026-10-09 17:17:46,522 INFO o.a.j.p.h.s.HTTPHCAbstractImpl: Local host = Muhammads-MacBook-Air-4.local
2026-10-09 17:17:46,524 INFO o.a.j.p.h.s.HTTPHC4Impl: HTTP request retry count = 0
2026-10-09 17:17:46,524 INFO o.a.j.s.SampleResult: Note: Sample TimeStamps are START times
2026-10-09 17:17:46,524 INFO o.a.j.s.SampleResult: sampleresult.default.encoding is set to UTF-8
2026-10-09 17:17:46,524 INFO o.a.j.s.SampleResult: sampleresult.useNanoTime=true
2026-10-09 17:17:46,524 INFO o.a.j.s.SampleResult: sampleresult.nanoThreadSleep=5000
2026-10-09 17:17:46,593 INFO o.a.j.t.JMeterThread: Thread started: Agent searches (GET /search) 2-1
2026-10-09 17:17:46,691 INFO o.a.j.t.JMeterThread: Thread is done: Agent searches (GET /search) 2-1
2026-10-09 17:17:46,691 INFO o.a.j.t.JMeterThread: Thread finished: Agent searches (GET /search) 2-1
2026-10-09 17:17:46,816 INFO o.a.j.t.JMeterThread: Thread started: Ticket intake (POST /tickets) 1-2
2026-10-09 17:17:48,089 INFO o.a.j.t.JMeterThread: Thread is done: Ticket intake (POST /tickets) 1-1
2026-10-09 17:17:48,089 INFO o.a.j.t.JMeterThread: Thread finished: Ticket intake (POST /tickets) 1-1
2026-10-09 17:17:48,974 INFO o.a.j.t.JMeterThread: Thread started: Ticket intake (POST /tickets) 1-3
2026-10-09 17:17:49,149 INFO o.a.j.t.JMeterThread: Thread started: Ticket intake (POST /tickets) 1-4
2026-10-09 17:17:49,246 INFO o.a.j.t.JMeterThread: Thread started: Ticket intake (POST /tickets) 1-5
2026-10-09 17:17:51,709 INFO o.a.j.t.JMeterThread: Thread is done: Ticket intake (POST /tickets) 1-2
2026-10-09 17:17:51,709 INFO o.a.j.t.JMeterThread: Thread finished: Ticket intake (POST /tickets) 1-2
2026-10-09 17:17:54,179 INFO o.a.j.t.JMeterThread: Thread started: Ticket intake (POST /tickets) 1-6
2026-10-09 17:17:57,001 INFO o.a.j.t.JMeterThread: Thread is done: Ticket intake (POST /tickets) 1-3
2026-10-09 17:17:57,002 INFO o.a.j.t.JMeterThread: Thread finished: Ticket intake (POST /tickets) 1-3
2026-10-09 17:17:57,773 INFO o.a.j.t.JMeterThread: Thread started: Ticket intake (POST /tickets) 1-7
2026-10-09 17:17:59,462 INFO o.a.j.t.JMeterThread: Thread is done: Ticket intake (POST /tickets) 1-4
2026-10-09 17:17:59,462 INFO o.a.j.t.JMeterThread: Thread finished: Ticket intake (POST /tickets) 1-4
2026-10-09 17:18:00,233 INFO o.a.j.t.JMeterThread: Thread started: Ticket intake (POST /tickets) 1-8
2026-10-09 17:18:00,805 INFO o.a.j.r.Summariser: summary +      6 in 00:00:16 =    0.4/s Avg:  6064 Min:    70 Max: 11553 Err:     0 (0.00%) Active: 4 Started: 9 Finished: 5
2026-10-09 17:18:00,806 INFO o.a.j.t.JMeterThread: Thread is done: Ticket intake (POST /tickets) 1-5
2026-10-09 17:18:00,806 INFO o.a.j.t.JMeterThread: Thread finished: Ticket intake (POST /tickets) 1-5
2026-10-09 17:18:01,158 INFO o.a.j.t.JMeterThread: Thread started: Ticket intake (POST /tickets) 1-9
2026-10-09 17:18:02,534 INFO o.a.j.t.JMeterThread: Thread started: Ticket intake (POST /tickets) 1-10
2026-10-09 17:18:03,908 INFO o.a.j.t.JMeterThread: Thread is done: Ticket intake (POST /tickets) 1-6
2026-10-09 17:18:03,908 INFO o.a.j.t.JMeterThread: Thread finished: Ticket intake (POST /tickets) 1-6
2026-10-09 17:18:06,098 INFO o.a.j.t.JMeterThread: Thread is done: Ticket intake (POST /tickets) 1-7
2026-10-09 17:18:06,099 INFO o.a.j.t.JMeterThread: Thread finished: Ticket intake (POST /tickets) 1-7
2026-10-09 17:18:07,277 INFO o.a.j.t.JMeterThread: Thread started: Ticket intake (POST /tickets) 1-11
2026-10-09 17:18:10,464 INFO o.a.j.t.JMeterThread: Thread is done: Ticket intake (POST /tickets) 1-8
2026-10-09 17:18:10,464 INFO o.a.j.t.JMeterThread: Thread finished: Ticket intake (POST /tickets) 1-8
2026-10-09 17:18:11,383 INFO o.a.j.t.JMeterThread: Thread started: Ticket intake (POST /tickets) 1-12
2026-10-09 17:18:14,408 INFO o.a.j.t.JMeterThread: Thread started: Agent searches (GET /search) 2-2
2026-10-09 17:18:14,496 INFO o.a.j.t.JMeterThread: Thread started: Ticket intake (POST /tickets) 1-13
2026-10-09 17:18:14,584 INFO o.a.j.t.JMeterThread: Thread is done: Agent searches (GET /search) 2-2
2026-10-09 17:18:14,585 INFO o.a.j.t.JMeterThread: Thread finished: Agent searches (GET /search) 2-2
2026-10-09 17:18:14,827 INFO o.a.j.t.JMeterThread: Thread is done: Ticket intake (POST /tickets) 1-9
2026-10-09 17:18:14,828 INFO o.a.j.t.JMeterThread: Thread finished: Ticket intake (POST /tickets) 1-9
2026-10-09 17:18:15,431 INFO o.a.j.t.JMeterThread: Thread started: Agent searches (GET /search) 2-3
2026-10-09 17:18:15,481 INFO o.a.j.t.JMeterThread: Thread started: Ticket intake (POST /tickets) 1-14
2026-10-09 17:18:15,582 INFO o.a.j.t.JMeterThread: Thread is done: Agent searches (GET /search) 2-3
2026-10-09 17:18:15,582 INFO o.a.j.t.JMeterThread: Thread finished: Agent searches (GET /search) 2-3
2026-10-09 17:18:16,134 INFO o.a.j.t.JMeterThread: Thread is done: Ticket intake (POST /tickets) 1-10
2026-10-09 17:18:16,134 INFO o.a.j.t.JMeterThread: Thread finished: Ticket intake (POST /tickets) 1-10
2026-10-09 17:18:16,795 INFO o.a.j.t.JMeterThread: Thread started: Agent searches (GET /search) 2-4
2026-10-09 17:18:16,808 INFO o.a.j.t.JMeterThread: Thread started: Ticket intake (POST /tickets) 1-15
2026-10-09 17:18:16,998 INFO o.a.j.t.JMeterThread: Thread is done: Agent searches (GET /search) 2-4
2026-10-09 17:18:16,998 INFO o.a.j.t.JMeterThread: Thread finished: Agent searches (GET /search) 2-4
2026-10-09 17:18:18,212 INFO o.a.j.t.JMeterThread: Thread started: Agent searches (GET /search) 2-5
2026-10-09 17:18:18,375 INFO o.a.j.t.JMeterThread: Thread is done: Agent searches (GET /search) 2-5
2026-10-09 17:18:18,375 INFO o.a.j.t.JMeterThread: Thread finished: Agent searches (GET /search) 2-5
2026-10-09 17:18:19,473 INFO o.a.j.t.JMeterThread: Thread started: Ticket intake (POST /tickets) 1-16
2026-10-09 17:18:20,147 INFO o.a.j.t.JMeterThread: Thread started: Agent searches (GET /search) 2-6
2026-10-09 17:18:20,688 INFO o.a.j.t.JMeterThread: Thread is done: Agent searches (GET /search) 2-6
2026-10-09 17:18:20,688 INFO o.a.j.t.JMeterThread: Thread finished: Agent searches (GET /search) 2-6
2026-10-09 17:18:20,712 INFO o.a.j.t.JMeterThread: Thread is done: Ticket intake (POST /tickets) 1-11
2026-10-09 17:18:20,712 INFO o.a.j.t.JMeterThread: Thread finished: Ticket intake (POST /tickets) 1-11
2026-10-09 17:18:23,428 INFO o.a.j.t.JMeterThread: Thread is done: Ticket intake (POST /tickets) 1-12
2026-10-09 17:18:23,429 INFO o.a.j.t.JMeterThread: Thread finished: Ticket intake (POST /tickets) 1-12
2026-10-09 17:18:25,145 INFO o.a.j.t.JMeterThread: Thread is done: Ticket intake (POST /tickets) 1-13
2026-10-09 17:18:25,146 INFO o.a.j.t.JMeterThread: Thread finished: Ticket intake (POST /tickets) 1-13
2026-10-09 17:18:27,580 INFO o.a.j.t.JMeterThread: Thread started: Ticket intake (POST /tickets) 1-17
2026-10-09 17:18:27,903 INFO o.a.j.t.JMeterThread: Thread started: Ticket intake (POST /tickets) 1-18
2026-10-09 17:18:28,060 INFO o.a.j.t.JMeterThread: Thread started: Ticket intake (POST /tickets) 1-19
2026-10-09 17:18:28,180 INFO o.a.j.t.JMeterThread: Thread is done: Ticket intake (POST /tickets) 1-14
2026-10-09 17:18:28,181 INFO o.a.j.t.JMeterThread: Thread finished: Ticket intake (POST /tickets) 1-14
2026-10-09 17:18:31,064 INFO o.a.j.t.JMeterThread: Thread started: Ticket intake (POST /tickets) 1-20
2026-10-09 17:18:32,785 INFO o.a.j.r.Summariser: summary +     15 in 00:00:32 =    0.5/s Avg:  8102 Min:   147 Max: 15975 Err:     0 (0.00%) Active: 6 Started: 26 Finished: 20
2026-10-09 17:18:32,786 INFO o.a.j.r.Summariser: summary =     21 in 00:00:48 =    0.4/s Avg:  7520 Min:    70 Max: 15975 Err:     0 (0.00%)
2026-10-09 17:18:32,786 INFO o.a.j.t.JMeterThread: Thread is done: Ticket intake (POST /tickets) 1-15
2026-10-09 17:18:32,786 INFO o.a.j.t.JMeterThread: Thread finished: Ticket intake (POST /tickets) 1-15
2026-10-09 17:18:34,486 INFO o.a.j.t.JMeterThread: Thread is done: Ticket intake (POST /tickets) 1-16
2026-10-09 17:18:34,486 INFO o.a.j.t.JMeterThread: Thread finished: Ticket intake (POST /tickets) 1-16
2026-10-09 17:18:37,085 INFO o.a.j.t.JMeterThread: Thread is done: Ticket intake (POST /tickets) 1-17
2026-10-09 17:18:37,086 INFO o.a.j.t.JMeterThread: Thread finished: Ticket intake (POST /tickets) 1-17
2026-10-09 17:18:38,071 INFO o.a.j.t.JMeterThread: Thread started: Ticket intake (POST /tickets) 1-21
2026-10-09 17:18:39,291 INFO o.a.j.t.JMeterThread: Thread is done: Ticket intake (POST /tickets) 1-18
2026-10-09 17:18:39,292 INFO o.a.j.t.JMeterThread: Thread finished: Ticket intake (POST /tickets) 1-18
2026-10-09 17:18:40,671 INFO o.a.j.t.JMeterThread: Thread started: Ticket intake (POST /tickets) 1-22
2026-10-09 17:18:42,101 INFO o.a.j.t.JMeterThread: Thread started: Ticket intake (POST /tickets) 1-23
2026-10-09 17:18:42,235 INFO o.a.j.t.JMeterThread: Thread is done: Ticket intake (POST /tickets) 1-19
2026-10-09 17:18:42,235 INFO o.a.j.t.JMeterThread: Thread finished: Ticket intake (POST /tickets) 1-19
2026-10-09 17:18:42,970 INFO o.a.j.t.JMeterThread: Thread started: Ticket intake (POST /tickets) 1-24
2026-10-09 17:18:44,823 INFO o.a.j.t.JMeterThread: Thread started: Agent searches (GET /search) 2-7
2026-10-09 17:18:44,970 INFO o.a.j.t.JMeterThread: Thread is done: Agent searches (GET /search) 2-7
2026-10-09 17:18:44,970 INFO o.a.j.t.JMeterThread: Thread finished: Agent searches (GET /search) 2-7
2026-10-09 17:18:45,390 INFO o.a.j.t.JMeterThread: Thread started: Ticket intake (POST /tickets) 1-25
2026-10-09 17:18:45,695 INFO o.a.j.t.JMeterThread: Thread is done: Ticket intake (POST /tickets) 1-20
2026-10-09 17:18:45,695 INFO o.a.j.t.JMeterThread: Thread finished: Ticket intake (POST /tickets) 1-20
2026-10-09 17:18:46,169 INFO o.a.j.t.JMeterThread: Thread started: Ticket intake (POST /tickets) 1-26
2026-10-09 17:18:46,270 INFO o.a.j.t.JMeterThread: Thread started: Ticket intake (POST /tickets) 1-27
2026-10-09 17:18:47,572 INFO o.a.j.t.JMeterThread: Thread is done: Ticket intake (POST /tickets) 1-21
2026-10-09 17:18:47,573 INFO o.a.j.t.JMeterThread: Thread finished: Ticket intake (POST /tickets) 1-21
2026-10-09 17:18:48,697 INFO o.a.j.t.JMeterThread: Thread is done: Ticket intake (POST /tickets) 1-22
2026-10-09 17:18:48,697 INFO o.a.j.t.JMeterThread: Thread finished: Ticket intake (POST /tickets) 1-22
2026-10-09 17:18:50,287 INFO o.a.j.t.JMeterThread: Thread is done: Ticket intake (POST /tickets) 1-23
2026-10-09 17:18:50,288 INFO o.a.j.t.JMeterThread: Thread finished: Ticket intake (POST /tickets) 1-23
2026-10-09 17:18:55,461 INFO o.a.j.t.JMeterThread: Thread is done: Ticket intake (POST /tickets) 1-24
2026-10-09 17:18:55,461 INFO o.a.j.t.JMeterThread: Thread finished: Ticket intake (POST /tickets) 1-24
2026-10-09 17:18:55,998 INFO o.a.j.t.JMeterThread: Thread started: Ticket intake (POST /tickets) 1-28
2026-10-09 17:18:56,044 INFO o.a.j.t.JMeterThread: Thread started: Ticket intake (POST /tickets) 1-29
2026-10-09 17:18:56,754 INFO o.a.j.t.JMeterThread: Thread started: Ticket intake (POST /tickets) 1-30
2026-10-09 17:18:58,762 INFO o.a.j.t.JMeterThread: Thread is done: Ticket intake (POST /tickets) 1-25
2026-10-09 17:18:58,762 INFO o.a.j.t.JMeterThread: Thread finished: Ticket intake (POST /tickets) 1-25
2026-10-09 17:19:00,112 INFO o.a.j.t.JMeterThread: Thread started: Agent searches (GET /search) 2-8
2026-10-09 17:19:00,199 INFO o.a.j.r.Summariser: summary +     12 in 00:00:27 =    0.4/s Avg:  9706 Min:    82 Max: 15009 Err:     0 (0.00%) Active: 6 Started: 38 Finished: 32
2026-10-09 17:19:00,200 INFO o.a.j.r.Summariser: summary =     33 in 00:01:16 =    0.4/s Avg:  8315 Min:    70 Max: 15975 Err:     0 (0.00%)
2026-10-09 17:19:00,200 INFO o.a.j.t.JMeterThread: Thread is done: Agent searches (GET /search) 2-8
2026-10-09 17:19:00,200 INFO o.a.j.t.JMeterThread: Thread finished: Agent searches (GET /search) 2-8
2026-10-09 17:19:00,741 INFO o.a.j.t.JMeterThread: Thread started: Ticket intake (POST /tickets) 1-31
2026-10-09 17:19:02,092 INFO o.a.j.t.JMeterThread: Thread started: Ticket intake (POST /tickets) 1-32
2026-10-09 17:19:02,962 INFO o.a.j.t.JMeterThread: Thread is done: Ticket intake (POST /tickets) 1-26
2026-10-09 17:19:02,963 INFO o.a.j.t.JMeterThread: Thread finished: Ticket intake (POST /tickets) 1-26
2026-10-09 17:19:05,798 INFO o.a.j.t.JMeterThread: Thread is done: Ticket intake (POST /tickets) 1-27
2026-10-09 17:19:05,798 INFO o.a.j.t.JMeterThread: Thread finished: Ticket intake (POST /tickets) 1-27
2026-10-09 17:19:06,741 INFO o.a.j.t.JMeterThread: Thread started: Ticket intake (POST /tickets) 1-33
2026-10-09 17:19:07,303 INFO o.a.j.t.JMeterThread: Thread started: Agent searches (GET /search) 2-9
2026-10-09 17:19:07,423 INFO o.a.j.t.JMeterThread: Thread is done: Agent searches (GET /search) 2-9
2026-10-09 17:19:07,423 INFO o.a.j.t.JMeterThread: Thread finished: Agent searches (GET /search) 2-9
2026-10-09 17:19:08,634 INFO o.a.j.t.JMeterThread: Thread is done: Ticket intake (POST /tickets) 1-28
2026-10-09 17:19:08,634 INFO o.a.j.t.JMeterThread: Thread finished: Ticket intake (POST /tickets) 1-28
2026-10-09 17:19:08,916 INFO o.a.j.t.JMeterThread: Thread started: Ticket intake (POST /tickets) 1-34
2026-10-09 17:19:09,764 INFO o.a.j.t.JMeterThread: Thread started: Ticket intake (POST /tickets) 1-35
2026-10-09 17:19:10,173 INFO o.a.j.t.JMeterThread: Thread started: Agent searches (GET /search) 2-10
2026-10-09 17:19:10,270 INFO o.a.j.t.JMeterThread: Thread is done: Agent searches (GET /search) 2-10
2026-10-09 17:19:10,270 INFO o.a.j.t.JMeterThread: Thread finished: Agent searches (GET /search) 2-10
2026-10-09 17:19:11,488 INFO o.a.j.t.JMeterThread: Thread started: Agent searches (GET /search) 2-11
2026-10-09 17:19:11,562 INFO o.a.j.t.JMeterThread: Thread is done: Agent searches (GET /search) 2-11
2026-10-09 17:19:11,562 INFO o.a.j.t.JMeterThread: Thread finished: Agent searches (GET /search) 2-11
2026-10-09 17:19:12,024 INFO o.a.j.t.JMeterThread: Thread started: Agent searches (GET /search) 2-12
2026-10-09 17:19:12,139 INFO o.a.j.t.JMeterThread: Thread is done: Agent searches (GET /search) 2-12
2026-10-09 17:19:12,140 INFO o.a.j.t.JMeterThread: Thread finished: Agent searches (GET /search) 2-12
2026-10-09 17:19:12,658 INFO o.a.j.t.JMeterThread: Thread is done: Ticket intake (POST /tickets) 1-29
2026-10-09 17:19:12,658 INFO o.a.j.t.JMeterThread: Thread finished: Ticket intake (POST /tickets) 1-29
2026-10-09 17:19:13,884 INFO o.a.j.t.JMeterThread: Thread started: Ticket intake (POST /tickets) 1-36
2026-10-09 17:19:15,627 INFO o.a.j.t.JMeterThread: Thread is done: Ticket intake (POST /tickets) 1-30
2026-10-09 17:19:15,628 INFO o.a.j.t.JMeterThread: Thread finished: Ticket intake (POST /tickets) 1-30
2026-10-09 17:19:17,226 INFO o.a.j.t.JMeterThread: Thread started: Ticket intake (POST /tickets) 1-37
2026-10-09 17:19:18,228 INFO o.a.j.t.JMeterThread: Thread started: Ticket intake (POST /tickets) 1-38
2026-10-09 17:19:19,119 INFO o.a.j.t.JMeterThread: Thread is done: Ticket intake (POST /tickets) 1-31
2026-10-09 17:19:19,119 INFO o.a.j.t.JMeterThread: Thread finished: Ticket intake (POST /tickets) 1-31
2026-10-09 17:19:20,508 INFO o.a.j.t.JMeterThread: Thread is done: Ticket intake (POST /tickets) 1-32
2026-10-09 17:19:20,509 INFO o.a.j.t.JMeterThread: Thread finished: Ticket intake (POST /tickets) 1-32
2026-10-09 17:19:23,238 INFO o.a.j.t.JMeterThread: Thread started: Ticket intake (POST /tickets) 1-39
2026-10-09 17:19:23,252 INFO o.a.j.t.JMeterThread: Thread is done: Ticket intake (POST /tickets) 1-33
2026-10-09 17:19:23,252 INFO o.a.j.t.JMeterThread: Thread finished: Ticket intake (POST /tickets) 1-33
2026-10-09 17:19:23,645 INFO o.a.j.t.JMeterThread: Thread started: Ticket intake (POST /tickets) 1-40
2026-10-09 17:19:24,939 INFO o.a.j.t.JMeterThread: Thread started: Agent searches (GET /search) 2-13
2026-10-09 17:19:25,102 INFO o.a.j.t.JMeterThread: Thread started: Agent searches (GET /search) 2-14
2026-10-09 17:19:25,112 INFO o.a.j.t.JMeterThread: Thread is done: Agent searches (GET /search) 2-13
2026-10-09 17:19:25,112 INFO o.a.j.t.JMeterThread: Thread finished: Agent searches (GET /search) 2-13
2026-10-09 17:19:25,253 INFO o.a.j.t.JMeterThread: Thread is done: Agent searches (GET /search) 2-14
2026-10-09 17:19:25,253 INFO o.a.j.t.JMeterThread: Thread finished: Agent searches (GET /search) 2-14
2026-10-09 17:19:28,063 INFO o.a.j.t.JMeterThread: Thread is done: Ticket intake (POST /tickets) 1-34
2026-10-09 17:19:28,063 INFO o.a.j.t.JMeterThread: Thread finished: Ticket intake (POST /tickets) 1-34
2026-10-09 17:19:28,321 INFO o.a.j.t.JMeterThread: Thread started: Ticket intake (POST /tickets) 1-41
2026-10-09 17:19:29,821 INFO o.a.j.t.JMeterThread: Thread is done: Ticket intake (POST /tickets) 1-35
2026-10-09 17:19:29,822 INFO o.a.j.t.JMeterThread: Thread finished: Ticket intake (POST /tickets) 1-35
2026-10-09 17:19:32,730 INFO o.a.j.t.JMeterThread: Thread started: Ticket intake (POST /tickets) 1-42
2026-10-09 17:19:32,963 INFO o.a.j.r.Summariser: summary +     17 in 00:00:33 =    0.5/s Avg: 11570 Min:    70 Max: 20054 Err:     0 (0.00%) Active: 7 Started: 56 Finished: 49
2026-10-09 17:19:32,964 INFO o.a.j.r.Summariser: summary =     50 in 00:01:48 =    0.5/s Avg:  9422 Min:    70 Max: 20054 Err:     0 (0.00%)
2026-10-09 17:19:32,964 INFO o.a.j.t.JMeterThread: Thread is done: Ticket intake (POST /tickets) 1-36
2026-10-09 17:19:32,964 INFO o.a.j.t.JMeterThread: Thread finished: Ticket intake (POST /tickets) 1-36
2026-10-09 17:19:35,196 INFO o.a.j.t.JMeterThread: Thread started: Ticket intake (POST /tickets) 1-43
2026-10-09 17:19:37,080 INFO o.a.j.t.JMeterThread: Thread started: Ticket intake (POST /tickets) 1-44
2026-10-09 17:19:37,167 INFO o.a.j.t.JMeterThread: Thread started: Ticket intake (POST /tickets) 1-45
2026-10-09 17:19:37,888 INFO o.a.j.t.JMeterThread: Thread started: Ticket intake (POST /tickets) 1-46
2026-10-09 17:19:38,178 INFO o.a.j.t.JMeterThread: Thread started: Ticket intake (POST /tickets) 1-47
2026-10-09 17:19:38,269 INFO o.a.j.t.JMeterThread: Thread is done: Ticket intake (POST /tickets) 1-37
2026-10-09 17:19:38,269 INFO o.a.j.t.JMeterThread: Thread finished: Ticket intake (POST /tickets) 1-37
2026-10-09 17:19:41,743 INFO o.a.j.t.JMeterThread: Thread is done: Ticket intake (POST /tickets) 1-38
2026-10-09 17:19:41,743 INFO o.a.j.t.JMeterThread: Thread finished: Ticket intake (POST /tickets) 1-38
2026-10-09 17:19:43,528 INFO o.a.j.t.JMeterThread: Thread is done: Ticket intake (POST /tickets) 1-39
2026-10-09 17:19:43,528 INFO o.a.j.t.JMeterThread: Thread finished: Ticket intake (POST /tickets) 1-39
2026-10-09 17:19:43,538 INFO o.a.j.t.JMeterThread: Thread started: Ticket intake (POST /tickets) 1-48
2026-10-09 17:19:44,752 INFO o.a.j.t.JMeterThread: Thread started: Ticket intake (POST /tickets) 1-49
2026-10-09 17:19:45,083 INFO o.a.j.t.JMeterThread: Thread is done: Ticket intake (POST /tickets) 1-40
2026-10-09 17:19:45,083 INFO o.a.j.t.JMeterThread: Thread finished: Ticket intake (POST /tickets) 1-40
2026-10-09 17:19:45,360 INFO o.a.j.t.JMeterThread: Thread started: Ticket intake (POST /tickets) 1-50
2026-10-09 17:19:45,527 INFO o.a.j.t.JMeterThread: Thread started: Ticket intake (POST /tickets) 1-51
2026-10-09 17:19:46,999 INFO o.a.j.t.JMeterThread: Thread started: Agent searches (GET /search) 2-15
2026-10-09 17:19:47,134 INFO o.a.j.t.JMeterThread: Thread is done: Agent searches (GET /search) 2-15
2026-10-09 17:19:47,134 INFO o.a.j.t.JMeterThread: Thread finished: Agent searches (GET /search) 2-15
2026-10-09 17:19:47,372 INFO o.a.j.t.JMeterThread: Thread is done: Ticket intake (POST /tickets) 1-41
2026-10-09 17:19:47,372 INFO o.a.j.t.JMeterThread: Thread finished: Ticket intake (POST /tickets) 1-41
2026-10-09 17:19:47,764 INFO o.a.j.t.JMeterThread: Thread started: Agent searches (GET /search) 2-16
2026-10-09 17:19:48,090 INFO o.a.j.t.JMeterThread: Thread is done: Agent searches (GET /search) 2-16
2026-10-09 17:19:48,090 INFO o.a.j.t.JMeterThread: Thread finished: Agent searches (GET /search) 2-16
2026-10-09 17:19:49,010 INFO o.a.j.t.JMeterThread: Thread is done: Ticket intake (POST /tickets) 1-42
2026-10-09 17:19:49,011 INFO o.a.j.t.JMeterThread: Thread finished: Ticket intake (POST /tickets) 1-42
2026-10-09 17:19:51,110 INFO o.a.j.t.JMeterThread: Thread started: Ticket intake (POST /tickets) 1-52
2026-10-09 17:19:51,670 INFO o.a.j.t.JMeterThread: Thread started: Agent searches (GET /search) 2-17
2026-10-09 17:19:51,804 INFO o.a.j.t.JMeterThread: Thread is done: Agent searches (GET /search) 2-17
2026-10-09 17:19:51,805 INFO o.a.j.t.JMeterThread: Thread finished: Agent searches (GET /search) 2-17
2026-10-09 17:19:52,288 INFO o.a.j.t.JMeterThread: Thread is done: Ticket intake (POST /tickets) 1-43
2026-10-09 17:19:52,288 INFO o.a.j.t.JMeterThread: Thread finished: Ticket intake (POST /tickets) 1-43
2026-10-09 17:19:54,519 INFO o.a.j.t.JMeterThread: Thread started: Agent searches (GET /search) 2-18
2026-10-09 17:19:54,709 INFO o.a.j.t.JMeterThread: Thread is done: Agent searches (GET /search) 2-18
2026-10-09 17:19:54,709 INFO o.a.j.t.JMeterThread: Thread finished: Agent searches (GET /search) 2-18
2026-10-09 17:19:54,710 INFO o.a.j.t.JMeterThread: Thread started: Ticket intake (POST /tickets) 1-53
2026-10-09 17:19:54,874 INFO o.a.j.t.JMeterThread: Thread is done: Ticket intake (POST /tickets) 1-44
2026-10-09 17:19:54,874 INFO o.a.j.t.JMeterThread: Thread finished: Ticket intake (POST /tickets) 1-44
2026-10-09 17:20:00,236 INFO o.a.j.r.Summariser: summary +     13 in 00:00:27 =    0.5/s Avg: 13870 Min:   131 Max: 23511 Err:     0 (0.00%) Active: 9 Started: 71 Finished: 62
2026-10-09 17:20:00,237 INFO o.a.j.r.Summariser: summary =     63 in 00:02:16 =    0.5/s Avg: 10339 Min:    70 Max: 23511 Err:     0 (0.00%)
2026-10-09 17:20:00,237 INFO o.a.j.t.JMeterThread: Thread is done: Ticket intake (POST /tickets) 1-45
2026-10-09 17:20:00,237 INFO o.a.j.t.JMeterThread: Thread finished: Ticket intake (POST /tickets) 1-45
2026-10-09 17:20:03,041 INFO o.a.j.t.JMeterThread: Thread is done: Ticket intake (POST /tickets) 1-46
2026-10-09 17:20:03,041 INFO o.a.j.t.JMeterThread: Thread finished: Ticket intake (POST /tickets) 1-46
2026-10-09 17:20:03,299 INFO o.a.j.t.JMeterThread: Thread started: Ticket intake (POST /tickets) 1-54
2026-10-09 17:20:04,539 INFO o.a.j.t.JMeterThread: Thread is done: Ticket intake (POST /tickets) 1-47
2026-10-09 17:20:04,539 INFO o.a.j.t.JMeterThread: Thread finished: Ticket intake (POST /tickets) 1-47
2026-10-09 17:20:05,437 INFO o.a.j.t.JMeterThread: Thread started: Ticket intake (POST /tickets) 1-55
2026-10-09 17:20:06,013 INFO o.a.j.t.JMeterThread: Thread started: Ticket intake (POST /tickets) 1-56
2026-10-09 17:20:07,019 INFO o.a.j.t.JMeterThread: Thread is done: Ticket intake (POST /tickets) 1-48
2026-10-09 17:20:07,020 INFO o.a.j.t.JMeterThread: Thread finished: Ticket intake (POST /tickets) 1-48
2026-10-09 17:20:08,159 INFO o.a.j.t.JMeterThread: Thread is done: Ticket intake (POST /tickets) 1-49
2026-10-09 17:20:08,159 INFO o.a.j.t.JMeterThread: Thread finished: Ticket intake (POST /tickets) 1-49
2026-10-09 17:20:09,780 INFO o.a.j.t.JMeterThread: Thread started: Agent searches (GET /search) 2-19
2026-10-09 17:20:09,869 INFO o.a.j.t.JMeterThread: Thread is done: Agent searches (GET /search) 2-19
2026-10-09 17:20:09,869 INFO o.a.j.t.JMeterThread: Thread finished: Agent searches (GET /search) 2-19
2026-10-09 17:20:10,129 INFO o.a.j.t.JMeterThread: Thread is done: Ticket intake (POST /tickets) 1-50
2026-10-09 17:20:10,130 INFO o.a.j.t.JMeterThread: Thread finished: Ticket intake (POST /tickets) 1-50
2026-10-09 17:20:11,113 INFO o.a.j.t.JMeterThread: Thread started: Ticket intake (POST /tickets) 1-57
2026-10-09 17:20:11,251 INFO o.a.j.t.JMeterThread: Thread started: Ticket intake (POST /tickets) 1-58
2026-10-09 17:20:11,446 INFO o.a.j.t.JMeterThread: Thread started: Ticket intake (POST /tickets) 1-59
2026-10-09 17:20:12,242 INFO o.a.j.t.JMeterThread: Thread started: Ticket intake (POST /tickets) 1-60
2026-10-09 17:20:13,385 INFO o.a.j.t.JMeterThread: Thread started: Ticket intake (POST /tickets) 1-61
2026-10-09 17:20:14,650 INFO o.a.j.t.JMeterThread: Thread started: Ticket intake (POST /tickets) 1-62
2026-10-09 17:20:16,175 INFO o.a.j.t.JMeterThread: Thread is done: Ticket intake (POST /tickets) 1-51
2026-10-09 17:20:16,175 INFO o.a.j.t.JMeterThread: Thread finished: Ticket intake (POST /tickets) 1-51
2026-10-09 17:20:18,914 INFO o.a.j.t.JMeterThread: Thread started: Ticket intake (POST /tickets) 1-63
2026-10-09 17:20:19,865 INFO o.a.j.t.JMeterThread: Thread is done: Ticket intake (POST /tickets) 1-52
2026-10-09 17:20:19,865 INFO o.a.j.t.JMeterThread: Thread finished: Ticket intake (POST /tickets) 1-52
2026-10-09 17:20:20,061 INFO o.a.j.t.JMeterThread: Thread started: Ticket intake (POST /tickets) 1-64
2026-10-09 17:20:23,962 INFO o.a.j.t.JMeterThread: Thread started: Ticket intake (POST /tickets) 1-65
2026-10-09 17:20:25,774 INFO o.a.j.t.JMeterThread: Thread started: Ticket intake (POST /tickets) 1-66
2026-10-09 17:20:25,840 INFO o.a.j.t.JMeterThread: Thread started: Ticket intake (POST /tickets) 1-67
2026-10-09 17:20:25,930 INFO o.a.j.t.JMeterThread: Thread is done: Ticket intake (POST /tickets) 1-53
2026-10-09 17:20:25,931 INFO o.a.j.t.JMeterThread: Thread finished: Ticket intake (POST /tickets) 1-53
2026-10-09 17:20:26,174 INFO o.a.j.t.JMeterThread: Thread started: Ticket intake (POST /tickets) 1-68
2026-10-09 17:20:26,444 INFO o.a.j.t.JMeterThread: Thread started: Agent searches (GET /search) 2-20
2026-10-09 17:20:26,536 INFO o.a.j.t.JMeterThread: Thread is done: Agent searches (GET /search) 2-20
2026-10-09 17:20:26,536 INFO o.a.j.t.JMeterThread: Thread finished: Agent searches (GET /search) 2-20
2026-10-09 17:20:27,340 INFO o.a.j.t.JMeterThread: Thread started: Agent searches (GET /search) 2-21
2026-10-09 17:20:27,475 INFO o.a.j.t.JMeterThread: Thread is done: Agent searches (GET /search) 2-21
2026-10-09 17:20:27,475 INFO o.a.j.t.JMeterThread: Thread finished: Agent searches (GET /search) 2-21
2026-10-09 17:20:27,921 INFO o.a.j.t.JMeterThread: Thread is done: Ticket intake (POST /tickets) 1-54
2026-10-09 17:20:27,921 INFO o.a.j.t.JMeterThread: Thread finished: Ticket intake (POST /tickets) 1-54
2026-10-09 17:20:30,612 INFO o.a.j.t.JMeterThread: Thread started: Agent searches (GET /search) 2-22
2026-10-09 17:20:30,775 INFO o.a.j.r.Summariser: summary +     13 in 00:00:31 =    0.4/s Avg: 20309 Min:    85 Max: 31218 Err:     0 (0.00%) Active: 15 Started: 90 Finished: 75
2026-10-09 17:20:30,776 INFO o.a.j.r.Summariser: summary =     76 in 00:02:46 =    0.5/s Avg: 12045 Min:    70 Max: 31218 Err:     0 (0.00%)
2026-10-09 17:20:30,776 INFO o.a.j.t.JMeterThread: Thread is done: Ticket intake (POST /tickets) 1-55
2026-10-09 17:20:30,776 INFO o.a.j.t.JMeterThread: Thread finished: Ticket intake (POST /tickets) 1-55
2026-10-09 17:20:30,962 INFO o.a.j.t.JMeterThread: Thread is done: Agent searches (GET /search) 2-22
2026-10-09 17:20:30,962 INFO o.a.j.t.JMeterThread: Thread finished: Agent searches (GET /search) 2-22
2026-10-09 17:20:33,615 INFO o.a.j.t.JMeterThread: Thread started: Agent searches (GET /search) 2-23
2026-10-09 17:20:33,710 INFO o.a.j.t.JMeterThread: Thread is done: Agent searches (GET /search) 2-23
2026-10-09 17:20:33,710 INFO o.a.j.t.JMeterThread: Thread finished: Agent searches (GET /search) 2-23
2026-10-09 17:20:34,473 INFO o.a.j.t.JMeterThread: Thread is done: Ticket intake (POST /tickets) 1-56
2026-10-09 17:20:34,473 INFO o.a.j.t.JMeterThread: Thread finished: Ticket intake (POST /tickets) 1-56
2026-10-09 17:20:35,601 INFO o.a.j.t.JMeterThread: Thread is done: Ticket intake (POST /tickets) 1-57
2026-10-09 17:20:35,601 INFO o.a.j.t.JMeterThread: Thread finished: Ticket intake (POST /tickets) 1-57
2026-10-09 17:20:36,660 INFO o.a.j.t.JMeterThread: Thread started: Agent searches (GET /search) 2-24
2026-10-09 17:20:36,790 INFO o.a.j.t.JMeterThread: Thread is done: Agent searches (GET /search) 2-24
2026-10-09 17:20:36,790 INFO o.a.j.t.JMeterThread: Thread finished: Agent searches (GET /search) 2-24
2026-10-09 17:20:36,865 INFO o.a.j.t.JMeterThread: Thread started: Ticket intake (POST /tickets) 1-69
2026-10-09 17:20:37,415 INFO o.a.j.t.JMeterThread: Thread started: Ticket intake (POST /tickets) 1-70
2026-10-09 17:20:37,501 INFO o.a.j.t.JMeterThread: Thread is done: Ticket intake (POST /tickets) 1-58
2026-10-09 17:20:37,501 INFO o.a.j.t.JMeterThread: Thread finished: Ticket intake (POST /tickets) 1-58
2026-10-09 17:20:38,048 INFO o.a.j.t.JMeterThread: Thread started: Ticket intake (POST /tickets) 1-71
2026-10-09 17:20:38,749 INFO o.a.j.t.JMeterThread: Thread is done: Ticket intake (POST /tickets) 1-59
2026-10-09 17:20:38,749 INFO o.a.j.t.JMeterThread: Thread finished: Ticket intake (POST /tickets) 1-59
2026-10-09 17:20:40,409 INFO o.a.j.t.JMeterThread: Thread started: Ticket intake (POST /tickets) 1-72
2026-10-09 17:20:40,439 INFO o.a.j.t.JMeterThread: Thread started: Ticket intake (POST /tickets) 1-73
2026-10-09 17:20:41,038 INFO o.a.j.t.JMeterThread: Thread is done: Ticket intake (POST /tickets) 1-60
2026-10-09 17:20:41,039 INFO o.a.j.t.JMeterThread: Thread finished: Ticket intake (POST /tickets) 1-60
2026-10-09 17:20:41,511 INFO o.a.j.t.JMeterThread: Thread started: Ticket intake (POST /tickets) 1-74
2026-10-09 17:20:41,580 INFO o.a.j.t.JMeterThread: Thread started: Ticket intake (POST /tickets) 1-75
2026-10-09 17:20:41,683 INFO o.a.j.t.JMeterThread: Thread started: Ticket intake (POST /tickets) 1-76
2026-10-09 17:20:42,190 INFO o.a.j.t.JMeterThread: Thread is done: Ticket intake (POST /tickets) 1-61
2026-10-09 17:20:42,191 INFO o.a.j.t.JMeterThread: Thread finished: Ticket intake (POST /tickets) 1-61
2026-10-09 17:20:44,220 INFO o.a.j.t.JMeterThread: Thread is done: Ticket intake (POST /tickets) 1-62
2026-10-09 17:20:44,220 INFO o.a.j.t.JMeterThread: Thread finished: Ticket intake (POST /tickets) 1-62
2026-10-09 17:20:46,140 INFO o.a.j.t.JMeterThread: Thread started: Ticket intake (POST /tickets) 1-77
2026-10-09 17:20:47,747 INFO o.a.j.t.JMeterThread: Thread is done: Ticket intake (POST /tickets) 1-63
2026-10-09 17:20:47,748 INFO o.a.j.t.JMeterThread: Thread finished: Ticket intake (POST /tickets) 1-63
2026-10-09 17:20:48,935 INFO o.a.j.t.JMeterThread: Thread started: Ticket intake (POST /tickets) 1-78
2026-10-09 17:20:49,399 INFO o.a.j.t.JMeterThread: Thread is done: Ticket intake (POST /tickets) 1-64
2026-10-09 17:20:49,399 INFO o.a.j.t.JMeterThread: Thread finished: Ticket intake (POST /tickets) 1-64
2026-10-09 17:20:50,231 INFO o.a.j.t.JMeterThread: Thread started: Ticket intake (POST /tickets) 1-79
2026-10-09 17:20:51,496 INFO o.a.j.t.JMeterThread: Thread started: Ticket intake (POST /tickets) 1-80
2026-10-09 17:20:51,800 INFO o.a.j.t.JMeterThread: Thread is done: Ticket intake (POST /tickets) 1-65
2026-10-09 17:20:51,801 INFO o.a.j.t.JMeterThread: Thread finished: Ticket intake (POST /tickets) 1-65
2026-10-09 17:20:53,603 INFO o.a.j.t.JMeterThread: Thread started: Ticket intake (POST /tickets) 1-81
2026-10-09 17:20:54,417 INFO o.a.j.t.JMeterThread: Thread is done: Ticket intake (POST /tickets) 1-66
2026-10-09 17:20:54,417 INFO o.a.j.t.JMeterThread: Thread finished: Ticket intake (POST /tickets) 1-66
2026-10-09 17:20:55,636 INFO o.a.j.t.JMeterThread: Thread is done: Ticket intake (POST /tickets) 1-67
2026-10-09 17:20:55,637 INFO o.a.j.t.JMeterThread: Thread finished: Ticket intake (POST /tickets) 1-67
2026-10-09 17:20:57,930 INFO o.a.j.t.JMeterThread: Thread is done: Ticket intake (POST /tickets) 1-68
2026-10-09 17:20:57,930 INFO o.a.j.t.JMeterThread: Thread finished: Ticket intake (POST /tickets) 1-68
2026-10-09 17:21:00,858 INFO o.a.j.r.Summariser: summary +     17 in 00:00:30 =    0.6/s Avg: 23199 Min:    91 Max: 31753 Err:     0 (0.00%) Active: 13 Started: 105 Finished: 92
2026-10-09 17:21:00,859 INFO o.a.j.r.Summariser: summary =     93 in 00:03:16 =    0.5/s Avg: 14084 Min:    70 Max: 31753 Err:     0 (0.00%)
2026-10-09 17:21:00,859 INFO o.a.j.t.JMeterThread: Thread is done: Ticket intake (POST /tickets) 1-69
2026-10-09 17:21:00,859 INFO o.a.j.t.JMeterThread: Thread finished: Ticket intake (POST /tickets) 1-69
2026-10-09 17:21:02,542 INFO o.a.j.t.JMeterThread: Thread is done: Ticket intake (POST /tickets) 1-70
2026-10-09 17:21:02,542 INFO o.a.j.t.JMeterThread: Thread finished: Ticket intake (POST /tickets) 1-70
2026-10-09 17:21:02,823 INFO o.a.j.t.JMeterThread: Thread started: Ticket intake (POST /tickets) 1-82
2026-10-09 17:21:06,422 INFO o.a.j.t.JMeterThread: Thread is done: Ticket intake (POST /tickets) 1-71
2026-10-09 17:21:06,422 INFO o.a.j.t.JMeterThread: Thread finished: Ticket intake (POST /tickets) 1-71
2026-10-09 17:21:08,512 INFO o.a.j.t.JMeterThread: Thread started: Ticket intake (POST /tickets) 1-83
2026-10-09 17:21:08,958 INFO o.a.j.t.JMeterThread: Thread is done: Ticket intake (POST /tickets) 1-72
2026-10-09 17:21:08,959 INFO o.a.j.t.JMeterThread: Thread finished: Ticket intake (POST /tickets) 1-72
2026-10-09 17:21:11,914 INFO o.a.j.t.JMeterThread: Thread is done: Ticket intake (POST /tickets) 1-73
2026-10-09 17:21:11,914 INFO o.a.j.t.JMeterThread: Thread finished: Ticket intake (POST /tickets) 1-73
2026-10-09 17:21:14,760 INFO o.a.j.t.JMeterThread: Thread started: Ticket intake (POST /tickets) 1-84
2026-10-09 17:21:15,229 INFO o.a.j.t.JMeterThread: Thread is done: Ticket intake (POST /tickets) 1-74
2026-10-09 17:21:15,230 INFO o.a.j.t.JMeterThread: Thread finished: Ticket intake (POST /tickets) 1-74
2026-10-09 17:21:17,044 INFO o.a.j.t.JMeterThread: Thread started: Ticket intake (POST /tickets) 1-85
2026-10-09 17:21:17,986 INFO o.a.j.t.JMeterThread: Thread is done: Ticket intake (POST /tickets) 1-75
2026-10-09 17:21:17,986 INFO o.a.j.t.JMeterThread: Thread finished: Ticket intake (POST /tickets) 1-75
2026-10-09 17:21:19,313 INFO o.a.j.t.JMeterThread: Thread started: Ticket intake (POST /tickets) 1-86
2026-10-09 17:21:22,391 INFO o.a.j.t.JMeterThread: Thread is done: Ticket intake (POST /tickets) 1-76
2026-10-09 17:21:22,391 INFO o.a.j.t.JMeterThread: Thread finished: Ticket intake (POST /tickets) 1-76
2026-10-09 17:21:28,036 INFO o.a.j.t.JMeterThread: Thread is done: Ticket intake (POST /tickets) 1-77
2026-10-09 17:21:28,037 INFO o.a.j.t.JMeterThread: Thread finished: Ticket intake (POST /tickets) 1-77
2026-10-09 17:21:31,511 INFO o.a.j.r.Summariser: summary +      9 in 00:00:31 =    0.3/s Avg: 34311 Min: 25123 Max: 42573 Err:     0 (0.00%) Active: 9 Started: 110 Finished: 101
2026-10-09 17:21:31,511 INFO o.a.j.r.Summariser: summary =    102 in 00:03:47 =    0.4/s Avg: 15869 Min:    70 Max: 42573 Err:     0 (0.00%)
2026-10-09 17:21:31,512 INFO o.a.j.t.JMeterThread: Thread is done: Ticket intake (POST /tickets) 1-78
2026-10-09 17:21:31,512 INFO o.a.j.t.JMeterThread: Thread finished: Ticket intake (POST /tickets) 1-78
2026-10-09 17:21:32,783 INFO o.a.j.t.JMeterThread: Thread started: Ticket intake (POST /tickets) 1-87
2026-10-09 17:21:33,256 INFO o.a.j.t.JMeterThread: Thread is done: Ticket intake (POST /tickets) 1-79
2026-10-09 17:21:33,256 INFO o.a.j.t.JMeterThread: Thread finished: Ticket intake (POST /tickets) 1-79
2026-10-09 17:21:34,008 INFO o.a.j.t.JMeterThread: Thread started: Ticket intake (POST /tickets) 1-88
2026-10-09 17:21:34,157 INFO o.a.j.t.JMeterThread: Thread started: Ticket intake (POST /tickets) 1-89
2026-10-09 17:21:34,165 INFO o.a.j.t.JMeterThread: Thread is done: Ticket intake (POST /tickets) 1-80
2026-10-09 17:21:34,165 INFO o.a.j.t.JMeterThread: Thread finished: Ticket intake (POST /tickets) 1-80
2026-10-09 17:21:34,671 INFO o.a.j.t.JMeterThread: Thread started: Ticket intake (POST /tickets) 1-90
2026-10-09 17:21:37,264 INFO o.a.j.t.JMeterThread: Thread started: Agent searches (GET /search) 2-25
2026-10-09 17:21:37,386 INFO o.a.j.t.JMeterThread: Thread started: Agent searches (GET /search) 2-26
2026-10-09 17:21:37,397 INFO o.a.j.t.JMeterThread: Thread is done: Agent searches (GET /search) 2-25
2026-10-09 17:21:37,397 INFO o.a.j.t.JMeterThread: Thread finished: Agent searches (GET /search) 2-25
2026-10-09 17:21:37,616 INFO o.a.j.t.JMeterThread: Thread is done: Agent searches (GET /search) 2-26
2026-10-09 17:21:37,616 INFO o.a.j.t.JMeterThread: Thread finished: Agent searches (GET /search) 2-26
2026-10-09 17:21:37,806 INFO o.a.j.t.JMeterThread: Thread is done: Ticket intake (POST /tickets) 1-81
2026-10-09 17:21:37,806 INFO o.a.j.t.JMeterThread: Thread finished: Ticket intake (POST /tickets) 1-81
2026-10-09 17:21:38,388 INFO o.a.j.t.JMeterThread: Thread started: Ticket intake (POST /tickets) 1-91
2026-10-09 17:21:39,307 INFO o.a.j.t.JMeterThread: Thread started: Agent searches (GET /search) 2-27
2026-10-09 17:21:39,534 INFO o.a.j.t.JMeterThread: Thread is done: Agent searches (GET /search) 2-27
2026-10-09 17:21:39,534 INFO o.a.j.t.JMeterThread: Thread finished: Agent searches (GET /search) 2-27
2026-10-09 17:21:40,171 INFO o.a.j.t.JMeterThread: Thread started: Ticket intake (POST /tickets) 1-92
2026-10-09 17:21:41,638 INFO o.a.j.t.JMeterThread: Thread started: Agent searches (GET /search) 2-28
2026-10-09 17:21:41,715 INFO o.a.j.t.JMeterThread: Thread is done: Agent searches (GET /search) 2-28
2026-10-09 17:21:41,715 INFO o.a.j.t.JMeterThread: Thread finished: Agent searches (GET /search) 2-28
2026-10-09 17:21:42,000 INFO o.a.j.t.JMeterThread: Thread started: Ticket intake (POST /tickets) 1-93
2026-10-09 17:21:42,995 INFO o.a.j.t.JMeterThread: Thread is done: Ticket intake (POST /tickets) 1-82
2026-10-09 17:21:42,995 INFO o.a.j.t.JMeterThread: Thread finished: Ticket intake (POST /tickets) 1-82
2026-10-09 17:21:43,273 INFO o.a.j.t.JMeterThread: Thread started: Ticket intake (POST /tickets) 1-94
2026-10-09 17:21:43,550 INFO o.a.j.t.JMeterThread: Thread started: Ticket intake (POST /tickets) 1-95
2026-10-09 17:21:47,314 INFO o.a.j.t.JMeterThread: Thread is done: Ticket intake (POST /tickets) 1-83
2026-10-09 17:21:47,314 INFO o.a.j.t.JMeterThread: Thread finished: Ticket intake (POST /tickets) 1-83
2026-10-09 17:21:49,686 INFO o.a.j.t.JMeterThread: Thread started: Agent searches (GET /search) 2-29
2026-10-09 17:21:49,875 INFO o.a.j.t.JMeterThread: Thread is done: Agent searches (GET /search) 2-29
2026-10-09 17:21:49,876 INFO o.a.j.t.JMeterThread: Thread finished: Agent searches (GET /search) 2-29
2026-10-09 17:21:50,556 INFO o.a.j.t.JMeterThread: Thread started: Ticket intake (POST /tickets) 1-96
2026-10-09 17:21:51,069 INFO o.a.j.t.JMeterThread: Thread started: Ticket intake (POST /tickets) 1-97
2026-10-09 17:21:51,137 INFO o.a.j.t.JMeterThread: Thread is done: Ticket intake (POST /tickets) 1-84
2026-10-09 17:21:51,137 INFO o.a.j.t.JMeterThread: Thread finished: Ticket intake (POST /tickets) 1-84
2026-10-09 17:21:55,597 INFO o.a.j.t.JMeterThread: Thread started: Ticket intake (POST /tickets) 1-98
2026-10-09 17:21:56,329 INFO o.a.j.t.JMeterThread: Thread is done: Ticket intake (POST /tickets) 1-85
2026-10-09 17:21:56,329 INFO o.a.j.t.JMeterThread: Thread finished: Ticket intake (POST /tickets) 1-85
2026-10-09 17:21:58,118 INFO o.a.j.t.JMeterThread: Thread started: Agent searches (GET /search) 2-30
2026-10-09 17:21:58,246 INFO o.a.j.t.JMeterThread: Thread is done: Agent searches (GET /search) 2-30
2026-10-09 17:21:58,246 INFO o.a.j.t.JMeterThread: Thread finished: Agent searches (GET /search) 2-30
2026-10-09 17:21:59,433 INFO o.a.j.t.JMeterThread: Thread started: Ticket intake (POST /tickets) 1-99
2026-10-09 17:22:01,823 INFO o.a.j.r.Summariser: summary +     14 in 00:00:30 =    0.5/s Avg: 23428 Min:    75 Max: 44202 Err:     0 (0.00%) Active: 14 Started: 129 Finished: 115
2026-10-09 17:22:01,823 INFO o.a.j.r.Summariser: summary =    116 in 00:04:17 =    0.5/s Avg: 16781 Min:    70 Max: 44202 Err:     0 (0.00%)
2026-10-09 17:22:01,823 INFO o.a.j.t.JMeterThread: Thread is done: Ticket intake (POST /tickets) 1-86
2026-10-09 17:22:01,824 INFO o.a.j.t.JMeterThread: Thread finished: Ticket intake (POST /tickets) 1-86
2026-10-09 17:22:01,942 INFO o.a.j.t.JMeterThread: Thread started: Ticket intake (POST /tickets) 1-100
2026-10-09 17:22:02,863 INFO o.a.j.t.JMeterThread: Thread started: Agent searches (GET /search) 2-31
2026-10-09 17:22:02,960 INFO o.a.j.t.JMeterThread: Thread is done: Agent searches (GET /search) 2-31
2026-10-09 17:22:02,961 INFO o.a.j.t.JMeterThread: Thread finished: Agent searches (GET /search) 2-31
2026-10-09 17:22:03,214 INFO o.a.j.t.JMeterThread: Thread started: Ticket intake (POST /tickets) 1-101
2026-10-09 17:22:04,382 INFO o.a.j.t.JMeterThread: Thread started: Ticket intake (POST /tickets) 1-102
2026-10-09 17:22:05,302 INFO o.a.j.t.JMeterThread: Thread is done: Ticket intake (POST /tickets) 1-87
2026-10-09 17:22:05,303 INFO o.a.j.t.JMeterThread: Thread finished: Ticket intake (POST /tickets) 1-87
2026-10-09 17:22:05,783 INFO o.a.j.t.JMeterThread: Thread started: Ticket intake (POST /tickets) 1-103
2026-10-09 17:22:08,306 INFO o.a.j.t.JMeterThread: Thread started: Ticket intake (POST /tickets) 1-104
2026-10-09 17:22:10,037 INFO o.a.j.t.JMeterThread: Thread is done: Ticket intake (POST /tickets) 1-88
2026-10-09 17:22:10,037 INFO o.a.j.t.JMeterThread: Thread finished: Ticket intake (POST /tickets) 1-88
2026-10-09 17:22:12,683 INFO o.a.j.t.JMeterThread: Thread is done: Ticket intake (POST /tickets) 1-89
2026-10-09 17:22:12,684 INFO o.a.j.t.JMeterThread: Thread finished: Ticket intake (POST /tickets) 1-89
2026-10-09 17:22:14,946 INFO o.a.j.t.JMeterThread: Thread is done: Ticket intake (POST /tickets) 1-90
2026-10-09 17:22:14,947 INFO o.a.j.t.JMeterThread: Thread finished: Ticket intake (POST /tickets) 1-90
2026-10-09 17:22:17,646 INFO o.a.j.t.JMeterThread: Thread started: Ticket intake (POST /tickets) 1-105
2026-10-09 17:22:18,413 INFO o.a.j.t.JMeterThread: Thread is done: Ticket intake (POST /tickets) 1-91
2026-10-09 17:22:18,413 INFO o.a.j.t.JMeterThread: Thread finished: Ticket intake (POST /tickets) 1-91
2026-10-09 17:22:19,317 INFO o.a.j.t.JMeterThread: Thread started: Ticket intake (POST /tickets) 1-106
2026-10-09 17:22:20,338 INFO o.a.j.t.JMeterThread: Thread is done: Ticket intake (POST /tickets) 1-92
2026-10-09 17:22:20,339 INFO o.a.j.t.JMeterThread: Thread finished: Ticket intake (POST /tickets) 1-92
2026-10-09 17:22:22,816 INFO o.a.j.t.JMeterThread: Thread is done: Ticket intake (POST /tickets) 1-93
2026-10-09 17:22:22,816 INFO o.a.j.t.JMeterThread: Thread finished: Ticket intake (POST /tickets) 1-93
2026-10-09 17:22:25,478 INFO o.a.j.t.JMeterThread: Thread started: Agent searches (GET /search) 2-32
2026-10-09 17:22:25,546 INFO o.a.j.t.JMeterThread: Thread is done: Agent searches (GET /search) 2-32
2026-10-09 17:22:25,547 INFO o.a.j.t.JMeterThread: Thread finished: Agent searches (GET /search) 2-32
2026-10-09 17:22:26,325 INFO o.a.j.t.JMeterThread: Thread started: Ticket intake (POST /tickets) 1-107
2026-10-09 17:22:26,478 INFO o.a.j.t.JMeterThread: Thread started: Ticket intake (POST /tickets) 1-108
2026-10-09 17:22:27,842 INFO o.a.j.t.JMeterThread: Thread started: Agent searches (GET /search) 2-33
2026-10-09 17:22:27,881 INFO o.a.j.t.JMeterThread: Thread is done: Ticket intake (POST /tickets) 1-94
2026-10-09 17:22:27,882 INFO o.a.j.t.JMeterThread: Thread finished: Ticket intake (POST /tickets) 1-94
2026-10-09 17:22:28,202 INFO o.a.j.t.JMeterThread: Thread is done: Agent searches (GET /search) 2-33
2026-10-09 17:22:28,202 INFO o.a.j.t.JMeterThread: Thread finished: Agent searches (GET /search) 2-33
2026-10-09 17:22:30,099 INFO o.a.j.r.Summariser: summary +     12 in 00:00:28 =    0.4/s Avg: 30000 Min:    65 Max: 46545 Err:     0 (0.00%) Active: 14 Started: 141 Finished: 127
2026-10-09 17:22:30,099 INFO o.a.j.r.Summariser: summary =    128 in 00:04:46 =    0.4/s Avg: 18020 Min:    65 Max: 46545 Err:     0 (0.00%)
2026-10-09 17:22:30,100 INFO o.a.j.t.JMeterThread: Thread is done: Ticket intake (POST /tickets) 1-95
2026-10-09 17:22:30,100 INFO o.a.j.t.JMeterThread: Thread finished: Ticket intake (POST /tickets) 1-95
2026-10-09 17:22:32,848 INFO o.a.j.t.JMeterThread: Thread is done: Ticket intake (POST /tickets) 1-96
2026-10-09 17:22:32,848 INFO o.a.j.t.JMeterThread: Thread finished: Ticket intake (POST /tickets) 1-96
2026-10-09 17:22:33,106 INFO o.a.j.t.JMeterThread: Thread started: Agent searches (GET /search) 2-34
2026-10-09 17:22:33,328 INFO o.a.j.t.JMeterThread: Thread is done: Agent searches (GET /search) 2-34
2026-10-09 17:22:33,328 INFO o.a.j.t.JMeterThread: Thread finished: Agent searches (GET /search) 2-34
2026-10-09 17:22:36,166 INFO o.a.j.t.JMeterThread: Thread started: Agent searches (GET /search) 2-35
2026-10-09 17:22:36,330 INFO o.a.j.t.JMeterThread: Thread is done: Agent searches (GET /search) 2-35
2026-10-09 17:22:36,330 INFO o.a.j.t.JMeterThread: Thread finished: Agent searches (GET /search) 2-35
2026-10-09 17:22:37,251 INFO o.a.j.t.JMeterThread: Thread is done: Ticket intake (POST /tickets) 1-97
2026-10-09 17:22:37,251 INFO o.a.j.t.JMeterThread: Thread finished: Ticket intake (POST /tickets) 1-97
2026-10-09 17:22:38,042 INFO o.a.j.t.JMeterThread: Thread started: Agent searches (GET /search) 2-36
2026-10-09 17:22:38,123 INFO o.a.j.t.JMeterThread: Thread is done: Agent searches (GET /search) 2-36
2026-10-09 17:22:38,123 INFO o.a.j.t.JMeterThread: Thread finished: Agent searches (GET /search) 2-36
2026-10-09 17:22:38,567 INFO o.a.j.t.JMeterThread: Thread started: Agent searches (GET /search) 2-37
2026-10-09 17:22:38,683 INFO o.a.j.t.JMeterThread: Thread is done: Agent searches (GET /search) 2-37
2026-10-09 17:22:38,683 INFO o.a.j.t.JMeterThread: Thread finished: Agent searches (GET /search) 2-37
2026-10-09 17:22:38,701 INFO o.a.j.t.JMeterThread: Thread is done: Ticket intake (POST /tickets) 1-98
2026-10-09 17:22:38,702 INFO o.a.j.t.JMeterThread: Thread finished: Ticket intake (POST /tickets) 1-98
2026-10-09 17:22:40,696 INFO o.a.j.t.JMeterThread: Thread is done: Ticket intake (POST /tickets) 1-99
2026-10-09 17:22:40,696 INFO o.a.j.t.JMeterThread: Thread finished: Ticket intake (POST /tickets) 1-99
2026-10-09 17:22:41,533 INFO o.a.j.t.JMeterThread: Thread started: Ticket intake (POST /tickets) 1-109
2026-10-09 17:22:41,572 INFO o.a.j.t.JMeterThread: Thread started: Ticket intake (POST /tickets) 1-110
2026-10-09 17:22:43,607 INFO o.a.j.t.JMeterThread: Thread is done: Ticket intake (POST /tickets) 1-100
2026-10-09 17:22:43,608 INFO o.a.j.t.JMeterThread: Thread finished: Ticket intake (POST /tickets) 1-100
2026-10-09 17:22:47,189 INFO o.a.j.t.JMeterThread: Thread is done: Ticket intake (POST /tickets) 1-101
2026-10-09 17:22:47,189 INFO o.a.j.t.JMeterThread: Thread finished: Ticket intake (POST /tickets) 1-101
2026-10-09 17:22:48,468 INFO o.a.j.t.JMeterThread: Thread started: Ticket intake (POST /tickets) 1-111
2026-10-09 17:22:49,440 INFO o.a.j.t.JMeterThread: Thread is done: Ticket intake (POST /tickets) 1-102
2026-10-09 17:22:49,441 INFO o.a.j.t.JMeterThread: Thread finished: Ticket intake (POST /tickets) 1-102
2026-10-09 17:22:49,512 INFO o.a.j.t.JMeterThread: Thread started: Ticket intake (POST /tickets) 1-112
2026-10-09 17:22:49,566 INFO o.a.j.t.JMeterThread: Thread started: Ticket intake (POST /tickets) 1-113
2026-10-09 17:22:50,100 INFO o.a.j.t.JMeterThread: Thread started: Ticket intake (POST /tickets) 1-114
2026-10-09 17:22:50,973 INFO o.a.j.t.JMeterThread: Thread started: Ticket intake (POST /tickets) 1-115
2026-10-09 17:22:52,826 INFO o.a.j.t.JMeterThread: Thread is done: Ticket intake (POST /tickets) 1-103
2026-10-09 17:22:52,827 INFO o.a.j.t.JMeterThread: Thread finished: Ticket intake (POST /tickets) 1-103
2026-10-09 17:22:53,754 INFO o.a.j.t.JMeterThread: Thread is done: Ticket intake (POST /tickets) 1-104
2026-10-09 17:22:53,754 INFO o.a.j.t.JMeterThread: Thread finished: Ticket intake (POST /tickets) 1-104
2026-10-09 17:22:57,111 INFO o.a.j.t.JMeterThread: Thread started: Ticket intake (POST /tickets) 1-116
2026-10-09 17:22:58,001 INFO o.a.j.t.JMeterThread: Thread started: Ticket intake (POST /tickets) 1-117
2026-10-09 17:22:58,065 INFO o.a.j.t.JMeterThread: Thread is done: Ticket intake (POST /tickets) 1-105
2026-10-09 17:22:58,065 INFO o.a.j.t.JMeterThread: Thread finished: Ticket intake (POST /tickets) 1-105
2026-10-09 17:22:59,199 INFO o.a.j.t.JMeterThread: Thread started: Agent searches (GET /search) 2-38
2026-10-09 17:22:59,478 INFO o.a.j.t.JMeterThread: Thread is done: Agent searches (GET /search) 2-38
2026-10-09 17:22:59,478 INFO o.a.j.t.JMeterThread: Thread finished: Agent searches (GET /search) 2-38
2026-10-09 17:23:00,996 INFO o.a.j.t.JMeterThread: Thread started: Ticket intake (POST /tickets) 1-118
2026-10-09 17:23:02,129 INFO o.a.j.r.Summariser: summary +     16 in 00:00:32 =    0.5/s Avg: 30005 Min:    77 Max: 47041 Err:     0 (0.00%) Active: 13 Started: 156 Finished: 143
2026-10-09 17:23:02,130 INFO o.a.j.r.Summariser: summary =    144 in 00:05:18 =    0.5/s Avg: 19352 Min:    65 Max: 47041 Err:     0 (0.00%)
2026-10-09 17:23:02,130 INFO o.a.j.t.JMeterThread: Thread is done: Ticket intake (POST /tickets) 1-106
2026-10-09 17:23:02,130 INFO o.a.j.t.JMeterThread: Thread finished: Ticket intake (POST /tickets) 1-106
2026-10-09 17:23:02,514 INFO o.a.j.t.JMeterThread: Thread started: Ticket intake (POST /tickets) 1-119
2026-10-09 17:23:06,263 INFO o.a.j.t.JMeterThread: Thread started: Ticket intake (POST /tickets) 1-120
2026-10-09 17:23:07,776 INFO o.a.j.t.JMeterThread: Thread is done: Ticket intake (POST /tickets) 1-107
2026-10-09 17:23:07,776 INFO o.a.j.t.JMeterThread: Thread finished: Ticket intake (POST /tickets) 1-107
2026-10-09 17:23:11,769 INFO o.a.j.t.JMeterThread: Thread started: Ticket intake (POST /tickets) 1-121
2026-10-09 17:23:11,830 INFO o.a.j.t.JMeterThread: Thread started: Ticket intake (POST /tickets) 1-122
2026-10-09 17:23:11,930 INFO o.a.j.t.JMeterThread: Thread is done: Ticket intake (POST /tickets) 1-108
2026-10-09 17:23:11,930 INFO o.a.j.t.JMeterThread: Thread finished: Ticket intake (POST /tickets) 1-108
2026-10-09 17:23:12,669 INFO o.a.j.t.JMeterThread: Thread started: Ticket intake (POST /tickets) 1-123
2026-10-09 17:23:13,988 INFO o.a.j.t.JMeterThread: Thread is done: Ticket intake (POST /tickets) 1-109
2026-10-09 17:23:13,989 INFO o.a.j.t.JMeterThread: Thread finished: Ticket intake (POST /tickets) 1-109
2026-10-09 17:23:16,794 INFO o.a.j.t.JMeterThread: Thread is done: Ticket intake (POST /tickets) 1-110
2026-10-09 17:23:16,795 INFO o.a.j.t.JMeterThread: Thread finished: Ticket intake (POST /tickets) 1-110
2026-10-09 17:23:18,518 INFO o.a.j.t.JMeterThread: Thread is done: Ticket intake (POST /tickets) 1-111
2026-10-09 17:23:18,518 INFO o.a.j.t.JMeterThread: Thread finished: Ticket intake (POST /tickets) 1-111
2026-10-09 17:23:20,852 INFO o.a.j.t.JMeterThread: Thread is done: Ticket intake (POST /tickets) 1-112
2026-10-09 17:23:20,852 INFO o.a.j.t.JMeterThread: Thread finished: Ticket intake (POST /tickets) 1-112
2026-10-09 17:23:22,517 INFO o.a.j.t.JMeterThread: Thread is done: Ticket intake (POST /tickets) 1-113
2026-10-09 17:23:22,517 INFO o.a.j.t.JMeterThread: Thread finished: Ticket intake (POST /tickets) 1-113
2026-10-09 17:23:27,600 INFO o.a.j.t.JMeterThread: Thread is done: Ticket intake (POST /tickets) 1-114
2026-10-09 17:23:27,600 INFO o.a.j.t.JMeterThread: Thread finished: Ticket intake (POST /tickets) 1-114
2026-10-09 17:23:29,038 INFO o.a.j.t.JMeterThread: Thread started: Ticket intake (POST /tickets) 1-124
2026-10-09 17:23:29,327 INFO o.a.j.t.JMeterThread: Thread started: Ticket intake (POST /tickets) 1-125
2026-10-09 17:23:29,544 INFO o.a.j.t.JMeterThread: Thread is done: Ticket intake (POST /tickets) 1-115
2026-10-09 17:23:29,544 INFO o.a.j.t.JMeterThread: Thread finished: Ticket intake (POST /tickets) 1-115
2026-10-09 17:23:30,117 INFO o.a.j.t.JMeterThread: Thread started: Ticket intake (POST /tickets) 1-126
2026-10-09 17:23:30,866 INFO o.a.j.t.JMeterThread: Thread started: Agent searches (GET /search) 2-39
2026-10-09 17:23:30,979 INFO o.a.j.r.Summariser: summary +     10 in 00:00:29 =    0.3/s Avg: 32507 Min:   109 Max: 45449 Err:     0 (0.00%) Active: 12 Started: 165 Finished: 153
2026-10-09 17:23:30,980 INFO o.a.j.r.Summariser: summary =    154 in 00:05:46 =    0.4/s Avg: 20206 Min:    65 Max: 47041 Err:     0 (0.00%)
2026-10-09 17:23:30,980 INFO o.a.j.t.JMeterThread: Thread is done: Agent searches (GET /search) 2-39
2026-10-09 17:23:30,980 INFO o.a.j.t.JMeterThread: Thread finished: Agent searches (GET /search) 2-39
2026-10-09 17:23:31,483 INFO o.a.j.t.JMeterThread: Thread started: Ticket intake (POST /tickets) 1-127
2026-10-09 17:23:33,547 INFO o.a.j.t.JMeterThread: Thread started: Ticket intake (POST /tickets) 1-128
2026-10-09 17:23:33,736 INFO o.a.j.t.JMeterThread: Thread is done: Ticket intake (POST /tickets) 1-116
2026-10-09 17:23:33,737 INFO o.a.j.t.JMeterThread: Thread finished: Ticket intake (POST /tickets) 1-116
2026-10-09 17:23:36,514 INFO o.a.j.t.JMeterThread: Thread started: Ticket intake (POST /tickets) 1-129
2026-10-09 17:23:38,059 INFO o.a.j.t.JMeterThread: Thread is done: Ticket intake (POST /tickets) 1-117
2026-10-09 17:23:38,059 INFO o.a.j.t.JMeterThread: Thread finished: Ticket intake (POST /tickets) 1-117
2026-10-09 17:23:39,844 INFO o.a.j.t.JMeterThread: Thread is done: Ticket intake (POST /tickets) 1-118
2026-10-09 17:23:39,845 INFO o.a.j.t.JMeterThread: Thread finished: Ticket intake (POST /tickets) 1-118
2026-10-09 17:23:41,583 INFO o.a.j.t.JMeterThread: Thread started: Ticket intake (POST /tickets) 1-130
2026-10-09 17:23:42,260 INFO o.a.j.t.JMeterThread: Thread started: Ticket intake (POST /tickets) 1-131
2026-10-09 17:23:43,504 INFO o.a.j.t.JMeterThread: Thread is done: Ticket intake (POST /tickets) 1-119
2026-10-09 17:23:43,504 INFO o.a.j.t.JMeterThread: Thread finished: Ticket intake (POST /tickets) 1-119
2026-10-09 17:23:45,482 INFO o.a.j.t.JMeterThread: Thread started: Ticket intake (POST /tickets) 1-132
2026-10-09 17:23:45,516 INFO o.a.j.t.JMeterThread: Thread is done: Ticket intake (POST /tickets) 1-120
2026-10-09 17:23:45,517 INFO o.a.j.t.JMeterThread: Thread finished: Ticket intake (POST /tickets) 1-120
2026-10-09 17:23:46,452 INFO o.a.j.t.JMeterThread: Thread started: Ticket intake (POST /tickets) 1-133
2026-10-09 17:23:46,553 INFO o.a.j.t.JMeterThread: Thread started: Ticket intake (POST /tickets) 1-134
2026-10-09 17:23:47,501 INFO o.a.j.t.JMeterThread: Thread started: Ticket intake (POST /tickets) 1-135
2026-10-09 17:23:47,918 INFO o.a.j.t.JMeterThread: Thread is done: Ticket intake (POST /tickets) 1-121
2026-10-09 17:23:47,919 INFO o.a.j.t.JMeterThread: Thread finished: Ticket intake (POST /tickets) 1-121
2026-10-09 17:23:49,417 INFO o.a.j.t.JMeterThread: Thread started: Agent searches (GET /search) 2-40
2026-10-09 17:23:49,509 INFO o.a.j.t.JMeterThread: Thread is done: Agent searches (GET /search) 2-40
2026-10-09 17:23:49,509 INFO o.a.j.t.JMeterThread: Thread finished: Agent searches (GET /search) 2-40
2026-10-09 17:23:52,725 INFO o.a.j.t.JMeterThread: Thread is done: Ticket intake (POST /tickets) 1-122
2026-10-09 17:23:52,725 INFO o.a.j.t.JMeterThread: Thread finished: Ticket intake (POST /tickets) 1-122
2026-10-09 17:23:53,759 INFO o.a.j.t.JMeterThread: Thread started: Ticket intake (POST /tickets) 1-136
2026-10-09 17:23:54,774 INFO o.a.j.t.JMeterThread: Thread is done: Ticket intake (POST /tickets) 1-123
2026-10-09 17:23:54,774 INFO o.a.j.t.JMeterThread: Thread finished: Ticket intake (POST /tickets) 1-123
2026-10-09 17:23:55,629 INFO o.a.j.t.JMeterThread: Thread started: Ticket intake (POST /tickets) 1-137
2026-10-09 17:23:58,018 INFO o.a.j.t.JMeterThread: Thread is done: Ticket intake (POST /tickets) 1-124
2026-10-09 17:23:58,018 INFO o.a.j.t.JMeterThread: Thread finished: Ticket intake (POST /tickets) 1-124
2026-10-09 17:23:59,303 INFO o.a.j.t.JMeterThread: Thread is done: Ticket intake (POST /tickets) 1-125
2026-10-09 17:23:59,303 INFO o.a.j.t.JMeterThread: Thread finished: Ticket intake (POST /tickets) 1-125
2026-10-09 17:24:00,989 INFO o.a.j.t.JMeterThread: Thread started: Ticket intake (POST /tickets) 1-138
2026-10-09 17:24:01,226 INFO o.a.j.r.Summariser: summary +     12 in 00:00:30 =    0.4/s Avg: 33754 Min:    89 Max: 42103 Err:     0 (0.00%) Active: 13 Started: 178 Finished: 165
2026-10-09 17:24:01,227 INFO o.a.j.r.Summariser: summary =    166 in 00:06:17 =    0.4/s Avg: 21185 Min:    65 Max: 47041 Err:     0 (0.00%)
2026-10-09 17:24:01,227 INFO o.a.j.t.JMeterThread: Thread is done: Ticket intake (POST /tickets) 1-126
2026-10-09 17:24:01,227 INFO o.a.j.t.JMeterThread: Thread finished: Ticket intake (POST /tickets) 1-126
2026-10-09 17:24:02,151 INFO o.a.j.t.JMeterThread: Thread started: Ticket intake (POST /tickets) 1-139
2026-10-09 17:24:02,444 INFO o.a.j.t.JMeterThread: Thread started: Agent searches (GET /search) 2-41
2026-10-09 17:24:02,515 INFO o.a.j.t.JMeterThread: Thread is done: Agent searches (GET /search) 2-41
2026-10-09 17:24:02,516 INFO o.a.j.t.JMeterThread: Thread finished: Agent searches (GET /search) 2-41
2026-10-09 17:24:03,478 INFO o.a.j.t.JMeterThread: Thread is done: Ticket intake (POST /tickets) 1-127
2026-10-09 17:24:03,478 INFO o.a.j.t.JMeterThread: Thread finished: Ticket intake (POST /tickets) 1-127
2026-10-09 17:24:04,464 INFO o.a.j.t.JMeterThread: Thread is done: Ticket intake (POST /tickets) 1-128
2026-10-09 17:24:04,464 INFO o.a.j.t.JMeterThread: Thread finished: Ticket intake (POST /tickets) 1-128
2026-10-09 17:24:05,083 INFO o.a.j.t.JMeterThread: Thread started: Ticket intake (POST /tickets) 1-140
2026-10-09 17:24:05,188 INFO o.a.j.t.JMeterThread: Thread started: Agent searches (GET /search) 2-42
2026-10-09 17:24:05,317 INFO o.a.j.t.JMeterThread: Thread is done: Agent searches (GET /search) 2-42
2026-10-09 17:24:05,317 INFO o.a.j.t.JMeterThread: Thread finished: Agent searches (GET /search) 2-42
2026-10-09 17:24:06,325 INFO o.a.j.t.JMeterThread: Thread started: Ticket intake (POST /tickets) 1-141
2026-10-09 17:24:06,468 INFO o.a.j.t.JMeterThread: Thread is done: Ticket intake (POST /tickets) 1-129
2026-10-09 17:24:06,468 INFO o.a.j.t.JMeterThread: Thread finished: Ticket intake (POST /tickets) 1-129
2026-10-09 17:24:07,028 INFO o.a.j.t.JMeterThread: Thread started: Agent searches (GET /search) 2-43
2026-10-09 17:24:07,245 INFO o.a.j.t.JMeterThread: Thread is done: Agent searches (GET /search) 2-43
2026-10-09 17:24:07,246 INFO o.a.j.t.JMeterThread: Thread finished: Agent searches (GET /search) 2-43
2026-10-09 17:24:08,185 INFO o.a.j.t.JMeterThread: Thread is done: Ticket intake (POST /tickets) 1-130
2026-10-09 17:24:08,185 INFO o.a.j.t.JMeterThread: Thread finished: Ticket intake (POST /tickets) 1-130
2026-10-09 17:24:09,413 INFO o.a.j.t.JMeterThread: Thread started: Ticket intake (POST /tickets) 1-142
2026-10-09 17:24:10,633 INFO o.a.j.t.JMeterThread: Thread started: Ticket intake (POST /tickets) 1-143
2026-10-09 17:24:11,516 INFO o.a.j.t.JMeterThread: Thread is done: Ticket intake (POST /tickets) 1-131
2026-10-09 17:24:11,517 INFO o.a.j.t.JMeterThread: Thread finished: Ticket intake (POST /tickets) 1-131
2026-10-09 17:24:13,371 INFO o.a.j.t.JMeterThread: Thread started: Ticket intake (POST /tickets) 1-144
2026-10-09 17:24:13,489 INFO o.a.j.t.JMeterThread: Thread started: Ticket intake (POST /tickets) 1-145
2026-10-09 17:24:14,417 INFO o.a.j.t.JMeterThread: Thread started: Ticket intake (POST /tickets) 1-146
2026-10-09 17:24:14,955 INFO o.a.j.t.JMeterThread: Thread is done: Ticket intake (POST /tickets) 1-132
2026-10-09 17:24:14,955 INFO o.a.j.t.JMeterThread: Thread finished: Ticket intake (POST /tickets) 1-132
2026-10-09 17:24:16,647 INFO o.a.j.t.JMeterThread: Thread started: Ticket intake (POST /tickets) 1-147
2026-10-09 17:24:17,978 INFO o.a.j.t.JMeterThread: Thread is done: Ticket intake (POST /tickets) 1-133
2026-10-09 17:24:17,978 INFO o.a.j.t.JMeterThread: Thread finished: Ticket intake (POST /tickets) 1-133
2026-10-09 17:24:20,540 INFO o.a.j.t.JMeterThread: Thread is done: Ticket intake (POST /tickets) 1-134
2026-10-09 17:24:20,540 INFO o.a.j.t.JMeterThread: Thread finished: Ticket intake (POST /tickets) 1-134
2026-10-09 17:24:20,651 INFO o.a.j.t.JMeterThread: Thread started: Ticket intake (POST /tickets) 1-148
2026-10-09 17:24:21,359 INFO o.a.j.t.JMeterThread: Thread started: Ticket intake (POST /tickets) 1-149
2026-10-09 17:24:22,710 INFO o.a.j.t.JMeterThread: Thread started: Ticket intake (POST /tickets) 1-150
2026-10-09 17:24:23,405 INFO o.a.j.t.JMeterThread: Thread started: Agent searches (GET /search) 2-44
2026-10-09 17:24:23,459 INFO o.a.j.t.JMeterThread: Thread is done: Agent searches (GET /search) 2-44
2026-10-09 17:24:23,459 INFO o.a.j.t.JMeterThread: Thread finished: Agent searches (GET /search) 2-44
2026-10-09 17:24:24,165 INFO o.a.j.t.JMeterThread: Thread is done: Ticket intake (POST /tickets) 1-135
2026-10-09 17:24:24,165 INFO o.a.j.t.JMeterThread: Thread finished: Ticket intake (POST /tickets) 1-135
2026-10-09 17:24:24,707 INFO o.a.j.t.JMeterThread: Thread started: Agent searches (GET /search) 2-45
2026-10-09 17:24:24,773 INFO o.a.j.t.JMeterThread: Thread is done: Agent searches (GET /search) 2-45
2026-10-09 17:24:24,773 INFO o.a.j.t.JMeterThread: Thread finished: Agent searches (GET /search) 2-45
2026-10-09 17:24:28,075 INFO o.a.j.t.JMeterThread: Thread started: Ticket intake (POST /tickets) 1-151
2026-10-09 17:24:28,147 INFO o.a.j.t.JMeterThread: Thread is done: Ticket intake (POST /tickets) 1-136
2026-10-09 17:24:28,147 INFO o.a.j.t.JMeterThread: Thread finished: Ticket intake (POST /tickets) 1-136
2026-10-09 17:24:29,232 INFO o.a.j.t.JMeterThread: Thread started: Agent searches (GET /search) 2-46
2026-10-09 17:24:29,342 INFO o.a.j.t.JMeterThread: Thread is done: Agent searches (GET /search) 2-46
2026-10-09 17:24:29,342 INFO o.a.j.t.JMeterThread: Thread finished: Agent searches (GET /search) 2-46
2026-10-09 17:24:31,017 INFO o.a.j.r.Summariser: summary +     17 in 00:00:30 =    0.6/s Avg: 20632 Min:    50 Max: 36661 Err:     0 (0.00%) Active: 15 Started: 197 Finished: 182
2026-10-09 17:24:31,018 INFO o.a.j.r.Summariser: summary =    183 in 00:06:47 =    0.5/s Avg: 21134 Min:    50 Max: 47041 Err:     0 (0.00%)
2026-10-09 17:24:31,018 INFO o.a.j.t.JMeterThread: Thread is done: Ticket intake (POST /tickets) 1-137
2026-10-09 17:24:31,018 INFO o.a.j.t.JMeterThread: Thread finished: Ticket intake (POST /tickets) 1-137
2026-10-09 17:24:32,483 INFO o.a.j.t.JMeterThread: Thread is done: Ticket intake (POST /tickets) 1-138
2026-10-09 17:24:32,484 INFO o.a.j.t.JMeterThread: Thread finished: Ticket intake (POST /tickets) 1-138
2026-10-09 17:24:33,110 INFO o.a.j.t.JMeterThread: Thread started: Ticket intake (POST /tickets) 1-152
2026-10-09 17:24:35,947 INFO o.a.j.t.JMeterThread: Thread is done: Ticket intake (POST /tickets) 1-139
2026-10-09 17:24:35,947 INFO o.a.j.t.JMeterThread: Thread finished: Ticket intake (POST /tickets) 1-139
2026-10-09 17:24:38,902 INFO o.a.j.t.JMeterThread: Thread is done: Ticket intake (POST /tickets) 1-140
2026-10-09 17:24:38,902 INFO o.a.j.t.JMeterThread: Thread finished: Ticket intake (POST /tickets) 1-140
2026-10-09 17:24:41,459 INFO o.a.j.t.JMeterThread: Thread is done: Ticket intake (POST /tickets) 1-141
2026-10-09 17:24:41,459 INFO o.a.j.t.JMeterThread: Thread finished: Ticket intake (POST /tickets) 1-141
2026-10-09 17:24:44,822 INFO o.a.j.t.JMeterThread: Thread started: Ticket intake (POST /tickets) 1-153
2026-10-09 17:24:47,005 INFO o.a.j.t.JMeterThread: Thread is done: Ticket intake (POST /tickets) 1-142
2026-10-09 17:24:47,005 INFO o.a.j.t.JMeterThread: Thread finished: Ticket intake (POST /tickets) 1-142
2026-10-09 17:24:48,858 INFO o.a.j.t.JMeterThread: Thread started: Ticket intake (POST /tickets) 1-154
2026-10-09 17:24:49,238 INFO o.a.j.t.JMeterThread: Thread is done: Ticket intake (POST /tickets) 1-143
2026-10-09 17:24:49,238 INFO o.a.j.t.JMeterThread: Thread finished: Ticket intake (POST /tickets) 1-143
2026-10-09 17:24:49,606 INFO o.a.j.t.JMeterThread: Thread started: Agent searches (GET /search) 2-47
2026-10-09 17:24:49,739 INFO o.a.j.t.JMeterThread: Thread is done: Agent searches (GET /search) 2-47
2026-10-09 17:24:49,740 INFO o.a.j.t.JMeterThread: Thread finished: Agent searches (GET /search) 2-47
2026-10-09 17:24:50,155 INFO o.a.j.t.JMeterThread: Thread started: Agent searches (GET /search) 2-48
2026-10-09 17:24:50,917 INFO o.a.j.t.JMeterThread: Thread is done: Agent searches (GET /search) 2-48
2026-10-09 17:24:50,917 INFO o.a.j.t.JMeterThread: Thread finished: Agent searches (GET /search) 2-48
2026-10-09 17:24:51,292 INFO o.a.j.t.JMeterThread: Thread is done: Ticket intake (POST /tickets) 1-144
2026-10-09 17:24:51,292 INFO o.a.j.t.JMeterThread: Thread finished: Ticket intake (POST /tickets) 1-144
2026-10-09 17:24:53,918 INFO o.a.j.t.JMeterThread: Thread is done: Ticket intake (POST /tickets) 1-145
2026-10-09 17:24:53,918 INFO o.a.j.t.JMeterThread: Thread finished: Ticket intake (POST /tickets) 1-145
2026-10-09 17:24:55,391 INFO o.a.j.t.JMeterThread: Thread is done: Ticket intake (POST /tickets) 1-146
2026-10-09 17:24:55,391 INFO o.a.j.t.JMeterThread: Thread finished: Ticket intake (POST /tickets) 1-146
2026-10-09 17:24:55,494 INFO o.a.j.t.JMeterThread: Thread started: Agent searches (GET /search) 2-49
2026-10-09 17:24:55,579 INFO o.a.j.t.JMeterThread: Thread is done: Agent searches (GET /search) 2-49
2026-10-09 17:24:55,579 INFO o.a.j.t.JMeterThread: Thread finished: Agent searches (GET /search) 2-49
2026-10-09 17:24:56,971 INFO o.a.j.t.JMeterThread: Thread started: Ticket intake (POST /tickets) 1-155
2026-10-09 17:24:57,202 INFO o.a.j.t.JMeterThread: Thread started: Agent searches (GET /search) 2-50
2026-10-09 17:24:57,233 INFO o.a.j.t.JMeterThread: Thread started: Ticket intake (POST /tickets) 1-156
2026-10-09 17:24:57,296 INFO o.a.j.t.JMeterThread: Thread is done: Agent searches (GET /search) 2-50
2026-10-09 17:24:57,296 INFO o.a.j.t.JMeterThread: Thread finished: Agent searches (GET /search) 2-50
2026-10-09 17:24:58,886 INFO o.a.j.t.JMeterThread: Thread is done: Ticket intake (POST /tickets) 1-147
2026-10-09 17:24:58,886 INFO o.a.j.t.JMeterThread: Thread finished: Ticket intake (POST /tickets) 1-147
2026-10-09 17:25:01,386 INFO o.a.j.t.JMeterThread: Thread started: Agent searches (GET /search) 2-51
2026-10-09 17:25:01,454 INFO o.a.j.r.Summariser: summary +     15 in 00:00:30 =    0.5/s Avg: 24873 Min:    65 Max: 42236 Err:     0 (0.00%) Active: 10 Started: 207 Finished: 197
2026-10-09 17:25:01,455 INFO o.a.j.r.Summariser: summary =    198 in 00:07:17 =    0.5/s Avg: 21417 Min:    50 Max: 47041 Err:     0 (0.00%)
2026-10-09 17:25:01,455 INFO o.a.j.t.JMeterThread: Thread is done: Agent searches (GET /search) 2-51
2026-10-09 17:25:01,455 INFO o.a.j.t.JMeterThread: Thread finished: Agent searches (GET /search) 2-51
2026-10-09 17:25:01,861 INFO o.a.j.t.JMeterThread: Thread is done: Ticket intake (POST /tickets) 1-148
2026-10-09 17:25:01,862 INFO o.a.j.t.JMeterThread: Thread finished: Ticket intake (POST /tickets) 1-148
2026-10-09 17:25:05,151 INFO o.a.j.t.JMeterThread: Thread started: Ticket intake (POST /tickets) 1-157
2026-10-09 17:25:06,154 INFO o.a.j.t.JMeterThread: Thread is done: Ticket intake (POST /tickets) 1-149
2026-10-09 17:25:06,154 INFO o.a.j.t.JMeterThread: Thread finished: Ticket intake (POST /tickets) 1-149
2026-10-09 17:25:07,796 INFO o.a.j.t.JMeterThread: Thread started: Ticket intake (POST /tickets) 1-158
2026-10-09 17:25:08,996 INFO o.a.j.t.JMeterThread: Thread started: Ticket intake (POST /tickets) 1-159
2026-10-09 17:25:09,417 INFO o.a.j.t.JMeterThread: Thread is done: Ticket intake (POST /tickets) 1-150
2026-10-09 17:25:09,417 INFO o.a.j.t.JMeterThread: Thread finished: Ticket intake (POST /tickets) 1-150
2026-10-09 17:25:10,952 INFO o.a.j.t.JMeterThread: Thread is done: Ticket intake (POST /tickets) 1-151
2026-10-09 17:25:10,952 INFO o.a.j.t.JMeterThread: Thread finished: Ticket intake (POST /tickets) 1-151
2026-10-09 17:25:10,956 INFO o.a.j.t.JMeterThread: Thread started: Ticket intake (POST /tickets) 1-160
2026-10-09 17:25:12,772 INFO o.a.j.t.JMeterThread: Thread started: Ticket intake (POST /tickets) 1-161
2026-10-09 17:25:12,806 INFO o.a.j.t.JMeterThread: Thread is done: Ticket intake (POST /tickets) 1-152
2026-10-09 17:25:12,806 INFO o.a.j.t.JMeterThread: Thread finished: Ticket intake (POST /tickets) 1-152
2026-10-09 17:25:13,090 INFO o.a.j.t.JMeterThread: Thread started: Agent searches (GET /search) 2-52
2026-10-09 17:25:13,245 INFO o.a.j.t.JMeterThread: Thread is done: Agent searches (GET /search) 2-52
2026-10-09 17:25:13,245 INFO o.a.j.t.JMeterThread: Thread finished: Agent searches (GET /search) 2-52
2026-10-09 17:25:16,042 INFO o.a.j.t.JMeterThread: Thread is done: Ticket intake (POST /tickets) 1-153
2026-10-09 17:25:16,042 INFO o.a.j.t.JMeterThread: Thread finished: Ticket intake (POST /tickets) 1-153
2026-10-09 17:25:16,178 INFO o.a.j.t.JMeterThread: Thread started: Ticket intake (POST /tickets) 1-162
2026-10-09 17:25:16,599 INFO o.a.j.t.JMeterThread: Thread started: Ticket intake (POST /tickets) 1-163
2026-10-09 17:25:17,507 INFO o.a.j.t.JMeterThread: Thread started: Ticket intake (POST /tickets) 1-164
2026-10-09 17:25:18,107 INFO o.a.j.t.JMeterThread: Thread is done: Ticket intake (POST /tickets) 1-154
2026-10-09 17:25:18,108 INFO o.a.j.t.JMeterThread: Thread finished: Ticket intake (POST /tickets) 1-154
2026-10-09 17:25:18,178 INFO o.a.j.t.JMeterThread: Thread started: Ticket intake (POST /tickets) 1-165
2026-10-09 17:25:19,248 INFO o.a.j.t.JMeterThread: Thread is done: Ticket intake (POST /tickets) 1-155
2026-10-09 17:25:19,248 INFO o.a.j.t.JMeterThread: Thread finished: Ticket intake (POST /tickets) 1-155
2026-10-09 17:25:20,644 INFO o.a.j.t.JMeterThread: Thread is done: Ticket intake (POST /tickets) 1-156
2026-10-09 17:25:20,644 INFO o.a.j.t.JMeterThread: Thread finished: Ticket intake (POST /tickets) 1-156
2026-10-09 17:25:21,877 INFO o.a.j.t.JMeterThread: Thread started: Ticket intake (POST /tickets) 1-166
2026-10-09 17:25:22,578 INFO o.a.j.t.JMeterThread: Thread started: Ticket intake (POST /tickets) 1-167
2026-10-09 17:25:22,827 INFO o.a.j.t.JMeterThread: Thread started: Ticket intake (POST /tickets) 1-168
2026-10-09 17:25:23,249 INFO o.a.j.t.JMeterThread: Thread is done: Ticket intake (POST /tickets) 1-157
2026-10-09 17:25:23,249 INFO o.a.j.t.JMeterThread: Thread finished: Ticket intake (POST /tickets) 1-157
2026-10-09 17:25:24,984 INFO o.a.j.t.JMeterThread: Thread is done: Ticket intake (POST /tickets) 1-158
2026-10-09 17:25:24,984 INFO o.a.j.t.JMeterThread: Thread finished: Ticket intake (POST /tickets) 1-158
2026-10-09 17:25:24,985 INFO o.a.j.t.JMeterThread: Thread started: Agent searches (GET /search) 2-53
2026-10-09 17:25:25,032 INFO o.a.j.t.JMeterThread: Thread is done: Agent searches (GET /search) 2-53
2026-10-09 17:25:25,033 INFO o.a.j.t.JMeterThread: Thread finished: Agent searches (GET /search) 2-53
2026-10-09 17:25:25,708 INFO o.a.j.t.JMeterThread: Thread started: Agent searches (GET /search) 2-54
2026-10-09 17:25:25,784 INFO o.a.j.t.JMeterThread: Thread is done: Agent searches (GET /search) 2-54
2026-10-09 17:25:25,785 INFO o.a.j.t.JMeterThread: Thread finished: Agent searches (GET /search) 2-54
2026-10-09 17:25:26,057 INFO o.a.j.t.JMeterThread: Thread is done: Ticket intake (POST /tickets) 1-159
2026-10-09 17:25:26,057 INFO o.a.j.t.JMeterThread: Thread finished: Ticket intake (POST /tickets) 1-159
2026-10-09 17:25:27,709 INFO o.a.j.t.JMeterThread: Thread is done: Ticket intake (POST /tickets) 1-160
2026-10-09 17:25:27,710 INFO o.a.j.t.JMeterThread: Thread finished: Ticket intake (POST /tickets) 1-160
2026-10-09 17:25:29,953 INFO o.a.j.t.JMeterThread: Thread started: Agent searches (GET /search) 2-55
2026-10-09 17:25:30,086 INFO o.a.j.r.Summariser: summary +     17 in 00:00:29 =    0.6/s Avg: 22994 Min:    44 Max: 46705 Err:     0 (0.00%) Active: 9 Started: 223 Finished: 214
2026-10-09 17:25:30,087 INFO o.a.j.r.Summariser: summary =    215 in 00:07:46 =    0.5/s Avg: 21542 Min:    44 Max: 47041 Err:     0 (0.00%)
2026-10-09 17:25:30,087 INFO o.a.j.t.JMeterThread: Thread is done: Agent searches (GET /search) 2-55
2026-10-09 17:25:30,087 INFO o.a.j.t.JMeterThread: Thread finished: Agent searches (GET /search) 2-55
2026-10-09 17:25:32,638 INFO o.a.j.t.JMeterThread: Thread is done: Ticket intake (POST /tickets) 1-161
2026-10-09 17:25:32,639 INFO o.a.j.t.JMeterThread: Thread finished: Ticket intake (POST /tickets) 1-161
2026-10-09 17:25:34,380 INFO o.a.j.t.JMeterThread: Thread started: Ticket intake (POST /tickets) 1-169
2026-10-09 17:25:34,806 INFO o.a.j.t.JMeterThread: Thread started: Ticket intake (POST /tickets) 1-170
2026-10-09 17:25:35,312 INFO o.a.j.t.JMeterThread: Thread started: Agent searches (GET /search) 2-56
2026-10-09 17:25:35,468 INFO o.a.j.t.JMeterThread: Thread is done: Agent searches (GET /search) 2-56
2026-10-09 17:25:35,468 INFO o.a.j.t.JMeterThread: Thread finished: Agent searches (GET /search) 2-56
2026-10-09 17:25:35,811 INFO o.a.j.t.JMeterThread: Thread started: Ticket intake (POST /tickets) 1-171
2026-10-09 17:25:35,832 INFO o.a.j.t.JMeterThread: Thread started: Ticket intake (POST /tickets) 1-172
2026-10-09 17:25:36,013 INFO o.a.j.t.JMeterThread: Thread is done: Ticket intake (POST /tickets) 1-162
2026-10-09 17:25:36,013 INFO o.a.j.t.JMeterThread: Thread finished: Ticket intake (POST /tickets) 1-162
2026-10-09 17:25:37,426 INFO o.a.j.t.JMeterThread: Thread started: Agent searches (GET /search) 2-57
2026-10-09 17:25:37,547 INFO o.a.j.t.JMeterThread: Thread is done: Agent searches (GET /search) 2-57
2026-10-09 17:25:37,547 INFO o.a.j.t.JMeterThread: Thread finished: Agent searches (GET /search) 2-57
2026-10-09 17:25:38,096 INFO o.a.j.t.JMeterThread: Thread is done: Ticket intake (POST /tickets) 1-163
2026-10-09 17:25:38,096 INFO o.a.j.t.JMeterThread: Thread finished: Ticket intake (POST /tickets) 1-163
2026-10-09 17:25:40,545 INFO o.a.j.t.JMeterThread: Thread is done: Ticket intake (POST /tickets) 1-164
2026-10-09 17:25:40,546 INFO o.a.j.t.JMeterThread: Thread finished: Ticket intake (POST /tickets) 1-164
2026-10-09 17:25:41,122 INFO o.a.j.t.JMeterThread: Thread started: Ticket intake (POST /tickets) 1-173
2026-10-09 17:25:42,412 INFO o.a.j.t.JMeterThread: Thread started: Ticket intake (POST /tickets) 1-174
2026-10-09 17:25:43,054 INFO o.a.j.t.JMeterThread: Thread started: Agent searches (GET /search) 2-58
2026-10-09 17:25:43,127 INFO o.a.j.t.JMeterThread: Thread is done: Ticket intake (POST /tickets) 1-165
2026-10-09 17:25:43,127 INFO o.a.j.t.JMeterThread: Thread finished: Ticket intake (POST /tickets) 1-165
2026-10-09 17:25:43,164 INFO o.a.j.t.JMeterThread: Thread is done: Agent searches (GET /search) 2-58
2026-10-09 17:25:43,164 INFO o.a.j.t.JMeterThread: Thread finished: Agent searches (GET /search) 2-58
2026-10-09 17:25:46,109 INFO o.a.j.t.JMeterThread: Thread is done: Ticket intake (POST /tickets) 1-166
2026-10-09 17:25:46,109 INFO o.a.j.t.JMeterThread: Thread finished: Ticket intake (POST /tickets) 1-166
2026-10-09 17:25:48,155 INFO o.a.j.t.JMeterThread: Thread started: Ticket intake (POST /tickets) 1-175
2026-10-09 17:25:49,596 INFO o.a.j.t.JMeterThread: Thread is done: Ticket intake (POST /tickets) 1-167
2026-10-09 17:25:49,596 INFO o.a.j.t.JMeterThread: Thread finished: Ticket intake (POST /tickets) 1-167
2026-10-09 17:25:50,398 INFO o.a.j.t.JMeterThread: Thread started: Ticket intake (POST /tickets) 1-176
2026-10-09 17:25:52,635 INFO o.a.j.t.JMeterThread: Thread is done: Ticket intake (POST /tickets) 1-168
2026-10-09 17:25:52,635 INFO o.a.j.t.JMeterThread: Thread finished: Ticket intake (POST /tickets) 1-168
2026-10-09 17:25:53,713 INFO o.a.j.t.JMeterThread: Thread started: Ticket intake (POST /tickets) 1-177
2026-10-09 17:25:53,812 INFO o.a.j.t.JMeterThread: Thread is done: Ticket intake (POST /tickets) 1-169
2026-10-09 17:25:53,813 INFO o.a.j.t.JMeterThread: Thread finished: Ticket intake (POST /tickets) 1-169
2026-10-09 17:25:54,023 INFO o.a.j.t.JMeterThread: Thread started: Agent searches (GET /search) 2-59
2026-10-09 17:25:54,125 INFO o.a.j.t.JMeterThread: Thread started: Ticket intake (POST /tickets) 1-178
2026-10-09 17:25:54,231 INFO o.a.j.t.JMeterThread: Thread is done: Agent searches (GET /search) 2-59
2026-10-09 17:25:54,231 INFO o.a.j.t.JMeterThread: Thread finished: Agent searches (GET /search) 2-59
2026-10-09 17:25:55,261 INFO o.a.j.t.JMeterThread: Thread started: Ticket intake (POST /tickets) 1-179
2026-10-09 17:25:55,382 INFO o.a.j.t.JMeterThread: Thread is done: Ticket intake (POST /tickets) 1-170
2026-10-09 17:25:55,382 INFO o.a.j.t.JMeterThread: Thread finished: Ticket intake (POST /tickets) 1-170
2026-10-09 17:25:57,325 INFO o.a.j.t.JMeterThread: Thread is done: Ticket intake (POST /tickets) 1-171
2026-10-09 17:25:57,325 INFO o.a.j.t.JMeterThread: Thread finished: Ticket intake (POST /tickets) 1-171
2026-10-09 17:25:58,815 INFO o.a.j.t.JMeterThread: Thread started: Agent searches (GET /search) 2-60
2026-10-09 17:25:58,942 INFO o.a.j.t.JMeterThread: Thread is done: Agent searches (GET /search) 2-60
2026-10-09 17:25:58,942 INFO o.a.j.t.JMeterThread: Thread finished: Agent searches (GET /search) 2-60
2026-10-09 17:25:59,593 INFO o.a.j.t.JMeterThread: Thread started: Ticket intake (POST /tickets) 1-180
2026-10-09 17:25:59,814 INFO o.a.j.t.JMeterThread: Thread is done: Ticket intake (POST /tickets) 1-172
2026-10-09 17:25:59,814 INFO o.a.j.t.JMeterThread: Thread finished: Ticket intake (POST /tickets) 1-172
2026-10-09 17:26:01,033 INFO o.a.j.t.JMeterThread: Thread started: Ticket intake (POST /tickets) 1-181
2026-10-09 17:26:02,238 INFO o.a.j.r.Summariser: summary +     18 in 00:00:32 =    0.6/s Avg: 16529 Min:   107 Max: 29805 Err:     0 (0.00%) Active: 9 Started: 241 Finished: 232
2026-10-09 17:26:02,239 INFO o.a.j.r.Summariser: summary =    233 in 00:08:18 =    0.5/s Avg: 21155 Min:    44 Max: 47041 Err:     0 (0.00%)
2026-10-09 17:26:02,239 INFO o.a.j.t.JMeterThread: Thread is done: Ticket intake (POST /tickets) 1-173
2026-10-09 17:26:02,239 INFO o.a.j.t.JMeterThread: Thread finished: Ticket intake (POST /tickets) 1-173
2026-10-09 17:26:02,405 INFO o.a.j.t.JMeterThread: Thread started: Ticket intake (POST /tickets) 1-182
2026-10-09 17:26:03,837 INFO o.a.j.t.JMeterThread: Thread started: Ticket intake (POST /tickets) 1-183
2026-10-09 17:26:04,817 INFO o.a.j.t.JMeterThread: Thread is done: Ticket intake (POST /tickets) 1-174
2026-10-09 17:26:04,817 INFO o.a.j.t.JMeterThread: Thread finished: Ticket intake (POST /tickets) 1-174
2026-10-09 17:26:06,523 INFO o.a.j.t.JMeterThread: Thread is done: Ticket intake (POST /tickets) 1-175
2026-10-09 17:26:06,524 INFO o.a.j.t.JMeterThread: Thread finished: Ticket intake (POST /tickets) 1-175
2026-10-09 17:26:07,254 INFO o.a.j.t.JMeterThread: Thread started: Ticket intake (POST /tickets) 1-184
2026-10-09 17:26:08,096 INFO o.a.j.t.JMeterThread: Thread started: Agent searches (GET /search) 2-61
2026-10-09 17:26:08,207 INFO o.a.j.t.JMeterThread: Thread is done: Agent searches (GET /search) 2-61
2026-10-09 17:26:08,208 INFO o.a.j.t.JMeterThread: Thread finished: Agent searches (GET /search) 2-61
2026-10-09 17:26:08,617 INFO o.a.j.t.JMeterThread: Thread started: Ticket intake (POST /tickets) 1-185
2026-10-09 17:26:09,041 INFO o.a.j.t.JMeterThread: Thread is done: Ticket intake (POST /tickets) 1-176
2026-10-09 17:26:09,041 INFO o.a.j.t.JMeterThread: Thread finished: Ticket intake (POST /tickets) 1-176
2026-10-09 17:26:10,855 INFO o.a.j.t.JMeterThread: Thread is done: Ticket intake (POST /tickets) 1-177
2026-10-09 17:26:10,856 INFO o.a.j.t.JMeterThread: Thread finished: Ticket intake (POST /tickets) 1-177
2026-10-09 17:26:11,084 INFO o.a.j.t.JMeterThread: Thread started: Ticket intake (POST /tickets) 1-186
2026-10-09 17:26:11,206 INFO o.a.j.t.JMeterThread: Thread started: Ticket intake (POST /tickets) 1-187
2026-10-09 17:26:14,103 INFO o.a.j.t.JMeterThread: Thread is done: Ticket intake (POST /tickets) 1-178
2026-10-09 17:26:14,104 INFO o.a.j.t.JMeterThread: Thread finished: Ticket intake (POST /tickets) 1-178
2026-10-09 17:26:16,144 INFO o.a.j.t.JMeterThread: Thread started: Ticket intake (POST /tickets) 1-188
2026-10-09 17:26:17,276 INFO o.a.j.t.JMeterThread: Thread is done: Ticket intake (POST /tickets) 1-179
2026-10-09 17:26:17,276 INFO o.a.j.t.JMeterThread: Thread finished: Ticket intake (POST /tickets) 1-179
2026-10-09 17:26:20,218 INFO o.a.j.t.JMeterThread: Thread started: Ticket intake (POST /tickets) 1-189
2026-10-09 17:26:20,323 INFO o.a.j.t.JMeterThread: Thread started: Ticket intake (POST /tickets) 1-190
2026-10-09 17:26:21,577 INFO o.a.j.t.JMeterThread: Thread is done: Ticket intake (POST /tickets) 1-180
2026-10-09 17:26:21,577 INFO o.a.j.t.JMeterThread: Thread finished: Ticket intake (POST /tickets) 1-180
2026-10-09 17:26:22,576 INFO o.a.j.t.JMeterThread: Thread started: Ticket intake (POST /tickets) 1-191
2026-10-09 17:26:22,814 INFO o.a.j.t.JMeterThread: Thread started: Ticket intake (POST /tickets) 1-192
2026-10-09 17:26:23,318 INFO o.a.j.t.JMeterThread: Thread is done: Ticket intake (POST /tickets) 1-181
2026-10-09 17:26:23,319 INFO o.a.j.t.JMeterThread: Thread finished: Ticket intake (POST /tickets) 1-181
2026-10-09 17:26:24,234 INFO o.a.j.t.JMeterThread: Thread started: Agent searches (GET /search) 2-62
2026-10-09 17:26:24,703 INFO o.a.j.t.JMeterThread: Thread is done: Agent searches (GET /search) 2-62
2026-10-09 17:26:24,703 INFO o.a.j.t.JMeterThread: Thread finished: Agent searches (GET /search) 2-62
2026-10-09 17:26:25,775 INFO o.a.j.t.JMeterThread: Thread is done: Ticket intake (POST /tickets) 1-182
2026-10-09 17:26:25,776 INFO o.a.j.t.JMeterThread: Thread finished: Ticket intake (POST /tickets) 1-182
2026-10-09 17:26:28,030 INFO o.a.j.t.JMeterThread: Thread is done: Ticket intake (POST /tickets) 1-183
2026-10-09 17:26:28,030 INFO o.a.j.t.JMeterThread: Thread finished: Ticket intake (POST /tickets) 1-183
2026-10-09 17:26:28,179 INFO o.a.j.t.JMeterThread: Thread started: Ticket intake (POST /tickets) 1-193
2026-10-09 17:26:29,529 INFO o.a.j.t.JMeterThread: Thread is done: Ticket intake (POST /tickets) 1-184
2026-10-09 17:26:29,529 INFO o.a.j.t.JMeterThread: Thread finished: Ticket intake (POST /tickets) 1-184
2026-10-09 17:26:31,048 INFO o.a.j.t.JMeterThread: Thread started: Ticket intake (POST /tickets) 1-194
2026-10-09 17:26:32,548 INFO o.a.j.r.Summariser: summary +     14 in 00:00:30 =    0.5/s Avg: 18325 Min:   108 Max: 24118 Err:     0 (0.00%) Active: 10 Started: 256 Finished: 246
2026-10-09 17:26:32,549 INFO o.a.j.r.Summariser: summary =    247 in 00:08:48 =    0.5/s Avg: 20994 Min:    44 Max: 47041 Err:     0 (0.00%)
2026-10-09 17:26:32,549 INFO o.a.j.t.JMeterThread: Thread is done: Ticket intake (POST /tickets) 1-185
2026-10-09 17:26:32,549 INFO o.a.j.t.JMeterThread: Thread finished: Ticket intake (POST /tickets) 1-185
2026-10-09 17:26:33,459 INFO o.a.j.t.JMeterThread: Thread started: Ticket intake (POST /tickets) 1-195
2026-10-09 17:26:33,666 INFO o.a.j.t.JMeterThread: Thread is done: Ticket intake (POST /tickets) 1-186
2026-10-09 17:26:33,666 INFO o.a.j.t.JMeterThread: Thread finished: Ticket intake (POST /tickets) 1-186
2026-10-09 17:26:35,377 INFO o.a.j.t.JMeterThread: Thread started: Ticket intake (POST /tickets) 1-196
2026-10-09 17:26:37,577 INFO o.a.j.t.JMeterThread: Thread is done: Ticket intake (POST /tickets) 1-187
2026-10-09 17:26:37,577 INFO o.a.j.t.JMeterThread: Thread finished: Ticket intake (POST /tickets) 1-187
2026-10-09 17:26:39,006 INFO o.a.j.t.JMeterThread: Thread started: Ticket intake (POST /tickets) 1-197
2026-10-09 17:26:42,621 INFO o.a.j.t.JMeterThread: Thread started: Ticket intake (POST /tickets) 1-198
2026-10-09 17:26:42,879 INFO o.a.j.t.JMeterThread: Thread is done: Ticket intake (POST /tickets) 1-188
2026-10-09 17:26:42,879 INFO o.a.j.t.JMeterThread: Thread finished: Ticket intake (POST /tickets) 1-188
2026-10-09 17:26:44,510 INFO o.a.j.t.JMeterThread: Thread started: Ticket intake (POST /tickets) 1-199
2026-10-09 17:26:44,545 INFO o.a.j.t.JMeterThread: Thread started: Agent searches (GET /search) 2-63
2026-10-09 17:26:44,718 INFO o.a.j.t.JMeterThread: Thread started: Ticket intake (POST /tickets) 1-200
2026-10-09 17:26:44,745 INFO o.a.j.t.JMeterThread: Thread is done: Agent searches (GET /search) 2-63
2026-10-09 17:26:44,745 INFO o.a.j.t.JMeterThread: Thread finished: Agent searches (GET /search) 2-63
2026-10-09 17:26:45,506 INFO o.a.j.t.JMeterThread: Thread is done: Ticket intake (POST /tickets) 1-189
2026-10-09 17:26:45,506 INFO o.a.j.t.JMeterThread: Thread finished: Ticket intake (POST /tickets) 1-189
2026-10-09 17:26:46,465 INFO o.a.j.t.JMeterThread: Thread is done: Ticket intake (POST /tickets) 1-190
2026-10-09 17:26:46,465 INFO o.a.j.t.JMeterThread: Thread finished: Ticket intake (POST /tickets) 1-190
2026-10-09 17:26:48,205 INFO o.a.j.t.JMeterThread: Thread is done: Ticket intake (POST /tickets) 1-191
2026-10-09 17:26:48,205 INFO o.a.j.t.JMeterThread: Thread finished: Ticket intake (POST /tickets) 1-191
2026-10-09 17:26:49,545 INFO o.a.j.t.JMeterThread: Thread is done: Ticket intake (POST /tickets) 1-192
2026-10-09 17:26:49,545 INFO o.a.j.t.JMeterThread: Thread finished: Ticket intake (POST /tickets) 1-192
2026-10-09 17:26:50,616 INFO o.a.j.t.JMeterThread: Thread started: Ticket intake (POST /tickets) 1-201
2026-10-09 17:26:50,678 INFO o.a.j.t.JMeterThread: Thread is done: Ticket intake (POST /tickets) 1-193
2026-10-09 17:26:50,678 INFO o.a.j.t.JMeterThread: Thread finished: Ticket intake (POST /tickets) 1-193
2026-10-09 17:26:51,975 INFO o.a.j.t.JMeterThread: Thread started: Ticket intake (POST /tickets) 1-202
2026-10-09 17:26:52,481 INFO o.a.j.t.JMeterThread: Thread is done: Ticket intake (POST /tickets) 1-194
2026-10-09 17:26:52,482 INFO o.a.j.t.JMeterThread: Thread finished: Ticket intake (POST /tickets) 1-194
2026-10-09 17:26:56,551 INFO o.a.j.t.JMeterThread: Thread started: Agent searches (GET /search) 2-64
2026-10-09 17:26:56,618 INFO o.a.j.t.JMeterThread: Thread is done: Agent searches (GET /search) 2-64
2026-10-09 17:26:56,618 INFO o.a.j.t.JMeterThread: Thread finished: Agent searches (GET /search) 2-64
2026-10-09 17:26:57,114 INFO o.a.j.t.JMeterThread: Thread is done: Ticket intake (POST /tickets) 1-195
2026-10-09 17:26:57,114 INFO o.a.j.t.JMeterThread: Thread finished: Ticket intake (POST /tickets) 1-195
2026-10-09 17:26:57,912 INFO o.a.j.t.JMeterThread: Thread started: Ticket intake (POST /tickets) 1-203
2026-10-09 17:26:58,920 INFO o.a.j.t.JMeterThread: Thread is done: Ticket intake (POST /tickets) 1-196
2026-10-09 17:26:58,921 INFO o.a.j.t.JMeterThread: Thread finished: Ticket intake (POST /tickets) 1-196
2026-10-09 17:27:03,153 INFO o.a.j.r.Summariser: summary +     14 in 00:00:31 =    0.5/s Avg: 21060 Min:    65 Max: 26730 Err:     0 (0.00%) Active: 7 Started: 267 Finished: 260
2026-10-09 17:27:03,154 INFO o.a.j.r.Summariser: summary =    261 in 00:09:19 =    0.5/s Avg: 20998 Min:    44 Max: 47041 Err:     0 (0.00%)
2026-10-09 17:27:03,155 INFO o.a.j.t.JMeterThread: Thread is done: Ticket intake (POST /tickets) 1-197
2026-10-09 17:27:03,155 INFO o.a.j.t.JMeterThread: Thread finished: Ticket intake (POST /tickets) 1-197
2026-10-09 17:27:05,171 INFO o.a.j.t.JMeterThread: Thread started: Ticket intake (POST /tickets) 1-204
2026-10-09 17:27:05,542 INFO o.a.j.t.JMeterThread: Thread started: Agent searches (GET /search) 2-65
2026-10-09 17:27:05,649 INFO o.a.j.t.JMeterThread: Thread is done: Agent searches (GET /search) 2-65
2026-10-09 17:27:05,649 INFO o.a.j.t.JMeterThread: Thread finished: Agent searches (GET /search) 2-65
2026-10-09 17:27:05,755 INFO o.a.j.t.JMeterThread: Thread is done: Ticket intake (POST /tickets) 1-198
2026-10-09 17:27:05,755 INFO o.a.j.t.JMeterThread: Thread finished: Ticket intake (POST /tickets) 1-198
2026-10-09 17:27:06,349 INFO o.a.j.t.JMeterThread: Thread started: Ticket intake (POST /tickets) 1-205
2026-10-09 17:27:08,652 INFO o.a.j.t.JMeterThread: Thread is done: Ticket intake (POST /tickets) 1-199
2026-10-09 17:27:08,652 INFO o.a.j.t.JMeterThread: Thread finished: Ticket intake (POST /tickets) 1-199
2026-10-09 17:27:09,511 INFO o.a.j.t.JMeterThread: Thread started: Ticket intake (POST /tickets) 1-206
2026-10-09 17:27:10,135 INFO o.a.j.t.JMeterThread: Thread is done: Ticket intake (POST /tickets) 1-200
2026-10-09 17:27:10,135 INFO o.a.j.t.JMeterThread: Thread finished: Ticket intake (POST /tickets) 1-200
2026-10-09 17:27:10,871 INFO o.a.j.t.JMeterThread: Thread started: Agent searches (GET /search) 2-66
2026-10-09 17:27:10,955 INFO o.a.j.t.JMeterThread: Thread is done: Agent searches (GET /search) 2-66
2026-10-09 17:27:10,955 INFO o.a.j.t.JMeterThread: Thread finished: Agent searches (GET /search) 2-66
2026-10-09 17:27:11,842 INFO o.a.j.t.JMeterThread: Thread is done: Ticket intake (POST /tickets) 1-201
2026-10-09 17:27:11,842 INFO o.a.j.t.JMeterThread: Thread finished: Ticket intake (POST /tickets) 1-201
2026-10-09 17:27:12,340 INFO o.a.j.t.JMeterThread: Thread started: Ticket intake (POST /tickets) 1-207
2026-10-09 17:27:15,865 INFO o.a.j.t.JMeterThread: Thread is done: Ticket intake (POST /tickets) 1-202
2026-10-09 17:27:15,866 INFO o.a.j.t.JMeterThread: Thread finished: Ticket intake (POST /tickets) 1-202
2026-10-09 17:27:17,495 INFO o.a.j.t.JMeterThread: Thread is done: Ticket intake (POST /tickets) 1-203
2026-10-09 17:27:17,495 INFO o.a.j.t.JMeterThread: Thread finished: Ticket intake (POST /tickets) 1-203
2026-10-09 17:27:18,563 INFO o.a.j.t.JMeterThread: Thread started: Ticket intake (POST /tickets) 1-208
2026-10-09 17:27:20,445 INFO o.a.j.t.JMeterThread: Thread is done: Ticket intake (POST /tickets) 1-204
2026-10-09 17:27:20,446 INFO o.a.j.t.JMeterThread: Thread finished: Ticket intake (POST /tickets) 1-204
2026-10-09 17:27:20,516 INFO o.a.j.t.JMeterThread: Thread started: Ticket intake (POST /tickets) 1-209
2026-10-09 17:27:21,355 INFO o.a.j.t.JMeterThread: Thread started: Ticket intake (POST /tickets) 1-210
2026-10-09 17:27:23,094 INFO o.a.j.t.JMeterThread: Thread started: Agent searches (GET /search) 2-67
2026-10-09 17:27:23,190 INFO o.a.j.t.JMeterThread: Thread started: Agent searches (GET /search) 2-68
2026-10-09 17:27:23,195 INFO o.a.j.t.JMeterThread: Thread is done: Agent searches (GET /search) 2-67
2026-10-09 17:27:23,195 INFO o.a.j.t.JMeterThread: Thread finished: Agent searches (GET /search) 2-67
2026-10-09 17:27:23,230 INFO o.a.j.t.JMeterThread: Thread is done: Agent searches (GET /search) 2-68
2026-10-09 17:27:23,230 INFO o.a.j.t.JMeterThread: Thread finished: Agent searches (GET /search) 2-68
2026-10-09 17:27:23,749 INFO o.a.j.t.JMeterThread: Thread is done: Ticket intake (POST /tickets) 1-205
2026-10-09 17:27:23,749 INFO o.a.j.t.JMeterThread: Thread finished: Ticket intake (POST /tickets) 1-205
2026-10-09 17:27:24,327 INFO o.a.j.t.JMeterThread: Thread started: Ticket intake (POST /tickets) 1-211
2026-10-09 17:27:24,422 INFO o.a.j.t.JMeterThread: Thread started: Ticket intake (POST /tickets) 1-212
2026-10-09 17:27:25,015 INFO o.a.j.t.JMeterThread: Thread started: Ticket intake (POST /tickets) 1-213
2026-10-09 17:27:26,079 INFO o.a.j.t.JMeterThread: Thread is done: Ticket intake (POST /tickets) 1-206
2026-10-09 17:27:26,079 INFO o.a.j.t.JMeterThread: Thread finished: Ticket intake (POST /tickets) 1-206
2026-10-09 17:27:28,195 INFO o.a.j.t.JMeterThread: Thread started: Ticket intake (POST /tickets) 1-214
2026-10-09 17:27:28,210 INFO o.a.j.t.JMeterThread: Thread is done: Ticket intake (POST /tickets) 1-207
2026-10-09 17:27:28,210 INFO o.a.j.t.JMeterThread: Thread finished: Ticket intake (POST /tickets) 1-207
2026-10-09 17:27:28,457 INFO o.a.j.t.JMeterThread: Thread started: Ticket intake (POST /tickets) 1-215
2026-10-09 17:27:31,484 INFO o.a.j.t.JMeterThread: Thread started: Ticket intake (POST /tickets) 1-216
2026-10-09 17:27:31,496 INFO o.a.j.r.Summariser: summary +     15 in 00:00:28 =    0.5/s Avg: 14381 Min:    37 Max: 25414 Err:     0 (0.00%) Active: 9 Started: 284 Finished: 275
2026-10-09 17:27:31,496 INFO o.a.j.r.Summariser: summary =    276 in 00:09:47 =    0.5/s Avg: 20638 Min:    37 Max: 47041 Err:     0 (0.00%)
2026-10-09 17:27:31,497 INFO o.a.j.t.JMeterThread: Thread is done: Ticket intake (POST /tickets) 1-208
2026-10-09 17:27:31,497 INFO o.a.j.t.JMeterThread: Thread finished: Ticket intake (POST /tickets) 1-208
2026-10-09 17:27:32,508 INFO o.a.j.t.JMeterThread: Thread started: Ticket intake (POST /tickets) 1-217
2026-10-09 17:27:33,536 INFO o.a.j.t.JMeterThread: Thread started: Ticket intake (POST /tickets) 1-218
2026-10-09 17:27:36,650 INFO o.a.j.t.JMeterThread: Thread is done: Ticket intake (POST /tickets) 1-209
2026-10-09 17:27:36,651 INFO o.a.j.t.JMeterThread: Thread finished: Ticket intake (POST /tickets) 1-209
2026-10-09 17:27:37,623 INFO o.a.j.t.JMeterThread: Thread started: Agent searches (GET /search) 2-69
2026-10-09 17:27:37,976 INFO o.a.j.t.JMeterThread: Thread is done: Agent searches (GET /search) 2-69
2026-10-09 17:27:37,977 INFO o.a.j.t.JMeterThread: Thread finished: Agent searches (GET /search) 2-69
2026-10-09 17:27:39,401 INFO o.a.j.t.JMeterThread: Thread is done: Ticket intake (POST /tickets) 1-210
2026-10-09 17:27:39,401 INFO o.a.j.t.JMeterThread: Thread finished: Ticket intake (POST /tickets) 1-210
2026-10-09 17:27:41,348 INFO o.a.j.t.JMeterThread: Thread is done: Ticket intake (POST /tickets) 1-211
2026-10-09 17:27:41,348 INFO o.a.j.t.JMeterThread: Thread finished: Ticket intake (POST /tickets) 1-211
2026-10-09 17:27:42,804 INFO o.a.j.t.JMeterThread: Thread started: Ticket intake (POST /tickets) 1-219
2026-10-09 17:27:42,804 INFO o.a.j.t.o.EvenArrivalsRamp: Generating 0 events, beginRate = 0.0 / sec, endRate = 0.0 / sec, duration = 600.0 sec
2026-10-09 17:27:42,805 INFO o.a.j.t.o.OpenModelThreadGroup: There will be no more events, so will wait for 601 sec till the end of the schedule
2026-10-09 17:27:43,296 INFO o.a.j.t.JMeterThread: Thread is done: Ticket intake (POST /tickets) 1-212
2026-10-09 17:27:43,296 INFO o.a.j.t.JMeterThread: Thread finished: Ticket intake (POST /tickets) 1-212
2026-10-09 17:27:43,821 INFO o.a.j.t.o.EvenArrivalsRamp: Generating 0 events, beginRate = 0.0 / sec, endRate = 0.0 / sec, duration = 600.0 sec
2026-10-09 17:27:43,821 INFO o.a.j.t.JMeterThread: Thread started: Agent searches (GET /search) 2-70
2026-10-09 17:27:43,821 INFO o.a.j.t.o.OpenModelThreadGroup: There will be no more events, so will wait for 600 sec till the end of the schedule
2026-10-09 17:27:43,879 INFO o.a.j.t.JMeterThread: Thread is done: Agent searches (GET /search) 2-70
2026-10-09 17:27:43,879 INFO o.a.j.t.JMeterThread: Thread finished: Agent searches (GET /search) 2-70
2026-10-09 17:27:47,717 INFO o.a.j.t.JMeterThread: Thread is done: Ticket intake (POST /tickets) 1-213
2026-10-09 17:27:47,717 INFO o.a.j.t.JMeterThread: Thread finished: Ticket intake (POST /tickets) 1-213
2026-10-09 17:27:50,017 INFO o.a.j.t.JMeterThread: Thread is done: Ticket intake (POST /tickets) 1-214
2026-10-09 17:27:50,017 INFO o.a.j.t.JMeterThread: Thread finished: Ticket intake (POST /tickets) 1-214
2026-10-09 17:27:54,444 INFO o.a.j.t.JMeterThread: Thread is done: Ticket intake (POST /tickets) 1-215
2026-10-09 17:27:54,444 INFO o.a.j.t.JMeterThread: Thread finished: Ticket intake (POST /tickets) 1-215
2026-10-09 17:27:55,787 INFO o.a.j.t.JMeterThread: Thread is done: Ticket intake (POST /tickets) 1-216
2026-10-09 17:27:55,787 INFO o.a.j.t.JMeterThread: Thread finished: Ticket intake (POST /tickets) 1-216
2026-10-09 17:27:57,424 INFO o.a.j.t.JMeterThread: Thread is done: Ticket intake (POST /tickets) 1-217
2026-10-09 17:27:57,424 INFO o.a.j.t.JMeterThread: Thread finished: Ticket intake (POST /tickets) 1-217
2026-10-09 17:27:58,868 INFO o.a.j.t.JMeterThread: Thread is done: Ticket intake (POST /tickets) 1-218
2026-10-09 17:27:58,868 INFO o.a.j.t.JMeterThread: Thread finished: Ticket intake (POST /tickets) 1-218
2026-10-09 17:28:03,173 INFO o.a.j.r.Summariser: summary +     13 in 00:00:32 =    0.4/s Avg: 18144 Min:    55 Max: 25984 Err:     0 (0.00%) Active: 1 Started: 289 Finished: 288
2026-10-09 17:28:03,173 INFO o.a.j.r.Summariser: summary =    289 in 00:10:19 =    0.5/s Avg: 20526 Min:    37 Max: 47041 Err:     0 (0.00%)
2026-10-09 17:28:03,174 INFO o.a.j.t.JMeterThread: Thread is done: Ticket intake (POST /tickets) 1-219
2026-10-09 17:28:03,174 INFO o.a.j.t.JMeterThread: Thread finished: Ticket intake (POST /tickets) 1-219
2026-10-09 17:37:44,409 INFO o.a.j.t.o.OpenModelThreadGroup: There will be no more events, will shutdown the thread pool
2026-10-09 17:37:44,409 INFO o.a.j.t.o.OpenModelThreadGroup: There will be no more events, will shutdown the thread pool
2026-10-09 17:37:44,410 INFO o.a.j.t.o.OpenModelThreadGroup: Thread starting done
2026-10-09 17:37:44,412 INFO o.a.j.t.o.OpenModelThreadGroup: Thread starting done
2026-10-09 17:37:44,412 INFO o.a.j.e.StandardJMeterEngine: Notifying test listeners of end of test
2026-10-09 17:37:44,412 INFO o.a.j.s.FileServer: Close: /Users/ridwan/Documents/GitHub/ICT3113_A1_P1-3/loadtest/data/tickets.tsv
2026-10-09 17:37:44,418 INFO o.a.j.r.Summariser: summary =    289 in 00:20:00 =    0.2/s Avg: 20526 Min:    37 Max: 47041 Err:     0 (0.00%)
2026-10-09 17:37:44,419 INFO o.a.j.e.StandardJMeterEngine: Forced JVM shutdown requested at end of test
