2026-10-09 16:57:20,902 INFO o.a.j.u.JMeterUtils: Setting Locale to en_EN
2026-10-09 16:57:20,910 INFO o.a.j.JMeter: Loading user properties from: /Users/ridwan/Downloads/apache-jmeter-5.6.3/bin/user.properties
2026-10-09 16:57:20,911 INFO o.a.j.JMeter: Loading system properties from: /Users/ridwan/Downloads/apache-jmeter-5.6.3/bin/system.properties
2026-10-09 16:57:20,911 INFO o.a.j.JMeter: Loading additional properties from: /Users/ridwan/Documents/GitHub/ICT3113_A1_P1-3/loadtest/triage.properties
2026-10-09 16:57:20,911 INFO o.a.j.JMeter: Setting JMeter property: host=172.20.10.2
2026-10-09 16:57:20,911 INFO o.a.j.JMeter: Setting JMeter property: port=8000
2026-10-09 16:57:20,911 INFO o.a.j.JMeter: Setting JMeter property: rate=22
2026-10-09 16:57:20,911 INFO o.a.j.JMeter: Setting JMeter property: rate_end=22
2026-10-09 16:57:20,911 INFO o.a.j.JMeter: Setting JMeter property: search_rate=7
2026-10-09 16:57:20,911 INFO o.a.j.JMeter: Setting JMeter property: duration=10
2026-10-09 16:57:20,911 INFO o.a.j.JMeter: Setting JMeter property: drain=10
2026-10-09 16:57:20,911 INFO o.a.j.JMeter: Setting JMeter property: timeout_ms=600000
2026-10-09 16:57:20,911 INFO o.a.j.JMeter: Setting JMeter property: data=/Users/ridwan/Documents/GitHub/ICT3113_A1_P1-3/loadtest/data/tickets.tsv
2026-10-09 16:57:20,914 INFO o.a.j.JMeter: Copyright (c) 1998-2024 The Apache Software Foundation
2026-10-09 16:57:20,914 INFO o.a.j.JMeter: Version 5.6.3
2026-10-09 16:57:20,914 INFO o.a.j.JMeter: java.version=17.0.17
2026-10-09 16:57:20,914 INFO o.a.j.JMeter: java.vm.name=OpenJDK 64-Bit Server VM
2026-10-09 16:57:20,914 INFO o.a.j.JMeter: os.name=Mac OS X
2026-10-09 16:57:20,914 INFO o.a.j.JMeter: os.arch=aarch64
2026-10-09 16:57:20,914 INFO o.a.j.JMeter: os.version=26.5
2026-10-09 16:57:20,914 INFO o.a.j.JMeter: file.encoding=UTF-8
2026-10-09 16:57:20,914 INFO o.a.j.JMeter: java.awt.headless=true
2026-10-09 16:57:20,914 INFO o.a.j.JMeter: Max memory     =1073741824
2026-10-09 16:57:20,914 INFO o.a.j.JMeter: Available Processors =10
2026-10-09 16:57:20,917 INFO o.a.j.JMeter: Default Locale=English (EN)
2026-10-09 16:57:20,917 INFO o.a.j.JMeter: JMeter  Locale=English (EN)
2026-10-09 16:57:20,917 INFO o.a.j.JMeter: JMeterHome=/Users/ridwan/Downloads/apache-jmeter-5.6.3
2026-10-09 16:57:20,917 INFO o.a.j.JMeter: user.dir  =/Users/ridwan/Documents/GitHub/ICT3113_A1_P1-3
2026-10-09 16:57:20,917 INFO o.a.j.JMeter: PWD       =/Users/ridwan/Documents/GitHub/ICT3113_A1_P1-3
2026-10-09 16:57:20,919 INFO o.a.j.JMeter: IP: 127.0.0.1 Name: Muhammads-MacBook-Air-4.local FullName: localhost
2026-10-09 16:57:20,925 INFO o.a.j.s.FileServer: Default base='/Users/ridwan/Documents/GitHub/ICT3113_A1_P1-3'
2026-10-09 16:57:20,925 INFO o.a.j.s.FileServer: Set new base='/Users/ridwan/Documents/GitHub/ICT3113_A1_P1-3/loadtest'
2026-10-09 16:57:20,982 INFO o.a.j.s.SaveService: Testplan (JMX) version: 2.2. Testlog (JTL) version: 2.2
2026-10-09 16:57:20,992 INFO o.a.j.s.SaveService: Using SaveService properties version 5.0
2026-10-09 16:57:20,992 INFO o.a.j.s.SaveService: Using SaveService properties file encoding UTF-8
2026-10-09 16:57:20,993 INFO o.a.j.s.SaveService: Loading file: /Users/ridwan/Documents/GitHub/ICT3113_A1_P1-3/loadtest/triage.jmx
2026-10-09 16:57:21,021 INFO o.a.j.p.h.s.HTTPSamplerBase: Parser for text/html is org.apache.jmeter.protocol.http.parser.LagartoBasedHtmlParser
2026-10-09 16:57:21,021 INFO o.a.j.p.h.s.HTTPSamplerBase: Parser for application/xhtml+xml is org.apache.jmeter.protocol.http.parser.LagartoBasedHtmlParser
2026-10-09 16:57:21,021 INFO o.a.j.p.h.s.HTTPSamplerBase: Parser for application/xml is org.apache.jmeter.protocol.http.parser.LagartoBasedHtmlParser
2026-10-09 16:57:21,021 INFO o.a.j.p.h.s.HTTPSamplerBase: Parser for text/xml is org.apache.jmeter.protocol.http.parser.LagartoBasedHtmlParser
2026-10-09 16:57:21,021 INFO o.a.j.p.h.s.HTTPSamplerBase: Parser for text/vnd.wap.wml is org.apache.jmeter.protocol.http.parser.RegexpHTMLParser
2026-10-09 16:57:21,021 INFO o.a.j.p.h.s.HTTPSamplerBase: Parser for text/css is org.apache.jmeter.protocol.http.parser.CssParser
2026-10-09 16:57:21,028 INFO o.a.j.JMeter: Creating summariser <summary>
2026-10-09 16:57:21,034 INFO o.a.j.e.StandardJMeterEngine: Running the test!
2026-10-09 16:57:21,035 INFO o.a.j.s.SampleEvent: List of sample_variables: [rid, row]
2026-10-09 16:57:21,035 INFO o.a.j.s.SampleEvent: List of sample_variables: [rid, row]
2026-10-09 16:57:21,036 INFO o.a.j.e.u.CompoundVariable: Note: Function class names must contain the string: '.functions.'
2026-10-09 16:57:21,036 INFO o.a.j.e.u.CompoundVariable: Note: Function class names must not contain the string: '.gui.'
2026-10-09 16:57:21,119 INFO o.a.j.JMeter: Running test (1791536241119)
2026-10-09 16:57:21,127 INFO o.a.j.e.StandardJMeterEngine: Starting ThreadGroup: 1 : Ticket intake (POST /tickets)
2026-10-09 16:57:21,127 INFO o.a.j.e.StandardJMeterEngine: Starting 0 threads for group Ticket intake (POST /tickets).
2026-10-09 16:57:21,127 INFO o.a.j.e.StandardJMeterEngine: Thread will continue on error
2026-10-09 16:57:21,127 INFO o.a.j.t.o.OpenModelThreadGroup: Starting OpenModelThreadGroup#1 with schedule rate(22/min) random_arrivals(10 min) rate(22/min) pause(10 min)
2026-10-09 16:57:21,140 INFO o.a.j.e.StandardJMeterEngine: Starting ThreadGroup: 2 : Agent searches (GET /search)
2026-10-09 16:57:21,140 INFO o.a.j.e.StandardJMeterEngine: Starting 0 threads for group Agent searches (GET /search).
2026-10-09 16:57:21,140 INFO o.a.j.e.StandardJMeterEngine: Thread will continue on error
2026-10-09 16:57:21,140 INFO o.a.j.t.o.OpenModelThreadGroup: Thread starting init
2026-10-09 16:57:21,140 INFO o.a.j.t.o.OpenModelThreadGroup: Starting OpenModelThreadGroup#2 with schedule rate(7/min) random_arrivals(10 min) rate(7/min) pause(10 min)
2026-10-09 16:57:21,140 INFO o.a.j.e.StandardJMeterEngine: All thread groups have been started
2026-10-09 16:57:21,141 INFO o.a.j.t.o.OpenModelThreadGroup: Thread starting init
2026-10-09 16:57:21,141 INFO o.a.j.t.o.PoissonArrivalsRamp: Generating 70 events, beginRate = 0.11666666666666667 / sec, endRate = 0.11666666666666667 / sec, duration = 600.0 sec
2026-10-09 16:57:21,141 INFO o.a.j.t.o.PoissonArrivalsRamp: Generating 219 events, beginRate = 0.36666666666666664 / sec, endRate = 0.36666666666666664 / sec, duration = 600.0 sec
2026-10-09 16:57:27,680 INFO o.a.j.t.JMeterThread: Thread started: Ticket intake (POST /tickets) 1-1
2026-10-09 16:57:27,681 INFO o.a.j.s.FileServer: Stored: /Users/ridwan/Documents/GitHub/ICT3113_A1_P1-3/loadtest/data/tickets.tsv
2026-10-09 16:57:27,875 INFO o.a.j.p.h.s.HTTPHCAbstractImpl: Local host = Muhammads-MacBook-Air-4.local
2026-10-09 16:57:27,876 INFO o.a.j.p.h.s.HTTPHC4Impl: HTTP request retry count = 0
2026-10-09 16:57:27,877 INFO o.a.j.s.SampleResult: Note: Sample TimeStamps are START times
2026-10-09 16:57:27,877 INFO o.a.j.s.SampleResult: sampleresult.default.encoding is set to UTF-8
2026-10-09 16:57:27,877 INFO o.a.j.s.SampleResult: sampleresult.useNanoTime=true
2026-10-09 16:57:27,877 INFO o.a.j.s.SampleResult: sampleresult.nanoThreadSleep=5000
2026-10-09 16:57:28,494 INFO o.a.j.t.JMeterThread: Thread started: Ticket intake (POST /tickets) 1-2
2026-10-09 16:57:29,029 INFO o.a.j.t.JMeterThread: Thread started: Ticket intake (POST /tickets) 1-3
2026-10-09 16:57:29,156 INFO o.a.j.t.JMeterThread: Thread is done: Ticket intake (POST /tickets) 1-1
2026-10-09 16:57:29,156 INFO o.a.j.t.JMeterThread: Thread finished: Ticket intake (POST /tickets) 1-1
2026-10-09 16:57:29,749 INFO o.a.j.t.JMeterThread: Thread started: Agent searches (GET /search) 2-1
2026-10-09 16:57:30,028 INFO o.a.j.r.Summariser: summary +      2 in 00:00:09 =    0.2/s Avg:   741 Min:   223 Max:  1259 Err:     0 (0.00%) Active: 3 Started: 4 Finished: 1
2026-10-09 16:57:30,029 INFO o.a.j.t.JMeterThread: Thread is done: Agent searches (GET /search) 2-1
2026-10-09 16:57:30,029 INFO o.a.j.t.JMeterThread: Thread finished: Agent searches (GET /search) 2-1
2026-10-09 16:57:30,219 INFO o.a.j.t.JMeterThread: Thread started: Ticket intake (POST /tickets) 1-4
2026-10-09 16:57:30,655 INFO o.a.j.t.JMeterThread: Thread started: Ticket intake (POST /tickets) 1-5
2026-10-09 16:57:32,712 INFO o.a.j.t.JMeterThread: Thread is done: Ticket intake (POST /tickets) 1-2
2026-10-09 16:57:32,713 INFO o.a.j.t.JMeterThread: Thread finished: Ticket intake (POST /tickets) 1-2
2026-10-09 16:57:32,936 INFO o.a.j.t.JMeterThread: Thread started: Agent searches (GET /search) 2-2
2026-10-09 16:57:33,154 INFO o.a.j.t.JMeterThread: Thread is done: Agent searches (GET /search) 2-2
2026-10-09 16:57:33,154 INFO o.a.j.t.JMeterThread: Thread finished: Agent searches (GET /search) 2-2
2026-10-09 16:57:34,690 INFO o.a.j.t.JMeterThread: Thread started: Ticket intake (POST /tickets) 1-6
2026-10-09 16:57:35,561 INFO o.a.j.t.JMeterThread: Thread started: Agent searches (GET /search) 2-3
2026-10-09 16:57:35,713 INFO o.a.j.t.JMeterThread: Thread is done: Agent searches (GET /search) 2-3
2026-10-09 16:57:35,713 INFO o.a.j.t.JMeterThread: Thread finished: Agent searches (GET /search) 2-3
2026-10-09 16:57:36,082 INFO o.a.j.t.JMeterThread: Thread started: Agent searches (GET /search) 2-4
2026-10-09 16:57:36,200 INFO o.a.j.t.JMeterThread: Thread started: Ticket intake (POST /tickets) 1-7
2026-10-09 16:57:36,271 INFO o.a.j.t.JMeterThread: Thread is done: Agent searches (GET /search) 2-4
2026-10-09 16:57:36,271 INFO o.a.j.t.JMeterThread: Thread finished: Agent searches (GET /search) 2-4
2026-10-09 16:57:36,654 INFO o.a.j.t.JMeterThread: Thread started: Ticket intake (POST /tickets) 1-8
2026-10-09 16:57:36,728 INFO o.a.j.t.JMeterThread: Thread started: Ticket intake (POST /tickets) 1-9
2026-10-09 16:57:38,036 INFO o.a.j.t.JMeterThread: Thread is done: Ticket intake (POST /tickets) 1-3
2026-10-09 16:57:38,036 INFO o.a.j.t.JMeterThread: Thread finished: Ticket intake (POST /tickets) 1-3
2026-10-09 16:57:40,519 INFO o.a.j.t.JMeterThread: Thread is done: Ticket intake (POST /tickets) 1-4
2026-10-09 16:57:40,519 INFO o.a.j.t.JMeterThread: Thread finished: Ticket intake (POST /tickets) 1-4
2026-10-09 16:57:41,756 INFO o.a.j.t.JMeterThread: Thread is done: Ticket intake (POST /tickets) 1-5
2026-10-09 16:57:41,756 INFO o.a.j.t.JMeterThread: Thread finished: Ticket intake (POST /tickets) 1-5
2026-10-09 16:57:42,432 INFO o.a.j.t.JMeterThread: Thread started: Ticket intake (POST /tickets) 1-10
2026-10-09 16:57:43,995 INFO o.a.j.t.JMeterThread: Thread started: Agent searches (GET /search) 2-5
2026-10-09 16:57:44,096 INFO o.a.j.t.JMeterThread: Thread is done: Agent searches (GET /search) 2-5
2026-10-09 16:57:44,096 INFO o.a.j.t.JMeterThread: Thread finished: Agent searches (GET /search) 2-5
2026-10-09 16:57:44,973 INFO o.a.j.t.JMeterThread: Thread started: Agent searches (GET /search) 2-6
2026-10-09 16:57:45,014 INFO o.a.j.t.JMeterThread: Thread is done: Ticket intake (POST /tickets) 1-6
2026-10-09 16:57:45,014 INFO o.a.j.t.JMeterThread: Thread finished: Ticket intake (POST /tickets) 1-6
2026-10-09 16:57:45,119 INFO o.a.j.t.JMeterThread: Thread is done: Agent searches (GET /search) 2-6
2026-10-09 16:57:45,119 INFO o.a.j.t.JMeterThread: Thread finished: Agent searches (GET /search) 2-6
2026-10-09 16:57:47,072 INFO o.a.j.t.JMeterThread: Thread is done: Ticket intake (POST /tickets) 1-7
2026-10-09 16:57:47,073 INFO o.a.j.t.JMeterThread: Thread finished: Ticket intake (POST /tickets) 1-7
2026-10-09 16:57:48,254 INFO o.a.j.t.JMeterThread: Thread started: Ticket intake (POST /tickets) 1-11
2026-10-09 16:57:50,071 INFO o.a.j.t.JMeterThread: Thread started: Ticket intake (POST /tickets) 1-12
2026-10-09 16:57:51,680 INFO o.a.j.t.JMeterThread: Thread is done: Ticket intake (POST /tickets) 1-8
2026-10-09 16:57:51,681 INFO o.a.j.t.JMeterThread: Thread finished: Ticket intake (POST /tickets) 1-8
2026-10-09 16:57:56,243 INFO o.a.j.t.JMeterThread: Thread is done: Ticket intake (POST /tickets) 1-9
2026-10-09 16:57:56,243 INFO o.a.j.t.JMeterThread: Thread finished: Ticket intake (POST /tickets) 1-9
2026-10-09 16:57:56,476 INFO o.a.j.t.JMeterThread: Thread started: Ticket intake (POST /tickets) 1-13
2026-10-09 16:57:57,060 INFO o.a.j.t.JMeterThread: Thread started: Ticket intake (POST /tickets) 1-14
2026-10-09 16:57:57,597 INFO o.a.j.t.JMeterThread: Thread is done: Ticket intake (POST /tickets) 1-10
2026-10-09 16:57:57,598 INFO o.a.j.t.JMeterThread: Thread finished: Ticket intake (POST /tickets) 1-10
2026-10-09 16:57:59,958 INFO o.a.j.t.JMeterThread: Thread started: Ticket intake (POST /tickets) 1-15
2026-10-09 16:58:00,868 INFO o.a.j.t.JMeterThread: Thread started: Ticket intake (POST /tickets) 1-16
2026-10-09 16:58:01,459 INFO o.a.j.t.JMeterThread: Thread started: Ticket intake (POST /tickets) 1-17
2026-10-09 16:58:02,283 INFO o.a.j.r.Summariser: summary +     15 in 00:00:32 =    0.5/s Avg:  8020 Min:    97 Max: 19511 Err:     0 (0.00%) Active: 7 Started: 23 Finished: 16
2026-10-09 16:58:02,284 INFO o.a.j.r.Summariser: summary =     17 in 00:00:41 =    0.4/s Avg:  7163 Min:    97 Max: 19511 Err:     0 (0.00%)
2026-10-09 16:58:02,284 INFO o.a.j.t.JMeterThread: Thread is done: Ticket intake (POST /tickets) 1-11
2026-10-09 16:58:02,284 INFO o.a.j.t.JMeterThread: Thread finished: Ticket intake (POST /tickets) 1-11
2026-10-09 16:58:03,057 INFO o.a.j.t.JMeterThread: Thread started: Ticket intake (POST /tickets) 1-18
2026-10-09 16:58:05,046 INFO o.a.j.t.JMeterThread: Thread is done: Ticket intake (POST /tickets) 1-12
2026-10-09 16:58:05,046 INFO o.a.j.t.JMeterThread: Thread finished: Ticket intake (POST /tickets) 1-12
2026-10-09 16:58:06,674 INFO o.a.j.t.JMeterThread: Thread is done: Ticket intake (POST /tickets) 1-13
2026-10-09 16:58:06,674 INFO o.a.j.t.JMeterThread: Thread finished: Ticket intake (POST /tickets) 1-13
2026-10-09 16:58:09,370 INFO o.a.j.t.JMeterThread: Thread started: Ticket intake (POST /tickets) 1-19
2026-10-09 16:58:09,760 INFO o.a.j.t.JMeterThread: Thread is done: Ticket intake (POST /tickets) 1-14
2026-10-09 16:58:09,761 INFO o.a.j.t.JMeterThread: Thread finished: Ticket intake (POST /tickets) 1-14
2026-10-09 16:58:09,856 INFO o.a.j.t.JMeterThread: Thread started: Ticket intake (POST /tickets) 1-20
2026-10-09 16:58:13,686 INFO o.a.j.t.JMeterThread: Thread is done: Ticket intake (POST /tickets) 1-15
2026-10-09 16:58:13,687 INFO o.a.j.t.JMeterThread: Thread finished: Ticket intake (POST /tickets) 1-15
2026-10-09 16:58:14,036 INFO o.a.j.t.JMeterThread: Thread started: Ticket intake (POST /tickets) 1-21
2026-10-09 16:58:15,235 INFO o.a.j.t.JMeterThread: Thread is done: Ticket intake (POST /tickets) 1-16
2026-10-09 16:58:15,236 INFO o.a.j.t.JMeterThread: Thread finished: Ticket intake (POST /tickets) 1-16
2026-10-09 16:58:15,809 INFO o.a.j.t.JMeterThread: Thread started: Ticket intake (POST /tickets) 1-22
2026-10-09 16:58:16,251 INFO o.a.j.t.JMeterThread: Thread started: Agent searches (GET /search) 2-7
2026-10-09 16:58:16,350 INFO o.a.j.t.JMeterThread: Thread is done: Agent searches (GET /search) 2-7
2026-10-09 16:58:16,350 INFO o.a.j.t.JMeterThread: Thread finished: Agent searches (GET /search) 2-7
2026-10-09 16:58:17,642 INFO o.a.j.t.JMeterThread: Thread is done: Ticket intake (POST /tickets) 1-17
2026-10-09 16:58:17,643 INFO o.a.j.t.JMeterThread: Thread finished: Ticket intake (POST /tickets) 1-17
2026-10-09 16:58:19,059 INFO o.a.j.t.JMeterThread: Thread started: Ticket intake (POST /tickets) 1-23
2026-10-09 16:58:19,896 INFO o.a.j.t.JMeterThread: Thread is done: Ticket intake (POST /tickets) 1-18
2026-10-09 16:58:19,896 INFO o.a.j.t.JMeterThread: Thread finished: Ticket intake (POST /tickets) 1-18
2026-10-09 16:58:22,784 INFO o.a.j.t.JMeterThread: Thread is done: Ticket intake (POST /tickets) 1-19
2026-10-09 16:58:22,784 INFO o.a.j.t.JMeterThread: Thread finished: Ticket intake (POST /tickets) 1-19
2026-10-09 16:58:23,395 INFO o.a.j.t.JMeterThread: Thread started: Agent searches (GET /search) 2-8
2026-10-09 16:58:23,824 INFO o.a.j.t.JMeterThread: Thread is done: Agent searches (GET /search) 2-8
2026-10-09 16:58:23,825 INFO o.a.j.t.JMeterThread: Thread finished: Agent searches (GET /search) 2-8
2026-10-09 16:58:24,530 INFO o.a.j.t.JMeterThread: Thread started: Agent searches (GET /search) 2-9
2026-10-09 16:58:24,855 INFO o.a.j.t.JMeterThread: Thread is done: Agent searches (GET /search) 2-9
2026-10-09 16:58:24,856 INFO o.a.j.t.JMeterThread: Thread finished: Agent searches (GET /search) 2-9
2026-10-09 16:58:25,181 INFO o.a.j.t.JMeterThread: Thread started: Ticket intake (POST /tickets) 1-24
2026-10-09 16:58:25,527 INFO o.a.j.t.JMeterThread: Thread started: Ticket intake (POST /tickets) 1-25
2026-10-09 16:58:25,981 INFO o.a.j.t.JMeterThread: Thread is done: Ticket intake (POST /tickets) 1-20
2026-10-09 16:58:25,982 INFO o.a.j.t.JMeterThread: Thread finished: Ticket intake (POST /tickets) 1-20
2026-10-09 16:58:27,520 INFO o.a.j.t.JMeterThread: Thread is done: Ticket intake (POST /tickets) 1-21
2026-10-09 16:58:27,521 INFO o.a.j.t.JMeterThread: Thread finished: Ticket intake (POST /tickets) 1-21
2026-10-09 16:58:28,748 INFO o.a.j.t.JMeterThread: Thread is done: Ticket intake (POST /tickets) 1-22
2026-10-09 16:58:28,748 INFO o.a.j.t.JMeterThread: Thread finished: Ticket intake (POST /tickets) 1-22
2026-10-09 16:58:29,440 INFO o.a.j.t.JMeterThread: Thread started: Ticket intake (POST /tickets) 1-26
2026-10-09 16:58:30,489 INFO o.a.j.r.Summariser: summary +     15 in 00:00:28 =    0.5/s Avg: 11145 Min:    96 Max: 16836 Err:     0 (0.00%) Active: 4 Started: 35 Finished: 31
2026-10-09 16:58:30,490 INFO o.a.j.r.Summariser: summary =     32 in 00:01:09 =    0.5/s Avg:  9030 Min:    96 Max: 19511 Err:     0 (0.00%)
2026-10-09 16:58:30,490 INFO o.a.j.t.JMeterThread: Thread is done: Ticket intake (POST /tickets) 1-23
2026-10-09 16:58:30,490 INFO o.a.j.t.JMeterThread: Thread finished: Ticket intake (POST /tickets) 1-23
2026-10-09 16:58:32,428 INFO o.a.j.t.JMeterThread: Thread started: Ticket intake (POST /tickets) 1-27
2026-10-09 16:58:33,765 INFO o.a.j.t.JMeterThread: Thread started: Ticket intake (POST /tickets) 1-28
2026-10-09 16:58:35,151 INFO o.a.j.t.JMeterThread: Thread is done: Ticket intake (POST /tickets) 1-24
2026-10-09 16:58:35,152 INFO o.a.j.t.JMeterThread: Thread finished: Ticket intake (POST /tickets) 1-24
2026-10-09 16:58:35,841 INFO o.a.j.t.JMeterThread: Thread started: Ticket intake (POST /tickets) 1-29
2026-10-09 16:58:37,119 INFO o.a.j.t.JMeterThread: Thread started: Ticket intake (POST /tickets) 1-30
2026-10-09 16:58:37,931 INFO o.a.j.t.JMeterThread: Thread started: Agent searches (GET /search) 2-10
2026-10-09 16:58:38,019 INFO o.a.j.t.JMeterThread: Thread is done: Agent searches (GET /search) 2-10
2026-10-09 16:58:38,020 INFO o.a.j.t.JMeterThread: Thread finished: Agent searches (GET /search) 2-10
2026-10-09 16:58:38,264 INFO o.a.j.t.JMeterThread: Thread is done: Ticket intake (POST /tickets) 1-25
2026-10-09 16:58:38,265 INFO o.a.j.t.JMeterThread: Thread finished: Ticket intake (POST /tickets) 1-25
2026-10-09 16:58:42,367 INFO o.a.j.t.JMeterThread: Thread is done: Ticket intake (POST /tickets) 1-26
2026-10-09 16:58:42,367 INFO o.a.j.t.JMeterThread: Thread finished: Ticket intake (POST /tickets) 1-26
2026-10-09 16:58:43,994 INFO o.a.j.t.JMeterThread: Thread started: Ticket intake (POST /tickets) 1-31
2026-10-09 16:58:44,682 INFO o.a.j.t.JMeterThread: Thread is done: Ticket intake (POST /tickets) 1-27
2026-10-09 16:58:44,683 INFO o.a.j.t.JMeterThread: Thread finished: Ticket intake (POST /tickets) 1-27
2026-10-09 16:58:47,589 INFO o.a.j.t.JMeterThread: Thread is done: Ticket intake (POST /tickets) 1-28
2026-10-09 16:58:47,590 INFO o.a.j.t.JMeterThread: Thread finished: Ticket intake (POST /tickets) 1-28
2026-10-09 16:58:49,239 INFO o.a.j.t.JMeterThread: Thread started: Ticket intake (POST /tickets) 1-32
2026-10-09 16:58:51,106 INFO o.a.j.t.JMeterThread: Thread started: Ticket intake (POST /tickets) 1-33
2026-10-09 16:58:51,333 INFO o.a.j.t.JMeterThread: Thread is done: Ticket intake (POST /tickets) 1-29
2026-10-09 16:58:51,333 INFO o.a.j.t.JMeterThread: Thread finished: Ticket intake (POST /tickets) 1-29
2026-10-09 16:58:53,938 INFO o.a.j.t.JMeterThread: Thread is done: Ticket intake (POST /tickets) 1-30
2026-10-09 16:58:53,938 INFO o.a.j.t.JMeterThread: Thread finished: Ticket intake (POST /tickets) 1-30
2026-10-09 16:58:56,043 INFO o.a.j.t.JMeterThread: Thread started: Ticket intake (POST /tickets) 1-34
2026-10-09 16:58:56,829 INFO o.a.j.t.JMeterThread: Thread is done: Ticket intake (POST /tickets) 1-31
2026-10-09 16:58:56,829 INFO o.a.j.t.JMeterThread: Thread finished: Ticket intake (POST /tickets) 1-31
2026-10-09 16:58:58,498 INFO o.a.j.t.JMeterThread: Thread is done: Ticket intake (POST /tickets) 1-32
2026-10-09 16:58:58,499 INFO o.a.j.t.JMeterThread: Thread finished: Ticket intake (POST /tickets) 1-32
2026-10-09 16:58:59,050 INFO o.a.j.t.JMeterThread: Thread started: Ticket intake (POST /tickets) 1-35
2026-10-09 16:59:00,961 INFO o.a.j.r.Summariser: summary +     11 in 00:00:30 =    0.4/s Avg: 11457 Min:    85 Max: 16815 Err:     0 (0.00%) Active: 3 Started: 45 Finished: 42
2026-10-09 16:59:00,962 INFO o.a.j.r.Summariser: summary =     43 in 00:01:40 =    0.4/s Avg:  9651 Min:    85 Max: 19511 Err:     0 (0.00%)
2026-10-09 16:59:00,962 INFO o.a.j.t.JMeterThread: Thread is done: Ticket intake (POST /tickets) 1-33
2026-10-09 16:59:00,962 INFO o.a.j.t.JMeterThread: Thread finished: Ticket intake (POST /tickets) 1-33
2026-10-09 16:59:04,159 INFO o.a.j.t.JMeterThread: Thread started: Ticket intake (POST /tickets) 1-36
2026-10-09 16:59:06,025 INFO o.a.j.t.JMeterThread: Thread is done: Ticket intake (POST /tickets) 1-34
2026-10-09 16:59:06,025 INFO o.a.j.t.JMeterThread: Thread finished: Ticket intake (POST /tickets) 1-34
2026-10-09 16:59:07,557 INFO o.a.j.t.JMeterThread: Thread started: Ticket intake (POST /tickets) 1-37
2026-10-09 16:59:07,652 INFO o.a.j.t.JMeterThread: Thread is done: Ticket intake (POST /tickets) 1-35
2026-10-09 16:59:07,652 INFO o.a.j.t.JMeterThread: Thread finished: Ticket intake (POST /tickets) 1-35
2026-10-09 16:59:09,241 INFO o.a.j.t.JMeterThread: Thread started: Ticket intake (POST /tickets) 1-38
2026-10-09 16:59:10,089 INFO o.a.j.t.JMeterThread: Thread started: Ticket intake (POST /tickets) 1-39
2026-10-09 16:59:10,619 INFO o.a.j.t.JMeterThread: Thread is done: Ticket intake (POST /tickets) 1-36
2026-10-09 16:59:10,619 INFO o.a.j.t.JMeterThread: Thread finished: Ticket intake (POST /tickets) 1-36
2026-10-09 16:59:11,080 INFO o.a.j.t.JMeterThread: Thread started: Agent searches (GET /search) 2-11
2026-10-09 16:59:11,196 INFO o.a.j.t.JMeterThread: Thread is done: Agent searches (GET /search) 2-11
2026-10-09 16:59:11,196 INFO o.a.j.t.JMeterThread: Thread finished: Agent searches (GET /search) 2-11
2026-10-09 16:59:12,170 INFO o.a.j.t.JMeterThread: Thread started: Ticket intake (POST /tickets) 1-40
2026-10-09 16:59:13,882 INFO o.a.j.t.JMeterThread: Thread started: Ticket intake (POST /tickets) 1-41
2026-10-09 16:59:14,090 INFO o.a.j.t.JMeterThread: Thread started: Ticket intake (POST /tickets) 1-42
2026-10-09 16:59:15,637 INFO o.a.j.t.JMeterThread: Thread is done: Ticket intake (POST /tickets) 1-37
2026-10-09 16:59:15,638 INFO o.a.j.t.JMeterThread: Thread finished: Ticket intake (POST /tickets) 1-37
2026-10-09 16:59:19,084 INFO o.a.j.t.JMeterThread: Thread is done: Ticket intake (POST /tickets) 1-38
2026-10-09 16:59:19,084 INFO o.a.j.t.JMeterThread: Thread finished: Ticket intake (POST /tickets) 1-38
2026-10-09 16:59:19,425 INFO o.a.j.t.JMeterThread: Thread started: Agent searches (GET /search) 2-12
2026-10-09 16:59:19,583 INFO o.a.j.t.JMeterThread: Thread is done: Agent searches (GET /search) 2-12
2026-10-09 16:59:19,583 INFO o.a.j.t.JMeterThread: Thread finished: Agent searches (GET /search) 2-12
2026-10-09 16:59:20,671 INFO o.a.j.t.JMeterThread: Thread is done: Ticket intake (POST /tickets) 1-39
2026-10-09 16:59:20,672 INFO o.a.j.t.JMeterThread: Thread finished: Ticket intake (POST /tickets) 1-39
2026-10-09 16:59:20,940 INFO o.a.j.t.JMeterThread: Thread started: Agent searches (GET /search) 2-13
2026-10-09 16:59:21,074 INFO o.a.j.t.JMeterThread: Thread is done: Agent searches (GET /search) 2-13
2026-10-09 16:59:21,075 INFO o.a.j.t.JMeterThread: Thread finished: Agent searches (GET /search) 2-13
2026-10-09 16:59:21,100 INFO o.a.j.t.JMeterThread: Thread started: Ticket intake (POST /tickets) 1-43
2026-10-09 16:59:21,954 INFO o.a.j.t.JMeterThread: Thread is done: Ticket intake (POST /tickets) 1-40
2026-10-09 16:59:21,954 INFO o.a.j.t.JMeterThread: Thread finished: Ticket intake (POST /tickets) 1-40
2026-10-09 16:59:23,956 INFO o.a.j.t.JMeterThread: Thread is done: Ticket intake (POST /tickets) 1-41
2026-10-09 16:59:23,956 INFO o.a.j.t.JMeterThread: Thread finished: Ticket intake (POST /tickets) 1-41
2026-10-09 16:59:25,482 INFO o.a.j.t.JMeterThread: Thread is done: Ticket intake (POST /tickets) 1-42
2026-10-09 16:59:25,483 INFO o.a.j.t.JMeterThread: Thread finished: Ticket intake (POST /tickets) 1-42
2026-10-09 16:59:28,651 INFO o.a.j.t.JMeterThread: Thread is done: Ticket intake (POST /tickets) 1-43
2026-10-09 16:59:28,651 INFO o.a.j.t.JMeterThread: Thread finished: Ticket intake (POST /tickets) 1-43
2026-10-09 16:59:31,421 INFO o.a.j.t.JMeterThread: Thread started: Agent searches (GET /search) 2-14
2026-10-09 16:59:31,665 INFO o.a.j.r.Summariser: summary +     14 in 00:00:31 =    0.5/s Avg:  6640 Min:   114 Max: 11389 Err:     0 (0.00%) Active: 1 Started: 57 Finished: 56
2026-10-09 16:59:31,665 INFO o.a.j.r.Summariser: summary =     57 in 00:02:11 =    0.4/s Avg:  8911 Min:    85 Max: 19511 Err:     0 (0.00%)
2026-10-09 16:59:31,665 INFO o.a.j.t.JMeterThread: Thread is done: Agent searches (GET /search) 2-14
2026-10-09 16:59:31,666 INFO o.a.j.t.JMeterThread: Thread finished: Agent searches (GET /search) 2-14
2026-10-09 16:59:35,667 INFO o.a.j.t.JMeterThread: Thread started: Ticket intake (POST /tickets) 1-44
2026-10-09 16:59:36,507 INFO o.a.j.t.JMeterThread: Thread started: Agent searches (GET /search) 2-15
2026-10-09 16:59:36,737 INFO o.a.j.t.JMeterThread: Thread is done: Agent searches (GET /search) 2-15
2026-10-09 16:59:36,737 INFO o.a.j.t.JMeterThread: Thread finished: Agent searches (GET /search) 2-15
2026-10-09 16:59:38,233 INFO o.a.j.t.JMeterThread: Thread is done: Ticket intake (POST /tickets) 1-44
2026-10-09 16:59:38,233 INFO o.a.j.t.JMeterThread: Thread finished: Ticket intake (POST /tickets) 1-44
2026-10-09 16:59:38,347 INFO o.a.j.t.JMeterThread: Thread started: Ticket intake (POST /tickets) 1-45
2026-10-09 16:59:39,804 INFO o.a.j.t.JMeterThread: Thread started: Ticket intake (POST /tickets) 1-46
2026-10-09 16:59:39,839 INFO o.a.j.t.JMeterThread: Thread started: Agent searches (GET /search) 2-16
2026-10-09 16:59:39,875 INFO o.a.j.t.JMeterThread: Thread started: Ticket intake (POST /tickets) 1-47
2026-10-09 16:59:40,048 INFO o.a.j.t.JMeterThread: Thread is done: Agent searches (GET /search) 2-16
2026-10-09 16:59:40,048 INFO o.a.j.t.JMeterThread: Thread finished: Agent searches (GET /search) 2-16
2026-10-09 16:59:43,609 INFO o.a.j.t.JMeterThread: Thread is done: Ticket intake (POST /tickets) 1-45
2026-10-09 16:59:43,609 INFO o.a.j.t.JMeterThread: Thread finished: Ticket intake (POST /tickets) 1-45
2026-10-09 16:59:46,163 INFO o.a.j.t.JMeterThread: Thread is done: Ticket intake (POST /tickets) 1-46
2026-10-09 16:59:46,163 INFO o.a.j.t.JMeterThread: Thread finished: Ticket intake (POST /tickets) 1-46
2026-10-09 16:59:47,393 INFO o.a.j.t.JMeterThread: Thread is done: Ticket intake (POST /tickets) 1-47
2026-10-09 16:59:47,394 INFO o.a.j.t.JMeterThread: Thread finished: Ticket intake (POST /tickets) 1-47
2026-10-09 16:59:47,671 INFO o.a.j.t.JMeterThread: Thread started: Ticket intake (POST /tickets) 1-48
2026-10-09 16:59:48,292 INFO o.a.j.t.JMeterThread: Thread started: Ticket intake (POST /tickets) 1-49
2026-10-09 16:59:50,384 INFO o.a.j.t.JMeterThread: Thread is done: Ticket intake (POST /tickets) 1-48
2026-10-09 16:59:50,385 INFO o.a.j.t.JMeterThread: Thread finished: Ticket intake (POST /tickets) 1-48
2026-10-09 16:59:51,338 INFO o.a.j.t.JMeterThread: Thread is done: Ticket intake (POST /tickets) 1-49
2026-10-09 16:59:51,339 INFO o.a.j.t.JMeterThread: Thread finished: Ticket intake (POST /tickets) 1-49
2026-10-09 16:59:51,340 INFO o.a.j.t.JMeterThread: Thread started: Ticket intake (POST /tickets) 1-50
2026-10-09 16:59:53,439 INFO o.a.j.t.JMeterThread: Thread is done: Ticket intake (POST /tickets) 1-50
2026-10-09 16:59:53,439 INFO o.a.j.t.JMeterThread: Thread finished: Ticket intake (POST /tickets) 1-50
2026-10-09 16:59:54,662 INFO o.a.j.t.JMeterThread: Thread started: Ticket intake (POST /tickets) 1-51
2026-10-09 16:59:56,776 INFO o.a.j.t.JMeterThread: Thread started: Agent searches (GET /search) 2-17
2026-10-09 16:59:56,874 INFO o.a.j.t.JMeterThread: Thread is done: Agent searches (GET /search) 2-17
2026-10-09 16:59:56,875 INFO o.a.j.t.JMeterThread: Thread finished: Agent searches (GET /search) 2-17
2026-10-09 16:59:56,944 INFO o.a.j.t.JMeterThread: Thread started: Ticket intake (POST /tickets) 1-52
2026-10-09 16:59:57,360 INFO o.a.j.t.JMeterThread: Thread started: Ticket intake (POST /tickets) 1-53
2026-10-09 16:59:57,422 INFO o.a.j.t.JMeterThread: Thread started: Agent searches (GET /search) 2-18
2026-10-09 16:59:57,525 INFO o.a.j.t.JMeterThread: Thread is done: Agent searches (GET /search) 2-18
2026-10-09 16:59:57,526 INFO o.a.j.t.JMeterThread: Thread finished: Agent searches (GET /search) 2-18
2026-10-09 16:59:58,375 INFO o.a.j.t.JMeterThread: Thread started: Ticket intake (POST /tickets) 1-54
2026-10-09 16:59:58,636 INFO o.a.j.t.JMeterThread: Thread started: Ticket intake (POST /tickets) 1-55
2026-10-09 17:00:00,042 INFO o.a.j.r.Summariser: summary +     12 in 00:00:28 =    0.4/s Avg:  2961 Min:    95 Max:  7516 Err:     0 (0.00%) Active: 5 Started: 73 Finished: 68
2026-10-09 17:00:00,042 INFO o.a.j.r.Summariser: summary =     69 in 00:02:39 =    0.4/s Avg:  7876 Min:    85 Max: 19511 Err:     0 (0.00%)
2026-10-09 17:00:00,043 INFO o.a.j.t.JMeterThread: Thread is done: Ticket intake (POST /tickets) 1-51
2026-10-09 17:00:00,043 INFO o.a.j.t.JMeterThread: Thread finished: Ticket intake (POST /tickets) 1-51
2026-10-09 17:00:01,717 INFO o.a.j.t.JMeterThread: Thread started: Ticket intake (POST /tickets) 1-56
2026-10-09 17:00:02,269 INFO o.a.j.t.JMeterThread: Thread started: Ticket intake (POST /tickets) 1-57
2026-10-09 17:00:03,187 INFO o.a.j.t.JMeterThread: Thread started: Ticket intake (POST /tickets) 1-58
2026-10-09 17:00:03,873 INFO o.a.j.t.JMeterThread: Thread is done: Ticket intake (POST /tickets) 1-52
2026-10-09 17:00:03,873 INFO o.a.j.t.JMeterThread: Thread finished: Ticket intake (POST /tickets) 1-52
2026-10-09 17:00:07,983 INFO o.a.j.t.JMeterThread: Thread started: Ticket intake (POST /tickets) 1-59
2026-10-09 17:00:09,611 INFO o.a.j.t.JMeterThread: Thread is done: Ticket intake (POST /tickets) 1-53
2026-10-09 17:00:09,611 INFO o.a.j.t.JMeterThread: Thread finished: Ticket intake (POST /tickets) 1-53
2026-10-09 17:00:10,599 INFO o.a.j.t.JMeterThread: Thread started: Ticket intake (POST /tickets) 1-60
2026-10-09 17:00:11,716 INFO o.a.j.t.JMeterThread: Thread is done: Ticket intake (POST /tickets) 1-54
2026-10-09 17:00:11,716 INFO o.a.j.t.JMeterThread: Thread finished: Ticket intake (POST /tickets) 1-54
2026-10-09 17:00:14,729 INFO o.a.j.t.JMeterThread: Thread is done: Ticket intake (POST /tickets) 1-55
2026-10-09 17:00:14,733 INFO o.a.j.t.JMeterThread: Thread finished: Ticket intake (POST /tickets) 1-55
2026-10-09 17:00:15,398 INFO o.a.j.t.JMeterThread: Thread started: Ticket intake (POST /tickets) 1-61
2026-10-09 17:00:18,102 INFO o.a.j.t.JMeterThread: Thread is done: Ticket intake (POST /tickets) 1-56
2026-10-09 17:00:18,102 INFO o.a.j.t.JMeterThread: Thread finished: Ticket intake (POST /tickets) 1-56
2026-10-09 17:00:19,170 INFO o.a.j.t.JMeterThread: Thread started: Ticket intake (POST /tickets) 1-62
2026-10-09 17:00:19,210 INFO o.a.j.t.JMeterThread: Thread is done: Ticket intake (POST /tickets) 1-57
2026-10-09 17:00:19,210 INFO o.a.j.t.JMeterThread: Thread finished: Ticket intake (POST /tickets) 1-57
2026-10-09 17:00:21,071 INFO o.a.j.t.JMeterThread: Thread is done: Ticket intake (POST /tickets) 1-58
2026-10-09 17:00:21,071 INFO o.a.j.t.JMeterThread: Thread finished: Ticket intake (POST /tickets) 1-58
2026-10-09 17:00:22,031 INFO o.a.j.t.JMeterThread: Thread started: Ticket intake (POST /tickets) 1-63
2026-10-09 17:00:22,368 INFO o.a.j.t.JMeterThread: Thread is done: Ticket intake (POST /tickets) 1-59
2026-10-09 17:00:22,368 INFO o.a.j.t.JMeterThread: Thread finished: Ticket intake (POST /tickets) 1-59
2026-10-09 17:00:23,536 INFO o.a.j.t.JMeterThread: Thread started: Ticket intake (POST /tickets) 1-64
2026-10-09 17:00:23,963 INFO o.a.j.t.JMeterThread: Thread started: Agent searches (GET /search) 2-19
2026-10-09 17:00:24,210 INFO o.a.j.t.JMeterThread: Thread is done: Agent searches (GET /search) 2-19
2026-10-09 17:00:24,211 INFO o.a.j.t.JMeterThread: Thread finished: Agent searches (GET /search) 2-19
2026-10-09 17:00:24,211 INFO o.a.j.t.JMeterThread: Thread started: Ticket intake (POST /tickets) 1-65
2026-10-09 17:00:24,552 INFO o.a.j.t.JMeterThread: Thread is done: Ticket intake (POST /tickets) 1-60
2026-10-09 17:00:24,552 INFO o.a.j.t.JMeterThread: Thread finished: Ticket intake (POST /tickets) 1-60
2026-10-09 17:00:25,508 INFO o.a.j.t.JMeterThread: Thread is done: Ticket intake (POST /tickets) 1-61
2026-10-09 17:00:25,508 INFO o.a.j.t.JMeterThread: Thread finished: Ticket intake (POST /tickets) 1-61
2026-10-09 17:00:26,694 INFO o.a.j.t.JMeterThread: Thread started: Ticket intake (POST /tickets) 1-66
2026-10-09 17:00:27,081 INFO o.a.j.t.JMeterThread: Thread is done: Ticket intake (POST /tickets) 1-62
2026-10-09 17:00:27,081 INFO o.a.j.t.JMeterThread: Thread finished: Ticket intake (POST /tickets) 1-62
2026-10-09 17:00:30,600 INFO o.a.j.r.Summariser: summary +     13 in 00:00:31 =    0.4/s Avg: 11919 Min:   244 Max: 17880 Err:     0 (0.00%) Active: 4 Started: 85 Finished: 81
2026-10-09 17:00:30,600 INFO o.a.j.r.Summariser: summary =     82 in 00:03:09 =    0.4/s Avg:  8517 Min:    85 Max: 19511 Err:     0 (0.00%)
2026-10-09 17:00:30,601 INFO o.a.j.t.JMeterThread: Thread is done: Ticket intake (POST /tickets) 1-63
2026-10-09 17:00:30,601 INFO o.a.j.t.JMeterThread: Thread finished: Ticket intake (POST /tickets) 1-63
2026-10-09 17:00:32,293 INFO o.a.j.t.JMeterThread: Thread started: Agent searches (GET /search) 2-20
2026-10-09 17:00:32,526 INFO o.a.j.t.JMeterThread: Thread is done: Agent searches (GET /search) 2-20
2026-10-09 17:00:32,526 INFO o.a.j.t.JMeterThread: Thread finished: Agent searches (GET /search) 2-20
2026-10-09 17:00:32,853 INFO o.a.j.t.JMeterThread: Thread is done: Ticket intake (POST /tickets) 1-65
2026-10-09 17:00:32,853 INFO o.a.j.t.JMeterThread: Thread finished: Ticket intake (POST /tickets) 1-65
2026-10-09 17:00:33,827 INFO o.a.j.t.JMeterThread: Thread started: Ticket intake (POST /tickets) 1-67
2026-10-09 17:00:34,416 INFO o.a.j.t.JMeterThread: Thread is done: Ticket intake (POST /tickets) 1-64
2026-10-09 17:00:34,416 INFO o.a.j.t.JMeterThread: Thread finished: Ticket intake (POST /tickets) 1-64
2026-10-09 17:00:36,434 INFO o.a.j.t.JMeterThread: Thread is done: Ticket intake (POST /tickets) 1-66
2026-10-09 17:00:36,435 INFO o.a.j.t.JMeterThread: Thread finished: Ticket intake (POST /tickets) 1-66
2026-10-09 17:00:37,563 INFO o.a.j.t.JMeterThread: Thread is done: Ticket intake (POST /tickets) 1-67
2026-10-09 17:00:37,564 INFO o.a.j.t.JMeterThread: Thread finished: Ticket intake (POST /tickets) 1-67
2026-10-09 17:00:37,969 INFO o.a.j.t.JMeterThread: Thread started: Ticket intake (POST /tickets) 1-68
2026-10-09 17:00:40,287 INFO o.a.j.t.JMeterThread: Thread is done: Ticket intake (POST /tickets) 1-68
2026-10-09 17:00:40,287 INFO o.a.j.t.JMeterThread: Thread finished: Ticket intake (POST /tickets) 1-68
2026-10-09 17:00:40,392 INFO o.a.j.t.JMeterThread: Thread started: Agent searches (GET /search) 2-21
2026-10-09 17:00:40,458 INFO o.a.j.t.JMeterThread: Thread is done: Agent searches (GET /search) 2-21
2026-10-09 17:00:40,458 INFO o.a.j.t.JMeterThread: Thread finished: Agent searches (GET /search) 2-21
2026-10-09 17:00:42,420 INFO o.a.j.t.JMeterThread: Thread started: Ticket intake (POST /tickets) 1-69
2026-10-09 17:00:44,528 INFO o.a.j.t.JMeterThread: Thread is done: Ticket intake (POST /tickets) 1-69
2026-10-09 17:00:44,528 INFO o.a.j.t.JMeterThread: Thread finished: Ticket intake (POST /tickets) 1-69
2026-10-09 17:00:45,833 INFO o.a.j.t.JMeterThread: Thread started: Agent searches (GET /search) 2-22
2026-10-09 17:00:45,993 INFO o.a.j.t.JMeterThread: Thread is done: Agent searches (GET /search) 2-22
2026-10-09 17:00:45,993 INFO o.a.j.t.JMeterThread: Thread finished: Agent searches (GET /search) 2-22
2026-10-09 17:00:46,933 INFO o.a.j.t.JMeterThread: Thread started: Agent searches (GET /search) 2-23
2026-10-09 17:00:47,018 INFO o.a.j.t.JMeterThread: Thread is done: Agent searches (GET /search) 2-23
2026-10-09 17:00:47,019 INFO o.a.j.t.JMeterThread: Thread finished: Agent searches (GET /search) 2-23
2026-10-09 17:00:47,122 INFO o.a.j.t.JMeterThread: Thread started: Ticket intake (POST /tickets) 1-70
2026-10-09 17:00:47,976 INFO o.a.j.t.JMeterThread: Thread started: Ticket intake (POST /tickets) 1-71
2026-10-09 17:00:48,853 INFO o.a.j.t.JMeterThread: Thread is done: Ticket intake (POST /tickets) 1-70
2026-10-09 17:00:48,853 INFO o.a.j.t.JMeterThread: Thread finished: Ticket intake (POST /tickets) 1-70
2026-10-09 17:00:51,741 INFO o.a.j.t.JMeterThread: Thread started: Agent searches (GET /search) 2-24
2026-10-09 17:00:51,862 INFO o.a.j.t.JMeterThread: Thread is done: Agent searches (GET /search) 2-24
2026-10-09 17:00:51,862 INFO o.a.j.t.JMeterThread: Thread finished: Agent searches (GET /search) 2-24
2026-10-09 17:00:52,617 INFO o.a.j.t.JMeterThread: Thread is done: Ticket intake (POST /tickets) 1-71
2026-10-09 17:00:52,617 INFO o.a.j.t.JMeterThread: Thread finished: Ticket intake (POST /tickets) 1-71
2026-10-09 17:00:53,190 INFO o.a.j.t.JMeterThread: Thread started: Ticket intake (POST /tickets) 1-72
2026-10-09 17:00:55,737 INFO o.a.j.t.JMeterThread: Thread is done: Ticket intake (POST /tickets) 1-72
2026-10-09 17:00:55,738 INFO o.a.j.t.JMeterThread: Thread finished: Ticket intake (POST /tickets) 1-72
2026-10-09 17:00:58,524 INFO o.a.j.t.JMeterThread: Thread started: Ticket intake (POST /tickets) 1-73
2026-10-09 17:01:01,280 INFO o.a.j.r.Summariser: summary +     15 in 00:00:31 =    0.5/s Avg:  3314 Min:    63 Max: 10877 Err:     0 (0.00%) Active: 1 Started: 97 Finished: 96
2026-10-09 17:01:01,281 INFO o.a.j.r.Summariser: summary =     97 in 00:03:40 =    0.4/s Avg:  7713 Min:    63 Max: 19511 Err:     0 (0.00%)
2026-10-09 17:01:01,281 INFO o.a.j.t.JMeterThread: Thread is done: Ticket intake (POST /tickets) 1-73
2026-10-09 17:01:01,282 INFO o.a.j.t.JMeterThread: Thread finished: Ticket intake (POST /tickets) 1-73
2026-10-09 17:01:02,661 INFO o.a.j.t.JMeterThread: Thread started: Ticket intake (POST /tickets) 1-74
2026-10-09 17:01:03,170 INFO o.a.j.t.JMeterThread: Thread started: Ticket intake (POST /tickets) 1-75
2026-10-09 17:01:05,518 INFO o.a.j.t.JMeterThread: Thread is done: Ticket intake (POST /tickets) 1-74
2026-10-09 17:01:05,518 INFO o.a.j.t.JMeterThread: Thread finished: Ticket intake (POST /tickets) 1-74
2026-10-09 17:01:07,635 INFO o.a.j.t.JMeterThread: Thread started: Ticket intake (POST /tickets) 1-76
2026-10-09 17:01:08,077 INFO o.a.j.t.JMeterThread: Thread is done: Ticket intake (POST /tickets) 1-75
2026-10-09 17:01:08,077 INFO o.a.j.t.JMeterThread: Thread finished: Ticket intake (POST /tickets) 1-75
2026-10-09 17:01:08,924 INFO o.a.j.t.JMeterThread: Thread started: Ticket intake (POST /tickets) 1-77
2026-10-09 17:01:09,165 INFO o.a.j.t.JMeterThread: Thread started: Ticket intake (POST /tickets) 1-78
2026-10-09 17:01:10,406 INFO o.a.j.t.JMeterThread: Thread started: Ticket intake (POST /tickets) 1-79
2026-10-09 17:01:12,039 INFO o.a.j.t.JMeterThread: Thread started: Agent searches (GET /search) 2-25
2026-10-09 17:01:12,072 INFO o.a.j.t.JMeterThread: Thread is done: Ticket intake (POST /tickets) 1-76
2026-10-09 17:01:12,072 INFO o.a.j.t.JMeterThread: Thread finished: Ticket intake (POST /tickets) 1-76
2026-10-09 17:01:12,075 INFO o.a.j.t.JMeterThread: Thread started: Ticket intake (POST /tickets) 1-80
2026-10-09 17:01:12,120 INFO o.a.j.t.JMeterThread: Thread is done: Agent searches (GET /search) 2-25
2026-10-09 17:01:12,121 INFO o.a.j.t.JMeterThread: Thread finished: Agent searches (GET /search) 2-25
2026-10-09 17:01:12,212 INFO o.a.j.t.JMeterThread: Thread started: Ticket intake (POST /tickets) 1-81
2026-10-09 17:01:14,616 INFO o.a.j.t.JMeterThread: Thread started: Ticket intake (POST /tickets) 1-82
2026-10-09 17:01:15,090 INFO o.a.j.t.JMeterThread: Thread started: Ticket intake (POST /tickets) 1-83
2026-10-09 17:01:16,074 INFO o.a.j.t.JMeterThread: Thread started: Ticket intake (POST /tickets) 1-84
2026-10-09 17:01:16,910 INFO o.a.j.t.JMeterThread: Thread started: Ticket intake (POST /tickets) 1-85
2026-10-09 17:01:17,322 INFO o.a.j.t.JMeterThread: Thread is done: Ticket intake (POST /tickets) 1-77
2026-10-09 17:01:17,322 INFO o.a.j.t.JMeterThread: Thread finished: Ticket intake (POST /tickets) 1-77
2026-10-09 17:01:20,543 INFO o.a.j.t.JMeterThread: Thread is done: Ticket intake (POST /tickets) 1-78
2026-10-09 17:01:20,543 INFO o.a.j.t.JMeterThread: Thread finished: Ticket intake (POST /tickets) 1-78
2026-10-09 17:01:22,418 INFO o.a.j.t.JMeterThread: Thread is done: Ticket intake (POST /tickets) 1-79
2026-10-09 17:01:22,418 INFO o.a.j.t.JMeterThread: Thread finished: Ticket intake (POST /tickets) 1-79
2026-10-09 17:01:22,926 INFO o.a.j.t.JMeterThread: Thread is done: Ticket intake (POST /tickets) 1-80
2026-10-09 17:01:22,927 INFO o.a.j.t.JMeterThread: Thread finished: Ticket intake (POST /tickets) 1-80
2026-10-09 17:01:25,141 INFO o.a.j.t.JMeterThread: Thread started: Ticket intake (POST /tickets) 1-86
2026-10-09 17:01:26,618 INFO o.a.j.t.JMeterThread: Thread is done: Ticket intake (POST /tickets) 1-81
2026-10-09 17:01:26,619 INFO o.a.j.t.JMeterThread: Thread finished: Ticket intake (POST /tickets) 1-81
2026-10-09 17:01:27,557 INFO o.a.j.t.JMeterThread: Thread started: Ticket intake (POST /tickets) 1-87
2026-10-09 17:01:27,805 INFO o.a.j.t.JMeterThread: Thread started: Ticket intake (POST /tickets) 1-88
2026-10-09 17:01:29,794 INFO o.a.j.t.JMeterThread: Thread started: Ticket intake (POST /tickets) 1-89
2026-10-09 17:01:30,812 INFO o.a.j.t.JMeterThread: Thread started: Ticket intake (POST /tickets) 1-90
2026-10-09 17:01:31,117 INFO o.a.j.r.Summariser: summary +     10 in 00:00:30 =    0.3/s Avg:  8579 Min:    78 Max: 16498 Err:     0 (0.00%) Active: 9 Started: 115 Finished: 106
2026-10-09 17:01:31,118 INFO o.a.j.r.Summariser: summary =    107 in 00:04:10 =    0.4/s Avg:  7794 Min:    63 Max: 19511 Err:     0 (0.00%)
2026-10-09 17:01:31,118 INFO o.a.j.t.JMeterThread: Thread is done: Ticket intake (POST /tickets) 1-82
2026-10-09 17:01:31,118 INFO o.a.j.t.JMeterThread: Thread finished: Ticket intake (POST /tickets) 1-82
2026-10-09 17:01:31,985 INFO o.a.j.t.JMeterThread: Thread started: Ticket intake (POST /tickets) 1-91
2026-10-09 17:01:34,335 INFO o.a.j.t.JMeterThread: Thread started: Ticket intake (POST /tickets) 1-92
2026-10-09 17:01:34,555 INFO o.a.j.t.JMeterThread: Thread started: Ticket intake (POST /tickets) 1-93
2026-10-09 17:01:34,903 INFO o.a.j.t.JMeterThread: Thread is done: Ticket intake (POST /tickets) 1-83
2026-10-09 17:01:34,903 INFO o.a.j.t.JMeterThread: Thread finished: Ticket intake (POST /tickets) 1-83
2026-10-09 17:01:36,772 INFO o.a.j.t.JMeterThread: Thread started: Ticket intake (POST /tickets) 1-94
2026-10-09 17:01:36,961 INFO o.a.j.t.JMeterThread: Thread started: Ticket intake (POST /tickets) 1-95
2026-10-09 17:01:37,738 INFO o.a.j.t.JMeterThread: Thread started: Ticket intake (POST /tickets) 1-96
2026-10-09 17:01:38,156 INFO o.a.j.t.JMeterThread: Thread is done: Ticket intake (POST /tickets) 1-84
2026-10-09 17:01:38,156 INFO o.a.j.t.JMeterThread: Thread finished: Ticket intake (POST /tickets) 1-84
2026-10-09 17:01:41,110 INFO o.a.j.t.JMeterThread: Thread is done: Ticket intake (POST /tickets) 1-85
2026-10-09 17:01:41,111 INFO o.a.j.t.JMeterThread: Thread finished: Ticket intake (POST /tickets) 1-85
2026-10-09 17:01:41,193 INFO o.a.j.t.JMeterThread: Thread started: Agent searches (GET /search) 2-26
2026-10-09 17:01:41,281 INFO o.a.j.t.JMeterThread: Thread is done: Agent searches (GET /search) 2-26
2026-10-09 17:01:41,281 INFO o.a.j.t.JMeterThread: Thread finished: Agent searches (GET /search) 2-26
2026-10-09 17:01:42,849 INFO o.a.j.t.JMeterThread: Thread started: Agent searches (GET /search) 2-27
2026-10-09 17:01:42,857 INFO o.a.j.t.JMeterThread: Thread started: Ticket intake (POST /tickets) 1-97
2026-10-09 17:01:42,955 INFO o.a.j.t.JMeterThread: Thread is done: Agent searches (GET /search) 2-27
2026-10-09 17:01:42,955 INFO o.a.j.t.JMeterThread: Thread finished: Agent searches (GET /search) 2-27
2026-10-09 17:01:43,151 INFO o.a.j.t.JMeterThread: Thread started: Agent searches (GET /search) 2-28
2026-10-09 17:01:43,302 INFO o.a.j.t.JMeterThread: Thread is done: Agent searches (GET /search) 2-28
2026-10-09 17:01:43,303 INFO o.a.j.t.JMeterThread: Thread finished: Agent searches (GET /search) 2-28
2026-10-09 17:01:45,989 INFO o.a.j.t.JMeterThread: Thread is done: Ticket intake (POST /tickets) 1-86
2026-10-09 17:01:45,989 INFO o.a.j.t.JMeterThread: Thread finished: Ticket intake (POST /tickets) 1-86
2026-10-09 17:01:48,320 INFO o.a.j.t.JMeterThread: Thread started: Ticket intake (POST /tickets) 1-98
2026-10-09 17:01:48,429 INFO o.a.j.t.JMeterThread: Thread is done: Ticket intake (POST /tickets) 1-87
2026-10-09 17:01:48,429 INFO o.a.j.t.JMeterThread: Thread finished: Ticket intake (POST /tickets) 1-87
2026-10-09 17:01:50,442 INFO o.a.j.t.JMeterThread: Thread started: Ticket intake (POST /tickets) 1-99
2026-10-09 17:01:51,573 INFO o.a.j.t.JMeterThread: Thread started: Ticket intake (POST /tickets) 1-100
2026-10-09 17:01:52,683 INFO o.a.j.t.JMeterThread: Thread is done: Ticket intake (POST /tickets) 1-88
2026-10-09 17:01:52,683 INFO o.a.j.t.JMeterThread: Thread finished: Ticket intake (POST /tickets) 1-88
2026-10-09 17:01:53,319 INFO o.a.j.t.JMeterThread: Thread started: Ticket intake (POST /tickets) 1-101
2026-10-09 17:01:54,361 INFO o.a.j.t.JMeterThread: Thread is done: Ticket intake (POST /tickets) 1-89
2026-10-09 17:01:54,362 INFO o.a.j.t.JMeterThread: Thread finished: Ticket intake (POST /tickets) 1-89
2026-10-09 17:01:56,371 INFO o.a.j.t.JMeterThread: Thread is done: Ticket intake (POST /tickets) 1-90
2026-10-09 17:01:56,372 INFO o.a.j.t.JMeterThread: Thread finished: Ticket intake (POST /tickets) 1-90
2026-10-09 17:01:56,942 INFO o.a.j.t.JMeterThread: Thread started: Ticket intake (POST /tickets) 1-102
2026-10-09 17:01:57,655 INFO o.a.j.t.JMeterThread: Thread started: Agent searches (GET /search) 2-29
2026-10-09 17:01:57,750 INFO o.a.j.t.JMeterThread: Thread is done: Agent searches (GET /search) 2-29
2026-10-09 17:01:57,750 INFO o.a.j.t.JMeterThread: Thread finished: Agent searches (GET /search) 2-29
2026-10-09 17:01:59,587 INFO o.a.j.t.JMeterThread: Thread is done: Ticket intake (POST /tickets) 1-91
2026-10-09 17:01:59,587 INFO o.a.j.t.JMeterThread: Thread finished: Ticket intake (POST /tickets) 1-91
2026-10-09 17:02:01,489 INFO o.a.j.r.Summariser: summary +     14 in 00:00:30 =    0.5/s Avg: 16998 Min:    84 Max: 27600 Err:     0 (0.00%) Active: 11 Started: 131 Finished: 120
2026-10-09 17:02:01,490 INFO o.a.j.r.Summariser: summary =    121 in 00:04:40 =    0.4/s Avg:  8859 Min:    63 Max: 27600 Err:     0 (0.00%)
2026-10-09 17:02:01,490 INFO o.a.j.t.JMeterThread: Thread is done: Ticket intake (POST /tickets) 1-92
2026-10-09 17:02:01,490 INFO o.a.j.t.JMeterThread: Thread finished: Ticket intake (POST /tickets) 1-92
2026-10-09 17:02:03,792 INFO o.a.j.t.JMeterThread: Thread is done: Ticket intake (POST /tickets) 1-93
2026-10-09 17:02:03,792 INFO o.a.j.t.JMeterThread: Thread finished: Ticket intake (POST /tickets) 1-93
2026-10-09 17:02:04,231 INFO o.a.j.t.JMeterThread: Thread started: Ticket intake (POST /tickets) 1-103
2026-10-09 17:02:04,727 INFO o.a.j.t.JMeterThread: Thread started: Agent searches (GET /search) 2-30
2026-10-09 17:02:04,872 INFO o.a.j.t.JMeterThread: Thread is done: Agent searches (GET /search) 2-30
2026-10-09 17:02:04,872 INFO o.a.j.t.JMeterThread: Thread finished: Agent searches (GET /search) 2-30
2026-10-09 17:02:07,776 INFO o.a.j.t.JMeterThread: Thread is done: Ticket intake (POST /tickets) 1-94
2026-10-09 17:02:07,776 INFO o.a.j.t.JMeterThread: Thread finished: Ticket intake (POST /tickets) 1-94
2026-10-09 17:02:09,031 INFO o.a.j.t.JMeterThread: Thread started: Ticket intake (POST /tickets) 1-104
2026-10-09 17:02:09,888 INFO o.a.j.t.JMeterThread: Thread is done: Ticket intake (POST /tickets) 1-95
2026-10-09 17:02:09,888 INFO o.a.j.t.JMeterThread: Thread finished: Ticket intake (POST /tickets) 1-95
2026-10-09 17:02:11,726 INFO o.a.j.t.JMeterThread: Thread started: Ticket intake (POST /tickets) 1-105
2026-10-09 17:02:12,515 INFO o.a.j.t.JMeterThread: Thread is done: Ticket intake (POST /tickets) 1-96
2026-10-09 17:02:12,515 INFO o.a.j.t.JMeterThread: Thread finished: Ticket intake (POST /tickets) 1-96
2026-10-09 17:02:16,666 INFO o.a.j.t.JMeterThread: Thread started: Ticket intake (POST /tickets) 1-106
2026-10-09 17:02:16,686 INFO o.a.j.t.JMeterThread: Thread is done: Ticket intake (POST /tickets) 1-97
2026-10-09 17:02:16,686 INFO o.a.j.t.JMeterThread: Thread finished: Ticket intake (POST /tickets) 1-97
2026-10-09 17:02:16,939 INFO o.a.j.t.JMeterThread: Thread started: Ticket intake (POST /tickets) 1-107
2026-10-09 17:02:17,711 INFO o.a.j.t.JMeterThread: Thread is done: Ticket intake (POST /tickets) 1-98
2026-10-09 17:02:17,711 INFO o.a.j.t.JMeterThread: Thread finished: Ticket intake (POST /tickets) 1-98
2026-10-09 17:02:19,466 INFO o.a.j.t.JMeterThread: Thread is done: Ticket intake (POST /tickets) 1-99
2026-10-09 17:02:19,467 INFO o.a.j.t.JMeterThread: Thread finished: Ticket intake (POST /tickets) 1-99
2026-10-09 17:02:22,317 INFO o.a.j.t.JMeterThread: Thread is done: Ticket intake (POST /tickets) 1-100
2026-10-09 17:02:22,317 INFO o.a.j.t.JMeterThread: Thread finished: Ticket intake (POST /tickets) 1-100
2026-10-09 17:02:22,764 INFO o.a.j.t.JMeterThread: Thread started: Ticket intake (POST /tickets) 1-108
2026-10-09 17:02:23,101 INFO o.a.j.t.JMeterThread: Thread started: Ticket intake (POST /tickets) 1-109
2026-10-09 17:02:24,753 INFO o.a.j.t.JMeterThread: Thread started: Ticket intake (POST /tickets) 1-110
2026-10-09 17:02:25,218 INFO o.a.j.t.JMeterThread: Thread is done: Ticket intake (POST /tickets) 1-101
2026-10-09 17:02:25,218 INFO o.a.j.t.JMeterThread: Thread finished: Ticket intake (POST /tickets) 1-101
2026-10-09 17:02:26,404 INFO o.a.j.t.JMeterThread: Thread started: Agent searches (GET /search) 2-31
2026-10-09 17:02:26,629 INFO o.a.j.t.JMeterThread: Thread is done: Agent searches (GET /search) 2-31
2026-10-09 17:02:26,629 INFO o.a.j.t.JMeterThread: Thread finished: Agent searches (GET /search) 2-31
2026-10-09 17:02:27,131 INFO o.a.j.t.JMeterThread: Thread started: Agent searches (GET /search) 2-32
2026-10-09 17:02:27,246 INFO o.a.j.t.JMeterThread: Thread is done: Agent searches (GET /search) 2-32
2026-10-09 17:02:27,246 INFO o.a.j.t.JMeterThread: Thread finished: Agent searches (GET /search) 2-32
2026-10-09 17:02:27,397 INFO o.a.j.t.JMeterThread: Thread is done: Ticket intake (POST /tickets) 1-102
2026-10-09 17:02:27,397 INFO o.a.j.t.JMeterThread: Thread finished: Ticket intake (POST /tickets) 1-102
2026-10-09 17:02:27,419 INFO o.a.j.t.JMeterThread: Thread started: Agent searches (GET /search) 2-33
2026-10-09 17:02:27,500 INFO o.a.j.t.JMeterThread: Thread is done: Agent searches (GET /search) 2-33
2026-10-09 17:02:27,500 INFO o.a.j.t.JMeterThread: Thread finished: Agent searches (GET /search) 2-33
2026-10-09 17:02:29,096 INFO o.a.j.t.JMeterThread: Thread started: Agent searches (GET /search) 2-34
2026-10-09 17:02:29,261 INFO o.a.j.t.JMeterThread: Thread is done: Agent searches (GET /search) 2-34
2026-10-09 17:02:29,262 INFO o.a.j.t.JMeterThread: Thread finished: Agent searches (GET /search) 2-34
2026-10-09 17:02:30,614 INFO o.a.j.t.JMeterThread: Thread started: Ticket intake (POST /tickets) 1-111
2026-10-09 17:02:30,713 INFO o.a.j.r.Summariser: summary +     16 in 00:00:29 =    0.5/s Avg: 21278 Min:    78 Max: 34774 Err:     0 (0.00%) Active: 9 Started: 145 Finished: 136
2026-10-09 17:02:30,713 INFO o.a.j.r.Summariser: summary =    137 in 00:05:10 =    0.4/s Avg: 10309 Min:    63 Max: 34774 Err:     0 (0.00%)
2026-10-09 17:02:30,714 INFO o.a.j.t.JMeterThread: Thread is done: Ticket intake (POST /tickets) 1-103
2026-10-09 17:02:30,714 INFO o.a.j.t.JMeterThread: Thread finished: Ticket intake (POST /tickets) 1-103
2026-10-09 17:02:31,639 INFO o.a.j.t.JMeterThread: Thread is done: Ticket intake (POST /tickets) 1-104
2026-10-09 17:02:31,639 INFO o.a.j.t.JMeterThread: Thread finished: Ticket intake (POST /tickets) 1-104
2026-10-09 17:02:31,934 INFO o.a.j.t.JMeterThread: Thread started: Ticket intake (POST /tickets) 1-112
2026-10-09 17:02:31,960 INFO o.a.j.t.JMeterThread: Thread started: Ticket intake (POST /tickets) 1-113
2026-10-09 17:02:35,852 INFO o.a.j.t.JMeterThread: Thread is done: Ticket intake (POST /tickets) 1-105
2026-10-09 17:02:35,852 INFO o.a.j.t.JMeterThread: Thread finished: Ticket intake (POST /tickets) 1-105
2026-10-09 17:02:37,954 INFO o.a.j.t.JMeterThread: Thread started: Agent searches (GET /search) 2-35
2026-10-09 17:02:38,045 INFO o.a.j.t.JMeterThread: Thread is done: Agent searches (GET /search) 2-35
2026-10-09 17:02:38,046 INFO o.a.j.t.JMeterThread: Thread finished: Agent searches (GET /search) 2-35
2026-10-09 17:02:39,582 INFO o.a.j.t.JMeterThread: Thread is done: Ticket intake (POST /tickets) 1-106
2026-10-09 17:02:39,582 INFO o.a.j.t.JMeterThread: Thread finished: Ticket intake (POST /tickets) 1-106
2026-10-09 17:02:40,319 INFO o.a.j.t.JMeterThread: Thread started: Ticket intake (POST /tickets) 1-114
2026-10-09 17:02:42,624 INFO o.a.j.t.JMeterThread: Thread started: Agent searches (GET /search) 2-36
2026-10-09 17:02:42,694 INFO o.a.j.t.JMeterThread: Thread is done: Agent searches (GET /search) 2-36
2026-10-09 17:02:42,694 INFO o.a.j.t.JMeterThread: Thread finished: Agent searches (GET /search) 2-36
2026-10-09 17:02:44,309 INFO o.a.j.t.JMeterThread: Thread started: Ticket intake (POST /tickets) 1-115
2026-10-09 17:02:45,151 INFO o.a.j.t.JMeterThread: Thread is done: Ticket intake (POST /tickets) 1-107
2026-10-09 17:02:45,151 INFO o.a.j.t.JMeterThread: Thread finished: Ticket intake (POST /tickets) 1-107
2026-10-09 17:02:49,040 INFO o.a.j.t.JMeterThread: Thread is done: Ticket intake (POST /tickets) 1-108
2026-10-09 17:02:49,040 INFO o.a.j.t.JMeterThread: Thread finished: Ticket intake (POST /tickets) 1-108
2026-10-09 17:02:50,947 INFO o.a.j.t.JMeterThread: Thread is done: Ticket intake (POST /tickets) 1-109
2026-10-09 17:02:50,947 INFO o.a.j.t.JMeterThread: Thread finished: Ticket intake (POST /tickets) 1-109
2026-10-09 17:02:51,646 INFO o.a.j.t.JMeterThread: Thread started: Ticket intake (POST /tickets) 1-116
2026-10-09 17:02:51,653 INFO o.a.j.t.JMeterThread: Thread started: Ticket intake (POST /tickets) 1-117
2026-10-09 17:02:53,752 INFO o.a.j.t.JMeterThread: Thread is done: Ticket intake (POST /tickets) 1-110
2026-10-09 17:02:53,752 INFO o.a.j.t.JMeterThread: Thread finished: Ticket intake (POST /tickets) 1-110
2026-10-09 17:02:55,323 INFO o.a.j.t.JMeterThread: Thread is done: Ticket intake (POST /tickets) 1-111
2026-10-09 17:02:55,323 INFO o.a.j.t.JMeterThread: Thread finished: Ticket intake (POST /tickets) 1-111
2026-10-09 17:02:57,100 INFO o.a.j.t.JMeterThread: Thread started: Ticket intake (POST /tickets) 1-118
2026-10-09 17:02:57,100 INFO o.a.j.t.JMeterThread: Thread is done: Ticket intake (POST /tickets) 1-112
2026-10-09 17:02:57,101 INFO o.a.j.t.JMeterThread: Thread finished: Ticket intake (POST /tickets) 1-112
2026-10-09 17:02:58,530 INFO o.a.j.t.JMeterThread: Thread is done: Ticket intake (POST /tickets) 1-113
2026-10-09 17:02:58,530 INFO o.a.j.t.JMeterThread: Thread finished: Ticket intake (POST /tickets) 1-113
2026-10-09 17:03:00,468 INFO o.a.j.t.JMeterThread: Thread started: Ticket intake (POST /tickets) 1-119
2026-10-09 17:03:00,694 INFO o.a.j.t.JMeterThread: Thread started: Ticket intake (POST /tickets) 1-120
2026-10-09 17:03:03,481 INFO o.a.j.r.Summariser: summary +     13 in 00:00:33 =    0.4/s Avg: 21593 Min:    66 Max: 28997 Err:     0 (0.00%) Active: 7 Started: 156 Finished: 149
2026-10-09 17:03:03,481 INFO o.a.j.r.Summariser: summary =    150 in 00:05:42 =    0.4/s Avg: 11287 Min:    63 Max: 34774 Err:     0 (0.00%)
2026-10-09 17:03:03,482 INFO o.a.j.t.JMeterThread: Thread is done: Ticket intake (POST /tickets) 1-114
2026-10-09 17:03:03,482 INFO o.a.j.t.JMeterThread: Thread finished: Ticket intake (POST /tickets) 1-114
2026-10-09 17:03:05,045 INFO o.a.j.t.JMeterThread: Thread is done: Ticket intake (POST /tickets) 1-115
2026-10-09 17:03:05,046 INFO o.a.j.t.JMeterThread: Thread finished: Ticket intake (POST /tickets) 1-115
2026-10-09 17:03:07,070 INFO o.a.j.t.JMeterThread: Thread started: Ticket intake (POST /tickets) 1-121
2026-10-09 17:03:09,094 INFO o.a.j.t.JMeterThread: Thread is done: Ticket intake (POST /tickets) 1-116
2026-10-09 17:03:09,095 INFO o.a.j.t.JMeterThread: Thread finished: Ticket intake (POST /tickets) 1-116
2026-10-09 17:03:12,996 INFO o.a.j.t.JMeterThread: Thread started: Ticket intake (POST /tickets) 1-122
2026-10-09 17:03:13,316 INFO o.a.j.t.JMeterThread: Thread is done: Ticket intake (POST /tickets) 1-117
2026-10-09 17:03:13,316 INFO o.a.j.t.JMeterThread: Thread finished: Ticket intake (POST /tickets) 1-117
2026-10-09 17:03:14,891 INFO o.a.j.t.JMeterThread: Thread started: Ticket intake (POST /tickets) 1-123
2026-10-09 17:03:14,967 INFO o.a.j.t.JMeterThread: Thread is done: Ticket intake (POST /tickets) 1-118
2026-10-09 17:03:14,967 INFO o.a.j.t.JMeterThread: Thread finished: Ticket intake (POST /tickets) 1-118
2026-10-09 17:03:15,487 INFO o.a.j.t.JMeterThread: Thread started: Ticket intake (POST /tickets) 1-124
2026-10-09 17:03:15,887 INFO o.a.j.t.JMeterThread: Thread started: Ticket intake (POST /tickets) 1-125
2026-10-09 17:03:16,183 INFO o.a.j.t.JMeterThread: Thread started: Ticket intake (POST /tickets) 1-126
2026-10-09 17:03:17,724 INFO o.a.j.t.JMeterThread: Thread started: Agent searches (GET /search) 2-37
2026-10-09 17:03:17,891 INFO o.a.j.t.JMeterThread: Thread started: Ticket intake (POST /tickets) 1-127
2026-10-09 17:03:17,921 INFO o.a.j.t.JMeterThread: Thread is done: Agent searches (GET /search) 2-37
2026-10-09 17:03:17,921 INFO o.a.j.t.JMeterThread: Thread finished: Agent searches (GET /search) 2-37
2026-10-09 17:03:17,989 INFO o.a.j.t.JMeterThread: Thread is done: Ticket intake (POST /tickets) 1-119
2026-10-09 17:03:17,989 INFO o.a.j.t.JMeterThread: Thread finished: Ticket intake (POST /tickets) 1-119
2026-10-09 17:03:19,865 INFO o.a.j.t.JMeterThread: Thread is done: Ticket intake (POST /tickets) 1-120
2026-10-09 17:03:19,866 INFO o.a.j.t.JMeterThread: Thread finished: Ticket intake (POST /tickets) 1-120
2026-10-09 17:03:21,375 INFO o.a.j.t.JMeterThread: Thread started: Ticket intake (POST /tickets) 1-128
2026-10-09 17:03:21,619 INFO o.a.j.t.JMeterThread: Thread started: Agent searches (GET /search) 2-38
2026-10-09 17:03:21,717 INFO o.a.j.t.JMeterThread: Thread is done: Agent searches (GET /search) 2-38
2026-10-09 17:03:21,718 INFO o.a.j.t.JMeterThread: Thread finished: Agent searches (GET /search) 2-38
2026-10-09 17:03:22,343 INFO o.a.j.t.JMeterThread: Thread is done: Ticket intake (POST /tickets) 1-121
2026-10-09 17:03:22,343 INFO o.a.j.t.JMeterThread: Thread finished: Ticket intake (POST /tickets) 1-121
2026-10-09 17:03:22,943 INFO o.a.j.t.JMeterThread: Thread started: Ticket intake (POST /tickets) 1-129
2026-10-09 17:03:25,873 INFO o.a.j.t.JMeterThread: Thread started: Ticket intake (POST /tickets) 1-130
2026-10-09 17:03:26,469 INFO o.a.j.t.JMeterThread: Thread started: Ticket intake (POST /tickets) 1-131
2026-10-09 17:03:26,684 INFO o.a.j.t.JMeterThread: Thread is done: Ticket intake (POST /tickets) 1-122
2026-10-09 17:03:26,684 INFO o.a.j.t.JMeterThread: Thread finished: Ticket intake (POST /tickets) 1-122
2026-10-09 17:03:28,568 INFO o.a.j.t.JMeterThread: Thread is done: Ticket intake (POST /tickets) 1-123
2026-10-09 17:03:28,568 INFO o.a.j.t.JMeterThread: Thread finished: Ticket intake (POST /tickets) 1-123
2026-10-09 17:03:30,034 INFO o.a.j.t.JMeterThread: Thread started: Ticket intake (POST /tickets) 1-132
2026-10-09 17:03:31,632 INFO o.a.j.t.JMeterThread: Thread started: Ticket intake (POST /tickets) 1-133
2026-10-09 17:03:31,792 INFO o.a.j.t.JMeterThread: Thread started: Ticket intake (POST /tickets) 1-134
2026-10-09 17:03:31,846 INFO o.a.j.r.Summariser: summary +     12 in 00:00:28 =    0.4/s Avg: 14472 Min:    95 Max: 21662 Err:     0 (0.00%) Active: 11 Started: 172 Finished: 161
2026-10-09 17:03:31,846 INFO o.a.j.r.Summariser: summary =    162 in 00:06:11 =    0.4/s Avg: 11523 Min:    63 Max: 34774 Err:     0 (0.00%)
2026-10-09 17:03:31,846 INFO o.a.j.t.JMeterThread: Thread is done: Ticket intake (POST /tickets) 1-124
2026-10-09 17:03:31,846 INFO o.a.j.t.JMeterThread: Thread finished: Ticket intake (POST /tickets) 1-124
2026-10-09 17:03:33,136 INFO o.a.j.t.JMeterThread: Thread is done: Ticket intake (POST /tickets) 1-125
2026-10-09 17:03:33,136 INFO o.a.j.t.JMeterThread: Thread finished: Ticket intake (POST /tickets) 1-125
2026-10-09 17:03:33,643 INFO o.a.j.t.JMeterThread: Thread started: Ticket intake (POST /tickets) 1-135
2026-10-09 17:03:35,126 INFO o.a.j.t.JMeterThread: Thread is done: Ticket intake (POST /tickets) 1-126
2026-10-09 17:03:35,126 INFO o.a.j.t.JMeterThread: Thread finished: Ticket intake (POST /tickets) 1-126
2026-10-09 17:03:36,826 INFO o.a.j.t.JMeterThread: Thread is done: Ticket intake (POST /tickets) 1-127
2026-10-09 17:03:36,826 INFO o.a.j.t.JMeterThread: Thread finished: Ticket intake (POST /tickets) 1-127
2026-10-09 17:03:37,089 INFO o.a.j.t.JMeterThread: Thread started: Ticket intake (POST /tickets) 1-136
2026-10-09 17:03:37,897 INFO o.a.j.t.JMeterThread: Thread is done: Ticket intake (POST /tickets) 1-128
2026-10-09 17:03:37,897 INFO o.a.j.t.JMeterThread: Thread finished: Ticket intake (POST /tickets) 1-128
2026-10-09 17:03:39,841 INFO o.a.j.t.JMeterThread: Thread is done: Ticket intake (POST /tickets) 1-129
2026-10-09 17:03:39,841 INFO o.a.j.t.JMeterThread: Thread finished: Ticket intake (POST /tickets) 1-129
2026-10-09 17:03:41,339 INFO o.a.j.t.JMeterThread: Thread is done: Ticket intake (POST /tickets) 1-130
2026-10-09 17:03:41,340 INFO o.a.j.t.JMeterThread: Thread finished: Ticket intake (POST /tickets) 1-130
2026-10-09 17:03:42,784 INFO o.a.j.t.JMeterThread: Thread started: Ticket intake (POST /tickets) 1-137
2026-10-09 17:03:43,120 INFO o.a.j.t.JMeterThread: Thread started: Agent searches (GET /search) 2-39
2026-10-09 17:03:43,255 INFO o.a.j.t.JMeterThread: Thread is done: Agent searches (GET /search) 2-39
2026-10-09 17:03:43,255 INFO o.a.j.t.JMeterThread: Thread finished: Agent searches (GET /search) 2-39
2026-10-09 17:03:44,121 INFO o.a.j.t.JMeterThread: Thread started: Ticket intake (POST /tickets) 1-138
2026-10-09 17:03:44,747 INFO o.a.j.t.JMeterThread: Thread is done: Ticket intake (POST /tickets) 1-131
2026-10-09 17:03:44,747 INFO o.a.j.t.JMeterThread: Thread finished: Ticket intake (POST /tickets) 1-131
2026-10-09 17:03:44,845 INFO o.a.j.t.JMeterThread: Thread started: Ticket intake (POST /tickets) 1-139
2026-10-09 17:03:47,378 INFO o.a.j.t.JMeterThread: Thread is done: Ticket intake (POST /tickets) 1-132
2026-10-09 17:03:47,379 INFO o.a.j.t.JMeterThread: Thread finished: Ticket intake (POST /tickets) 1-132
2026-10-09 17:03:48,760 INFO o.a.j.t.JMeterThread: Thread started: Ticket intake (POST /tickets) 1-140
2026-10-09 17:03:49,177 INFO o.a.j.t.JMeterThread: Thread started: Agent searches (GET /search) 2-40
2026-10-09 17:03:49,357 INFO o.a.j.t.JMeterThread: Thread is done: Agent searches (GET /search) 2-40
2026-10-09 17:03:49,358 INFO o.a.j.t.JMeterThread: Thread finished: Agent searches (GET /search) 2-40
2026-10-09 17:03:50,277 INFO o.a.j.t.JMeterThread: Thread is done: Ticket intake (POST /tickets) 1-133
2026-10-09 17:03:50,277 INFO o.a.j.t.JMeterThread: Thread finished: Ticket intake (POST /tickets) 1-133
2026-10-09 17:03:52,740 INFO o.a.j.t.JMeterThread: Thread is done: Ticket intake (POST /tickets) 1-134
2026-10-09 17:03:52,740 INFO o.a.j.t.JMeterThread: Thread finished: Ticket intake (POST /tickets) 1-134
2026-10-09 17:03:54,568 INFO o.a.j.t.JMeterThread: Thread started: Ticket intake (POST /tickets) 1-141
2026-10-09 17:03:54,581 INFO o.a.j.t.JMeterThread: Thread started: Agent searches (GET /search) 2-41
2026-10-09 17:03:54,781 INFO o.a.j.t.JMeterThread: Thread is done: Agent searches (GET /search) 2-41
2026-10-09 17:03:54,782 INFO o.a.j.t.JMeterThread: Thread finished: Agent searches (GET /search) 2-41
2026-10-09 17:03:54,994 INFO o.a.j.t.JMeterThread: Thread started: Agent searches (GET /search) 2-42
2026-10-09 17:03:55,164 INFO o.a.j.t.JMeterThread: Thread is done: Agent searches (GET /search) 2-42
2026-10-09 17:03:55,164 INFO o.a.j.t.JMeterThread: Thread finished: Agent searches (GET /search) 2-42
2026-10-09 17:03:55,854 INFO o.a.j.t.JMeterThread: Thread started: Agent searches (GET /search) 2-43
2026-10-09 17:03:55,975 INFO o.a.j.t.JMeterThread: Thread is done: Agent searches (GET /search) 2-43
2026-10-09 17:03:55,975 INFO o.a.j.t.JMeterThread: Thread finished: Agent searches (GET /search) 2-43
2026-10-09 17:03:56,129 INFO o.a.j.t.JMeterThread: Thread is done: Ticket intake (POST /tickets) 1-135
2026-10-09 17:03:56,129 INFO o.a.j.t.JMeterThread: Thread finished: Ticket intake (POST /tickets) 1-135
2026-10-09 17:03:58,066 INFO o.a.j.t.JMeterThread: Thread started: Ticket intake (POST /tickets) 1-142
2026-10-09 17:03:58,481 INFO o.a.j.t.JMeterThread: Thread started: Ticket intake (POST /tickets) 1-143
2026-10-09 17:03:59,902 INFO o.a.j.t.JMeterThread: Thread is done: Ticket intake (POST /tickets) 1-136
2026-10-09 17:03:59,903 INFO o.a.j.t.JMeterThread: Thread finished: Ticket intake (POST /tickets) 1-136
2026-10-09 17:04:02,629 INFO o.a.j.r.Summariser: summary +     18 in 00:00:31 =    0.6/s Avg: 13617 Min:   118 Max: 22803 Err:     0 (0.00%) Active: 7 Started: 186 Finished: 179
2026-10-09 17:04:02,630 INFO o.a.j.r.Summariser: summary =    180 in 00:06:42 =    0.4/s Avg: 11732 Min:    63 Max: 34774 Err:     0 (0.00%)
2026-10-09 17:04:02,630 INFO o.a.j.t.JMeterThread: Thread is done: Ticket intake (POST /tickets) 1-137
2026-10-09 17:04:02,630 INFO o.a.j.t.JMeterThread: Thread finished: Ticket intake (POST /tickets) 1-137
2026-10-09 17:04:03,427 INFO o.a.j.t.JMeterThread: Thread started: Ticket intake (POST /tickets) 1-144
2026-10-09 17:04:03,634 INFO o.a.j.t.JMeterThread: Thread started: Ticket intake (POST /tickets) 1-145
2026-10-09 17:04:04,066 INFO o.a.j.t.JMeterThread: Thread is done: Ticket intake (POST /tickets) 1-138
2026-10-09 17:04:04,066 INFO o.a.j.t.JMeterThread: Thread finished: Ticket intake (POST /tickets) 1-138
2026-10-09 17:04:06,263 INFO o.a.j.t.JMeterThread: Thread started: Ticket intake (POST /tickets) 1-146
2026-10-09 17:04:07,377 INFO o.a.j.t.JMeterThread: Thread is done: Ticket intake (POST /tickets) 1-139
2026-10-09 17:04:07,378 INFO o.a.j.t.JMeterThread: Thread finished: Ticket intake (POST /tickets) 1-139
2026-10-09 17:04:09,111 INFO o.a.j.t.JMeterThread: Thread started: Agent searches (GET /search) 2-44
2026-10-09 17:04:09,289 INFO o.a.j.t.JMeterThread: Thread is done: Agent searches (GET /search) 2-44
2026-10-09 17:04:09,289 INFO o.a.j.t.JMeterThread: Thread finished: Agent searches (GET /search) 2-44
2026-10-09 17:04:10,242 INFO o.a.j.t.JMeterThread: Thread is done: Ticket intake (POST /tickets) 1-140
2026-10-09 17:04:10,242 INFO o.a.j.t.JMeterThread: Thread finished: Ticket intake (POST /tickets) 1-140
2026-10-09 17:04:11,445 INFO o.a.j.t.JMeterThread: Thread started: Ticket intake (POST /tickets) 1-147
2026-10-09 17:04:11,609 INFO o.a.j.t.JMeterThread: Thread started: Ticket intake (POST /tickets) 1-148
2026-10-09 17:04:12,580 INFO o.a.j.t.JMeterThread: Thread started: Ticket intake (POST /tickets) 1-149
2026-10-09 17:04:12,838 INFO o.a.j.t.JMeterThread: Thread is done: Ticket intake (POST /tickets) 1-141
2026-10-09 17:04:12,838 INFO o.a.j.t.JMeterThread: Thread finished: Ticket intake (POST /tickets) 1-141
2026-10-09 17:04:14,106 INFO o.a.j.t.JMeterThread: Thread started: Ticket intake (POST /tickets) 1-150
2026-10-09 17:04:15,073 INFO o.a.j.t.JMeterThread: Thread started: Ticket intake (POST /tickets) 1-151
2026-10-09 17:04:15,779 INFO o.a.j.t.JMeterThread: Thread started: Ticket intake (POST /tickets) 1-152
2026-10-09 17:04:18,137 INFO o.a.j.t.JMeterThread: Thread started: Ticket intake (POST /tickets) 1-153
2026-10-09 17:04:18,266 INFO o.a.j.t.JMeterThread: Thread is done: Ticket intake (POST /tickets) 1-142
2026-10-09 17:04:18,266 INFO o.a.j.t.JMeterThread: Thread finished: Ticket intake (POST /tickets) 1-142
2026-10-09 17:04:20,585 INFO o.a.j.t.JMeterThread: Thread is done: Ticket intake (POST /tickets) 1-143
2026-10-09 17:04:20,585 INFO o.a.j.t.JMeterThread: Thread finished: Ticket intake (POST /tickets) 1-143
2026-10-09 17:04:22,545 INFO o.a.j.t.JMeterThread: Thread is done: Ticket intake (POST /tickets) 1-144
2026-10-09 17:04:22,545 INFO o.a.j.t.JMeterThread: Thread finished: Ticket intake (POST /tickets) 1-144
2026-10-09 17:04:22,582 INFO o.a.j.t.JMeterThread: Thread started: Ticket intake (POST /tickets) 1-154
2026-10-09 17:04:24,683 INFO o.a.j.t.JMeterThread: Thread is done: Ticket intake (POST /tickets) 1-145
2026-10-09 17:04:24,683 INFO o.a.j.t.JMeterThread: Thread finished: Ticket intake (POST /tickets) 1-145
2026-10-09 17:04:26,012 INFO o.a.j.t.JMeterThread: Thread is done: Ticket intake (POST /tickets) 1-146
2026-10-09 17:04:26,012 INFO o.a.j.t.JMeterThread: Thread finished: Ticket intake (POST /tickets) 1-146
2026-10-09 17:04:26,272 INFO o.a.j.t.JMeterThread: Thread started: Agent searches (GET /search) 2-45
2026-10-09 17:04:26,355 INFO o.a.j.t.JMeterThread: Thread is done: Agent searches (GET /search) 2-45
2026-10-09 17:04:26,355 INFO o.a.j.t.JMeterThread: Thread finished: Agent searches (GET /search) 2-45
2026-10-09 17:04:28,984 INFO o.a.j.t.JMeterThread: Thread is done: Ticket intake (POST /tickets) 1-148
2026-10-09 17:04:28,984 INFO o.a.j.t.JMeterThread: Thread finished: Ticket intake (POST /tickets) 1-148
2026-10-09 17:04:29,770 INFO o.a.j.t.JMeterThread: Thread started: Agent searches (GET /search) 2-46
2026-10-09 17:04:29,968 INFO o.a.j.t.JMeterThread: Thread is done: Agent searches (GET /search) 2-46
2026-10-09 17:04:29,968 INFO o.a.j.t.JMeterThread: Thread finished: Agent searches (GET /search) 2-46
2026-10-09 17:04:31,050 INFO o.a.j.t.JMeterThread: Thread started: Agent searches (GET /search) 2-47
2026-10-09 17:04:31,131 INFO o.a.j.r.Summariser: summary +     14 in 00:00:29 =    0.5/s Avg: 14452 Min:    78 Max: 22531 Err:     0 (0.00%) Active: 8 Started: 201 Finished: 193
2026-10-09 17:04:31,132 INFO o.a.j.r.Summariser: summary =    194 in 00:07:10 =    0.5/s Avg: 11929 Min:    63 Max: 34774 Err:     0 (0.00%)
2026-10-09 17:04:31,132 INFO o.a.j.t.JMeterThread: Thread is done: Agent searches (GET /search) 2-47
2026-10-09 17:04:31,132 INFO o.a.j.t.JMeterThread: Thread finished: Agent searches (GET /search) 2-47
2026-10-09 17:04:31,275 INFO o.a.j.t.JMeterThread: Thread started: Ticket intake (POST /tickets) 1-155
2026-10-09 17:04:31,280 INFO o.a.j.t.JMeterThread: Thread started: Ticket intake (POST /tickets) 1-156
2026-10-09 17:04:32,193 INFO o.a.j.t.JMeterThread: Thread is done: Ticket intake (POST /tickets) 1-147
2026-10-09 17:04:32,193 INFO o.a.j.t.JMeterThread: Thread finished: Ticket intake (POST /tickets) 1-147
2026-10-09 17:04:32,952 INFO o.a.j.t.JMeterThread: Thread started: Ticket intake (POST /tickets) 1-157
2026-10-09 17:04:35,484 INFO o.a.j.t.JMeterThread: Thread started: Ticket intake (POST /tickets) 1-158
2026-10-09 17:04:36,059 INFO o.a.j.t.JMeterThread: Thread is done: Ticket intake (POST /tickets) 1-149
2026-10-09 17:04:36,060 INFO o.a.j.t.JMeterThread: Thread finished: Ticket intake (POST /tickets) 1-149
2026-10-09 17:04:36,556 INFO o.a.j.t.JMeterThread: Thread started: Ticket intake (POST /tickets) 1-159
2026-10-09 17:04:38,058 INFO o.a.j.t.JMeterThread: Thread started: Ticket intake (POST /tickets) 1-160
2026-10-09 17:04:39,595 INFO o.a.j.t.JMeterThread: Thread is done: Ticket intake (POST /tickets) 1-150
2026-10-09 17:04:39,595 INFO o.a.j.t.JMeterThread: Thread finished: Ticket intake (POST /tickets) 1-150
2026-10-09 17:04:40,827 INFO o.a.j.t.JMeterThread: Thread is done: Ticket intake (POST /tickets) 1-151
2026-10-09 17:04:40,827 INFO o.a.j.t.JMeterThread: Thread finished: Ticket intake (POST /tickets) 1-151
2026-10-09 17:04:40,886 INFO o.a.j.t.JMeterThread: Thread started: Ticket intake (POST /tickets) 1-161
2026-10-09 17:04:42,696 INFO o.a.j.t.JMeterThread: Thread is done: Ticket intake (POST /tickets) 1-152
2026-10-09 17:04:42,696 INFO o.a.j.t.JMeterThread: Thread finished: Ticket intake (POST /tickets) 1-152
2026-10-09 17:04:43,599 INFO o.a.j.t.JMeterThread: Thread started: Agent searches (GET /search) 2-48
2026-10-09 17:04:43,692 INFO o.a.j.t.JMeterThread: Thread is done: Agent searches (GET /search) 2-48
2026-10-09 17:04:43,693 INFO o.a.j.t.JMeterThread: Thread finished: Agent searches (GET /search) 2-48
2026-10-09 17:04:44,078 INFO o.a.j.t.JMeterThread: Thread started: Ticket intake (POST /tickets) 1-162
2026-10-09 17:04:44,316 INFO o.a.j.t.JMeterThread: Thread started: Ticket intake (POST /tickets) 1-163
2026-10-09 17:04:45,554 INFO o.a.j.t.JMeterThread: Thread is done: Ticket intake (POST /tickets) 1-153
2026-10-09 17:04:45,554 INFO o.a.j.t.JMeterThread: Thread finished: Ticket intake (POST /tickets) 1-153
2026-10-09 17:04:47,824 INFO o.a.j.t.JMeterThread: Thread is done: Ticket intake (POST /tickets) 1-154
2026-10-09 17:04:47,824 INFO o.a.j.t.JMeterThread: Thread finished: Ticket intake (POST /tickets) 1-154
2026-10-09 17:04:49,218 INFO o.a.j.t.JMeterThread: Thread is done: Ticket intake (POST /tickets) 1-156
2026-10-09 17:04:49,219 INFO o.a.j.t.JMeterThread: Thread finished: Ticket intake (POST /tickets) 1-156
2026-10-09 17:04:50,084 INFO o.a.j.t.JMeterThread: Thread started: Ticket intake (POST /tickets) 1-164
2026-10-09 17:04:50,264 INFO o.a.j.t.JMeterThread: Thread started: Ticket intake (POST /tickets) 1-165
2026-10-09 17:04:50,753 INFO o.a.j.t.JMeterThread: Thread is done: Ticket intake (POST /tickets) 1-155
2026-10-09 17:04:50,754 INFO o.a.j.t.JMeterThread: Thread finished: Ticket intake (POST /tickets) 1-155
2026-10-09 17:04:50,869 INFO o.a.j.t.JMeterThread: Thread started: Ticket intake (POST /tickets) 1-166
2026-10-09 17:04:51,624 INFO o.a.j.t.JMeterThread: Thread started: Ticket intake (POST /tickets) 1-167
2026-10-09 17:04:53,464 INFO o.a.j.t.JMeterThread: Thread is done: Ticket intake (POST /tickets) 1-157
2026-10-09 17:04:53,464 INFO o.a.j.t.JMeterThread: Thread finished: Ticket intake (POST /tickets) 1-157
2026-10-09 17:04:54,101 INFO o.a.j.t.JMeterThread: Thread started: Agent searches (GET /search) 2-49
2026-10-09 17:04:54,170 INFO o.a.j.t.JMeterThread: Thread is done: Agent searches (GET /search) 2-49
2026-10-09 17:04:54,171 INFO o.a.j.t.JMeterThread: Thread finished: Agent searches (GET /search) 2-49
2026-10-09 17:04:55,135 INFO o.a.j.t.JMeterThread: Thread is done: Ticket intake (POST /tickets) 1-158
2026-10-09 17:04:55,135 INFO o.a.j.t.JMeterThread: Thread finished: Ticket intake (POST /tickets) 1-158
2026-10-09 17:04:55,427 INFO o.a.j.t.JMeterThread: Thread started: Agent searches (GET /search) 2-50
2026-10-09 17:04:55,574 INFO o.a.j.t.JMeterThread: Thread is done: Agent searches (GET /search) 2-50
2026-10-09 17:04:55,574 INFO o.a.j.t.JMeterThread: Thread finished: Agent searches (GET /search) 2-50
2026-10-09 17:04:56,143 INFO o.a.j.t.JMeterThread: Thread started: Agent searches (GET /search) 2-51
2026-10-09 17:04:56,236 INFO o.a.j.t.JMeterThread: Thread is done: Ticket intake (POST /tickets) 1-159
2026-10-09 17:04:56,236 INFO o.a.j.t.JMeterThread: Thread finished: Ticket intake (POST /tickets) 1-159
2026-10-09 17:04:56,259 INFO o.a.j.t.JMeterThread: Thread is done: Agent searches (GET /search) 2-51
2026-10-09 17:04:56,259 INFO o.a.j.t.JMeterThread: Thread finished: Agent searches (GET /search) 2-51
2026-10-09 17:04:58,180 INFO o.a.j.t.JMeterThread: Thread is done: Ticket intake (POST /tickets) 1-160
2026-10-09 17:04:58,180 INFO o.a.j.t.JMeterThread: Thread finished: Ticket intake (POST /tickets) 1-160
2026-10-09 17:04:58,569 INFO o.a.j.t.JMeterThread: Thread started: Agent searches (GET /search) 2-52
2026-10-09 17:04:58,639 INFO o.a.j.t.JMeterThread: Thread is done: Agent searches (GET /search) 2-52
2026-10-09 17:04:58,639 INFO o.a.j.t.JMeterThread: Thread finished: Agent searches (GET /search) 2-52
2026-10-09 17:05:03,598 INFO o.a.j.r.Summariser: summary +     19 in 00:00:32 =    0.6/s Avg: 16609 Min:    66 Max: 27415 Err:     0 (0.00%) Active: 7 Started: 219 Finished: 212
2026-10-09 17:05:03,599 INFO o.a.j.r.Summariser: summary =    213 in 00:07:42 =    0.5/s Avg: 12346 Min:    63 Max: 34774 Err:     0 (0.00%)
2026-10-09 17:05:03,599 INFO o.a.j.t.JMeterThread: Thread is done: Ticket intake (POST /tickets) 1-161
2026-10-09 17:05:03,599 INFO o.a.j.t.JMeterThread: Thread finished: Ticket intake (POST /tickets) 1-161
2026-10-09 17:05:03,617 INFO o.a.j.t.JMeterThread: Thread started: Ticket intake (POST /tickets) 1-168
2026-10-09 17:05:04,365 INFO o.a.j.t.JMeterThread: Thread started: Ticket intake (POST /tickets) 1-169
2026-10-09 17:05:07,035 INFO o.a.j.t.JMeterThread: Thread is done: Ticket intake (POST /tickets) 1-162
2026-10-09 17:05:07,035 INFO o.a.j.t.JMeterThread: Thread finished: Ticket intake (POST /tickets) 1-162
2026-10-09 17:05:07,958 INFO o.a.j.t.JMeterThread: Thread started: Agent searches (GET /search) 2-53
2026-10-09 17:05:08,097 INFO o.a.j.t.JMeterThread: Thread is done: Agent searches (GET /search) 2-53
2026-10-09 17:05:08,097 INFO o.a.j.t.JMeterThread: Thread finished: Agent searches (GET /search) 2-53
2026-10-09 17:05:08,403 INFO o.a.j.t.JMeterThread: Thread is done: Ticket intake (POST /tickets) 1-163
2026-10-09 17:05:08,403 INFO o.a.j.t.JMeterThread: Thread finished: Ticket intake (POST /tickets) 1-163
2026-10-09 17:05:10,761 INFO o.a.j.t.JMeterThread: Thread is done: Ticket intake (POST /tickets) 1-164
2026-10-09 17:05:10,762 INFO o.a.j.t.JMeterThread: Thread finished: Ticket intake (POST /tickets) 1-164
2026-10-09 17:05:12,201 INFO o.a.j.t.JMeterThread: Thread started: Ticket intake (POST /tickets) 1-170
2026-10-09 17:05:12,878 INFO o.a.j.t.JMeterThread: Thread started: Ticket intake (POST /tickets) 1-171
2026-10-09 17:05:13,109 INFO o.a.j.t.JMeterThread: Thread started: Ticket intake (POST /tickets) 1-172
2026-10-09 17:05:13,337 INFO o.a.j.t.JMeterThread: Thread is done: Ticket intake (POST /tickets) 1-165
2026-10-09 17:05:13,338 INFO o.a.j.t.JMeterThread: Thread finished: Ticket intake (POST /tickets) 1-165
2026-10-09 17:05:15,961 INFO o.a.j.t.JMeterThread: Thread is done: Ticket intake (POST /tickets) 1-166
2026-10-09 17:05:15,961 INFO o.a.j.t.JMeterThread: Thread finished: Ticket intake (POST /tickets) 1-166
2026-10-09 17:05:16,333 INFO o.a.j.t.JMeterThread: Thread started: Ticket intake (POST /tickets) 1-173
2026-10-09 17:05:17,608 INFO o.a.j.t.JMeterThread: Thread started: Ticket intake (POST /tickets) 1-174
2026-10-09 17:05:19,132 INFO o.a.j.t.JMeterThread: Thread is done: Ticket intake (POST /tickets) 1-167
2026-10-09 17:05:19,132 INFO o.a.j.t.JMeterThread: Thread finished: Ticket intake (POST /tickets) 1-167
2026-10-09 17:05:20,558 INFO o.a.j.t.JMeterThread: Thread started: Ticket intake (POST /tickets) 1-175
2026-10-09 17:05:22,522 INFO o.a.j.t.JMeterThread: Thread is done: Ticket intake (POST /tickets) 1-168
2026-10-09 17:05:22,522 INFO o.a.j.t.JMeterThread: Thread finished: Ticket intake (POST /tickets) 1-168
2026-10-09 17:05:22,827 INFO o.a.j.t.JMeterThread: Thread started: Agent searches (GET /search) 2-54
2026-10-09 17:05:23,011 INFO o.a.j.t.JMeterThread: Thread is done: Agent searches (GET /search) 2-54
2026-10-09 17:05:23,011 INFO o.a.j.t.JMeterThread: Thread finished: Agent searches (GET /search) 2-54
2026-10-09 17:05:23,943 INFO o.a.j.t.JMeterThread: Thread is done: Ticket intake (POST /tickets) 1-169
2026-10-09 17:05:23,943 INFO o.a.j.t.JMeterThread: Thread finished: Ticket intake (POST /tickets) 1-169
2026-10-09 17:05:25,423 INFO o.a.j.t.JMeterThread: Thread is done: Ticket intake (POST /tickets) 1-170
2026-10-09 17:05:25,424 INFO o.a.j.t.JMeterThread: Thread finished: Ticket intake (POST /tickets) 1-170
2026-10-09 17:05:27,450 INFO o.a.j.t.JMeterThread: Thread is done: Ticket intake (POST /tickets) 1-171
2026-10-09 17:05:27,450 INFO o.a.j.t.JMeterThread: Thread finished: Ticket intake (POST /tickets) 1-171
2026-10-09 17:05:27,945 INFO o.a.j.t.JMeterThread: Thread started: Ticket intake (POST /tickets) 1-176
2026-10-09 17:05:27,996 INFO o.a.j.t.JMeterThread: Thread started: Ticket intake (POST /tickets) 1-177
2026-10-09 17:05:30,075 INFO o.a.j.r.Summariser: summary +     13 in 00:00:26 =    0.5/s Avg: 17456 Min:   137 Max: 27506 Err:     0 (0.00%) Active: 6 Started: 231 Finished: 225
2026-10-09 17:05:30,076 INFO o.a.j.r.Summariser: summary =    226 in 00:08:09 =    0.5/s Avg: 12640 Min:    63 Max: 34774 Err:     0 (0.00%)
2026-10-09 17:05:30,076 INFO o.a.j.t.JMeterThread: Thread is done: Ticket intake (POST /tickets) 1-172
2026-10-09 17:05:30,076 INFO o.a.j.t.JMeterThread: Thread finished: Ticket intake (POST /tickets) 1-172
2026-10-09 17:05:32,532 INFO o.a.j.t.JMeterThread: Thread is done: Ticket intake (POST /tickets) 1-173
2026-10-09 17:05:32,532 INFO o.a.j.t.JMeterThread: Thread finished: Ticket intake (POST /tickets) 1-173
2026-10-09 17:05:34,435 INFO o.a.j.t.JMeterThread: Thread started: Ticket intake (POST /tickets) 1-178
2026-10-09 17:05:35,027 INFO o.a.j.t.JMeterThread: Thread is done: Ticket intake (POST /tickets) 1-174
2026-10-09 17:05:35,027 INFO o.a.j.t.JMeterThread: Thread finished: Ticket intake (POST /tickets) 1-174
2026-10-09 17:05:36,365 INFO o.a.j.t.JMeterThread: Thread started: Ticket intake (POST /tickets) 1-179
2026-10-09 17:05:36,768 INFO o.a.j.t.JMeterThread: Thread is done: Ticket intake (POST /tickets) 1-175
2026-10-09 17:05:36,768 INFO o.a.j.t.JMeterThread: Thread finished: Ticket intake (POST /tickets) 1-175
2026-10-09 17:05:37,423 INFO o.a.j.t.JMeterThread: Thread started: Agent searches (GET /search) 2-55
2026-10-09 17:05:37,555 INFO o.a.j.t.JMeterThread: Thread is done: Agent searches (GET /search) 2-55
2026-10-09 17:05:37,555 INFO o.a.j.t.JMeterThread: Thread finished: Agent searches (GET /search) 2-55
2026-10-09 17:05:38,539 INFO o.a.j.t.JMeterThread: Thread started: Agent searches (GET /search) 2-56
2026-10-09 17:05:38,633 INFO o.a.j.t.JMeterThread: Thread is done: Agent searches (GET /search) 2-56
2026-10-09 17:05:38,633 INFO o.a.j.t.JMeterThread: Thread finished: Agent searches (GET /search) 2-56
2026-10-09 17:05:39,298 INFO o.a.j.t.JMeterThread: Thread is done: Ticket intake (POST /tickets) 1-176
2026-10-09 17:05:39,299 INFO o.a.j.t.JMeterThread: Thread finished: Ticket intake (POST /tickets) 1-176
2026-10-09 17:05:39,853 INFO o.a.j.t.JMeterThread: Thread started: Agent searches (GET /search) 2-57
2026-10-09 17:05:40,123 INFO o.a.j.t.JMeterThread: Thread is done: Agent searches (GET /search) 2-57
2026-10-09 17:05:40,123 INFO o.a.j.t.JMeterThread: Thread finished: Agent searches (GET /search) 2-57
2026-10-09 17:05:41,074 INFO o.a.j.t.JMeterThread: Thread is done: Ticket intake (POST /tickets) 1-177
2026-10-09 17:05:41,074 INFO o.a.j.t.JMeterThread: Thread finished: Ticket intake (POST /tickets) 1-177
2026-10-09 17:05:41,472 INFO o.a.j.t.JMeterThread: Thread started: Ticket intake (POST /tickets) 1-180
2026-10-09 17:05:41,722 INFO o.a.j.t.JMeterThread: Thread started: Ticket intake (POST /tickets) 1-181
2026-10-09 17:05:44,220 INFO o.a.j.t.JMeterThread: Thread is done: Ticket intake (POST /tickets) 1-178
2026-10-09 17:05:44,220 INFO o.a.j.t.JMeterThread: Thread finished: Ticket intake (POST /tickets) 1-178
2026-10-09 17:05:47,486 INFO o.a.j.t.JMeterThread: Thread is done: Ticket intake (POST /tickets) 1-179
2026-10-09 17:05:47,486 INFO o.a.j.t.JMeterThread: Thread finished: Ticket intake (POST /tickets) 1-179
2026-10-09 17:05:50,432 INFO o.a.j.t.JMeterThread: Thread started: Agent searches (GET /search) 2-58
2026-10-09 17:05:50,554 INFO o.a.j.t.JMeterThread: Thread is done: Agent searches (GET /search) 2-58
2026-10-09 17:05:50,555 INFO o.a.j.t.JMeterThread: Thread finished: Agent searches (GET /search) 2-58
2026-10-09 17:05:52,061 INFO o.a.j.t.JMeterThread: Thread is done: Ticket intake (POST /tickets) 1-180
2026-10-09 17:05:52,062 INFO o.a.j.t.JMeterThread: Thread finished: Ticket intake (POST /tickets) 1-180
2026-10-09 17:05:54,076 INFO o.a.j.t.JMeterThread: Thread is done: Ticket intake (POST /tickets) 1-181
2026-10-09 17:05:54,076 INFO o.a.j.t.JMeterThread: Thread finished: Ticket intake (POST /tickets) 1-181
2026-10-09 17:05:55,703 INFO o.a.j.t.JMeterThread: Thread started: Ticket intake (POST /tickets) 1-182
2026-10-09 17:05:58,277 INFO o.a.j.t.JMeterThread: Thread is done: Ticket intake (POST /tickets) 1-182
2026-10-09 17:05:58,277 INFO o.a.j.t.JMeterThread: Thread finished: Ticket intake (POST /tickets) 1-182
2026-10-09 17:06:01,927 INFO o.a.j.t.JMeterThread: Thread started: Ticket intake (POST /tickets) 1-183
2026-10-09 17:06:02,740 INFO o.a.j.t.JMeterThread: Thread started: Ticket intake (POST /tickets) 1-184
2026-10-09 17:06:02,985 INFO o.a.j.t.JMeterThread: Thread started: Agent searches (GET /search) 2-59
2026-10-09 17:06:03,047 INFO o.a.j.r.Summariser: summary +     15 in 00:00:33 =    0.5/s Avg:  8088 Min:    58 Max: 17417 Err:     0 (0.00%) Active: 3 Started: 243 Finished: 240
2026-10-09 17:06:03,047 INFO o.a.j.r.Summariser: summary =    241 in 00:08:42 =    0.5/s Avg: 12357 Min:    58 Max: 34774 Err:     0 (0.00%)
2026-10-09 17:06:03,047 INFO o.a.j.t.JMeterThread: Thread is done: Agent searches (GET /search) 2-59
2026-10-09 17:06:03,047 INFO o.a.j.t.JMeterThread: Thread finished: Agent searches (GET /search) 2-59
2026-10-09 17:06:04,320 INFO o.a.j.t.JMeterThread: Thread started: Agent searches (GET /search) 2-60
2026-10-09 17:06:04,440 INFO o.a.j.t.JMeterThread: Thread is done: Agent searches (GET /search) 2-60
2026-10-09 17:06:04,441 INFO o.a.j.t.JMeterThread: Thread finished: Agent searches (GET /search) 2-60
2026-10-09 17:06:04,443 INFO o.a.j.t.JMeterThread: Thread is done: Ticket intake (POST /tickets) 1-183
2026-10-09 17:06:04,444 INFO o.a.j.t.JMeterThread: Thread finished: Ticket intake (POST /tickets) 1-183
2026-10-09 17:06:06,055 INFO o.a.j.t.JMeterThread: Thread is done: Ticket intake (POST /tickets) 1-184
2026-10-09 17:06:06,055 INFO o.a.j.t.JMeterThread: Thread finished: Ticket intake (POST /tickets) 1-184
2026-10-09 17:06:07,326 INFO o.a.j.t.JMeterThread: Thread started: Ticket intake (POST /tickets) 1-185
2026-10-09 17:06:08,061 INFO o.a.j.t.JMeterThread: Thread started: Agent searches (GET /search) 2-61
2026-10-09 17:06:08,130 INFO o.a.j.t.JMeterThread: Thread is done: Agent searches (GET /search) 2-61
2026-10-09 17:06:08,130 INFO o.a.j.t.JMeterThread: Thread finished: Agent searches (GET /search) 2-61
2026-10-09 17:06:09,917 INFO o.a.j.t.JMeterThread: Thread is done: Ticket intake (POST /tickets) 1-185
2026-10-09 17:06:09,917 INFO o.a.j.t.JMeterThread: Thread finished: Ticket intake (POST /tickets) 1-185
2026-10-09 17:06:11,204 INFO o.a.j.t.JMeterThread: Thread started: Ticket intake (POST /tickets) 1-186
2026-10-09 17:06:12,509 INFO o.a.j.t.JMeterThread: Thread is done: Ticket intake (POST /tickets) 1-186
2026-10-09 17:06:12,509 INFO o.a.j.t.JMeterThread: Thread finished: Ticket intake (POST /tickets) 1-186
2026-10-09 17:06:13,412 INFO o.a.j.t.JMeterThread: Thread started: Ticket intake (POST /tickets) 1-187
2026-10-09 17:06:13,500 INFO o.a.j.t.JMeterThread: Thread started: Ticket intake (POST /tickets) 1-188
2026-10-09 17:06:17,530 INFO o.a.j.t.JMeterThread: Thread is done: Ticket intake (POST /tickets) 1-187
2026-10-09 17:06:17,530 INFO o.a.j.t.JMeterThread: Thread finished: Ticket intake (POST /tickets) 1-187
2026-10-09 17:06:19,264 INFO o.a.j.t.JMeterThread: Thread started: Agent searches (GET /search) 2-62
2026-10-09 17:06:19,438 INFO o.a.j.t.JMeterThread: Thread is done: Agent searches (GET /search) 2-62
2026-10-09 17:06:19,438 INFO o.a.j.t.JMeterThread: Thread finished: Agent searches (GET /search) 2-62
2026-10-09 17:06:22,566 INFO o.a.j.t.JMeterThread: Thread started: Agent searches (GET /search) 2-63
2026-10-09 17:06:22,648 INFO o.a.j.t.JMeterThread: Thread is done: Agent searches (GET /search) 2-63
2026-10-09 17:06:22,648 INFO o.a.j.t.JMeterThread: Thread finished: Agent searches (GET /search) 2-63
2026-10-09 17:06:22,752 INFO o.a.j.t.JMeterThread: Thread is done: Ticket intake (POST /tickets) 1-188
2026-10-09 17:06:22,752 INFO o.a.j.t.JMeterThread: Thread finished: Ticket intake (POST /tickets) 1-188
2026-10-09 17:06:24,287 INFO o.a.j.t.JMeterThread: Thread started: Agent searches (GET /search) 2-64
2026-10-09 17:06:24,301 INFO o.a.j.t.JMeterThread: Thread started: Agent searches (GET /search) 2-65
2026-10-09 17:06:24,389 INFO o.a.j.t.JMeterThread: Thread is done: Agent searches (GET /search) 2-64
2026-10-09 17:06:24,390 INFO o.a.j.t.JMeterThread: Thread finished: Agent searches (GET /search) 2-64
2026-10-09 17:06:24,449 INFO o.a.j.t.JMeterThread: Thread is done: Agent searches (GET /search) 2-65
2026-10-09 17:06:24,449 INFO o.a.j.t.JMeterThread: Thread finished: Agent searches (GET /search) 2-65
2026-10-09 17:06:25,386 INFO o.a.j.t.JMeterThread: Thread started: Ticket intake (POST /tickets) 1-189
2026-10-09 17:06:28,069 INFO o.a.j.t.JMeterThread: Thread is done: Ticket intake (POST /tickets) 1-189
2026-10-09 17:06:28,069 INFO o.a.j.t.JMeterThread: Thread finished: Ticket intake (POST /tickets) 1-189
2026-10-09 17:06:34,477 INFO o.a.j.t.JMeterThread: Thread started: Ticket intake (POST /tickets) 1-190
2026-10-09 17:06:34,584 INFO o.a.j.t.JMeterThread: Thread started: Agent searches (GET /search) 2-66
2026-10-09 17:06:34,791 INFO o.a.j.r.Summariser: summary +     14 in 00:00:32 =    0.4/s Avg:  1902 Min:    65 Max:  9250 Err:     0 (0.00%) Active: 2 Started: 256 Finished: 254
2026-10-09 17:06:34,792 INFO o.a.j.r.Summariser: summary =    255 in 00:09:14 =    0.5/s Avg: 11783 Min:    58 Max: 34774 Err:     0 (0.00%)
2026-10-09 17:06:34,792 INFO o.a.j.t.JMeterThread: Thread is done: Agent searches (GET /search) 2-66
2026-10-09 17:06:34,792 INFO o.a.j.t.JMeterThread: Thread finished: Agent searches (GET /search) 2-66
2026-10-09 17:06:35,610 INFO o.a.j.t.JMeterThread: Thread is done: Ticket intake (POST /tickets) 1-190
2026-10-09 17:06:35,611 INFO o.a.j.t.JMeterThread: Thread finished: Ticket intake (POST /tickets) 1-190
2026-10-09 17:06:36,168 INFO o.a.j.t.JMeterThread: Thread started: Ticket intake (POST /tickets) 1-191
2026-10-09 17:06:37,863 INFO o.a.j.t.JMeterThread: Thread is done: Ticket intake (POST /tickets) 1-191
2026-10-09 17:06:37,863 INFO o.a.j.t.JMeterThread: Thread finished: Ticket intake (POST /tickets) 1-191
2026-10-09 17:06:40,239 INFO o.a.j.t.JMeterThread: Thread started: Ticket intake (POST /tickets) 1-192
2026-10-09 17:06:41,302 INFO o.a.j.t.JMeterThread: Thread started: Ticket intake (POST /tickets) 1-193
2026-10-09 17:06:42,054 INFO o.a.j.t.JMeterThread: Thread started: Ticket intake (POST /tickets) 1-194
2026-10-09 17:06:42,099 INFO o.a.j.t.JMeterThread: Thread is done: Ticket intake (POST /tickets) 1-192
2026-10-09 17:06:42,099 INFO o.a.j.t.JMeterThread: Thread finished: Ticket intake (POST /tickets) 1-192
2026-10-09 17:06:43,241 INFO o.a.j.t.JMeterThread: Thread is done: Ticket intake (POST /tickets) 1-193
2026-10-09 17:06:43,241 INFO o.a.j.t.JMeterThread: Thread finished: Ticket intake (POST /tickets) 1-193
2026-10-09 17:06:43,643 INFO o.a.j.t.JMeterThread: Thread started: Ticket intake (POST /tickets) 1-195
2026-10-09 17:06:45,079 INFO o.a.j.t.JMeterThread: Thread started: Ticket intake (POST /tickets) 1-196
2026-10-09 17:06:45,090 INFO o.a.j.t.JMeterThread: Thread is done: Ticket intake (POST /tickets) 1-194
2026-10-09 17:06:45,090 INFO o.a.j.t.JMeterThread: Thread finished: Ticket intake (POST /tickets) 1-194
2026-10-09 17:06:47,459 INFO o.a.j.t.JMeterThread: Thread started: Ticket intake (POST /tickets) 1-197
2026-10-09 17:06:48,170 INFO o.a.j.t.JMeterThread: Thread started: Ticket intake (POST /tickets) 1-198
2026-10-09 17:06:48,676 INFO o.a.j.t.JMeterThread: Thread started: Ticket intake (POST /tickets) 1-199
2026-10-09 17:06:49,496 INFO o.a.j.t.JMeterThread: Thread started: Ticket intake (POST /tickets) 1-200
2026-10-09 17:06:49,539 INFO o.a.j.t.JMeterThread: Thread is done: Ticket intake (POST /tickets) 1-195
2026-10-09 17:06:49,539 INFO o.a.j.t.JMeterThread: Thread finished: Ticket intake (POST /tickets) 1-195
2026-10-09 17:06:50,087 INFO o.a.j.t.JMeterThread: Thread started: Ticket intake (POST /tickets) 1-201
2026-10-09 17:06:51,642 INFO o.a.j.t.JMeterThread: Thread is done: Ticket intake (POST /tickets) 1-196
2026-10-09 17:06:51,642 INFO o.a.j.t.JMeterThread: Thread finished: Ticket intake (POST /tickets) 1-196
2026-10-09 17:06:52,430 INFO o.a.j.t.JMeterThread: Thread started: Ticket intake (POST /tickets) 1-202
2026-10-09 17:06:52,579 INFO o.a.j.t.JMeterThread: Thread started: Ticket intake (POST /tickets) 1-203
2026-10-09 17:06:53,687 INFO o.a.j.t.JMeterThread: Thread started: Ticket intake (POST /tickets) 1-204
2026-10-09 17:06:55,486 INFO o.a.j.t.JMeterThread: Thread started: Ticket intake (POST /tickets) 1-205
2026-10-09 17:06:55,531 INFO o.a.j.t.JMeterThread: Thread is done: Ticket intake (POST /tickets) 1-197
2026-10-09 17:06:55,531 INFO o.a.j.t.JMeterThread: Thread finished: Ticket intake (POST /tickets) 1-197
2026-10-09 17:06:57,484 INFO o.a.j.t.JMeterThread: Thread started: Ticket intake (POST /tickets) 1-206
2026-10-09 17:06:57,974 INFO o.a.j.t.JMeterThread: Thread is done: Ticket intake (POST /tickets) 1-198
2026-10-09 17:06:57,974 INFO o.a.j.t.JMeterThread: Thread finished: Ticket intake (POST /tickets) 1-198
2026-10-09 17:06:58,850 INFO o.a.j.t.JMeterThread: Thread started: Ticket intake (POST /tickets) 1-207
2026-10-09 17:06:59,562 INFO o.a.j.t.JMeterThread: Thread started: Ticket intake (POST /tickets) 1-208
2026-10-09 17:07:01,045 INFO o.a.j.r.Summariser: summary +     10 in 00:00:26 =    0.4/s Avg:  5233 Min:  1130 Max: 12365 Err:     0 (0.00%) Active: 10 Started: 274 Finished: 264
2026-10-09 17:07:01,045 INFO o.a.j.r.Summariser: summary =    265 in 00:09:40 =    0.5/s Avg: 11536 Min:    58 Max: 34774 Err:     0 (0.00%)
2026-10-09 17:07:01,045 INFO o.a.j.t.JMeterThread: Thread is done: Ticket intake (POST /tickets) 1-199
2026-10-09 17:07:01,045 INFO o.a.j.t.JMeterThread: Thread finished: Ticket intake (POST /tickets) 1-199
2026-10-09 17:07:01,097 INFO o.a.j.t.JMeterThread: Thread started: Ticket intake (POST /tickets) 1-209
2026-10-09 17:07:02,544 INFO o.a.j.t.JMeterThread: Thread is done: Ticket intake (POST /tickets) 1-200
2026-10-09 17:07:02,545 INFO o.a.j.t.JMeterThread: Thread finished: Ticket intake (POST /tickets) 1-200
2026-10-09 17:07:03,036 INFO o.a.j.t.JMeterThread: Thread started: Ticket intake (POST /tickets) 1-210
2026-10-09 17:07:04,188 INFO o.a.j.t.JMeterThread: Thread is done: Ticket intake (POST /tickets) 1-201
2026-10-09 17:07:04,188 INFO o.a.j.t.JMeterThread: Thread finished: Ticket intake (POST /tickets) 1-201
2026-10-09 17:07:04,273 INFO o.a.j.t.JMeterThread: Thread started: Agent searches (GET /search) 2-67
2026-10-09 17:07:04,326 INFO o.a.j.t.JMeterThread: Thread is done: Agent searches (GET /search) 2-67
2026-10-09 17:07:04,326 INFO o.a.j.t.JMeterThread: Thread finished: Agent searches (GET /search) 2-67
2026-10-09 17:07:05,926 INFO o.a.j.t.JMeterThread: Thread started: Agent searches (GET /search) 2-68
2026-10-09 17:07:06,022 INFO o.a.j.t.JMeterThread: Thread is done: Agent searches (GET /search) 2-68
2026-10-09 17:07:06,022 INFO o.a.j.t.JMeterThread: Thread finished: Agent searches (GET /search) 2-68
2026-10-09 17:07:06,519 INFO o.a.j.t.JMeterThread: Thread started: Ticket intake (POST /tickets) 1-211
2026-10-09 17:07:06,665 INFO o.a.j.t.JMeterThread: Thread started: Ticket intake (POST /tickets) 1-212
2026-10-09 17:07:06,670 INFO o.a.j.t.JMeterThread: Thread started: Agent searches (GET /search) 2-69
2026-10-09 17:07:06,712 INFO o.a.j.t.JMeterThread: Thread is done: Agent searches (GET /search) 2-69
2026-10-09 17:07:06,712 INFO o.a.j.t.JMeterThread: Thread finished: Agent searches (GET /search) 2-69
2026-10-09 17:07:06,969 INFO o.a.j.t.JMeterThread: Thread started: Ticket intake (POST /tickets) 1-213
2026-10-09 17:07:07,549 INFO o.a.j.t.JMeterThread: Thread started: Ticket intake (POST /tickets) 1-214
2026-10-09 17:07:08,313 INFO o.a.j.t.JMeterThread: Thread is done: Ticket intake (POST /tickets) 1-202
2026-10-09 17:07:08,313 INFO o.a.j.t.JMeterThread: Thread finished: Ticket intake (POST /tickets) 1-202
2026-10-09 17:07:08,898 INFO o.a.j.t.JMeterThread: Thread started: Ticket intake (POST /tickets) 1-215
2026-10-09 17:07:09,919 INFO o.a.j.t.JMeterThread: Thread is done: Ticket intake (POST /tickets) 1-203
2026-10-09 17:07:09,919 INFO o.a.j.t.JMeterThread: Thread finished: Ticket intake (POST /tickets) 1-203
2026-10-09 17:07:10,116 INFO o.a.j.t.JMeterThread: Thread started: Ticket intake (POST /tickets) 1-216
2026-10-09 17:07:10,386 INFO o.a.j.t.JMeterThread: Thread started: Agent searches (GET /search) 2-70
2026-10-09 17:07:10,386 INFO o.a.j.t.o.EvenArrivalsRamp: Generating 0 events, beginRate = 0.0 / sec, endRate = 0.0 / sec, duration = 600.0 sec
2026-10-09 17:07:10,386 INFO o.a.j.t.o.OpenModelThreadGroup: There will be no more events, so will wait for 610 sec till the end of the schedule
2026-10-09 17:07:10,498 INFO o.a.j.t.JMeterThread: Thread is done: Agent searches (GET /search) 2-70
2026-10-09 17:07:10,498 INFO o.a.j.t.JMeterThread: Thread finished: Agent searches (GET /search) 2-70
2026-10-09 17:07:10,865 INFO o.a.j.t.JMeterThread: Thread started: Ticket intake (POST /tickets) 1-217
2026-10-09 17:07:12,990 INFO o.a.j.t.JMeterThread: Thread is done: Ticket intake (POST /tickets) 1-204
2026-10-09 17:07:12,990 INFO o.a.j.t.JMeterThread: Thread finished: Ticket intake (POST /tickets) 1-204
2026-10-09 17:07:15,426 INFO o.a.j.t.JMeterThread: Thread started: Ticket intake (POST /tickets) 1-218
2026-10-09 17:07:16,159 INFO o.a.j.t.JMeterThread: Thread is done: Ticket intake (POST /tickets) 1-205
2026-10-09 17:07:16,159 INFO o.a.j.t.JMeterThread: Thread finished: Ticket intake (POST /tickets) 1-205
2026-10-09 17:07:17,524 INFO o.a.j.t.o.EvenArrivalsRamp: Generating 0 events, beginRate = 0.0 / sec, endRate = 0.0 / sec, duration = 600.0 sec
2026-10-09 17:07:17,524 INFO o.a.j.t.JMeterThread: Thread started: Ticket intake (POST /tickets) 1-219
2026-10-09 17:07:17,524 INFO o.a.j.t.o.OpenModelThreadGroup: There will be no more events, so will wait for 603 sec till the end of the schedule
2026-10-09 17:07:18,553 INFO o.a.j.t.JMeterThread: Thread is done: Ticket intake (POST /tickets) 1-206
2026-10-09 17:07:18,554 INFO o.a.j.t.JMeterThread: Thread finished: Ticket intake (POST /tickets) 1-206
2026-10-09 17:07:20,807 INFO o.a.j.t.JMeterThread: Thread is done: Ticket intake (POST /tickets) 1-207
2026-10-09 17:07:20,807 INFO o.a.j.t.JMeterThread: Thread finished: Ticket intake (POST /tickets) 1-207
2026-10-09 17:07:24,188 INFO o.a.j.t.JMeterThread: Thread is done: Ticket intake (POST /tickets) 1-208
2026-10-09 17:07:24,189 INFO o.a.j.t.JMeterThread: Thread finished: Ticket intake (POST /tickets) 1-208
2026-10-09 17:07:28,960 INFO o.a.j.t.JMeterThread: Thread is done: Ticket intake (POST /tickets) 1-209
2026-10-09 17:07:28,960 INFO o.a.j.t.JMeterThread: Thread finished: Ticket intake (POST /tickets) 1-209
2026-10-09 17:07:31,969 INFO o.a.j.r.Summariser: summary +     15 in 00:00:31 =    0.5/s Avg: 15004 Min:    40 Max: 28930 Err:     0 (0.00%) Active: 10 Started: 289 Finished: 279
2026-10-09 17:07:31,969 INFO o.a.j.r.Summariser: summary =    280 in 00:10:11 =    0.5/s Avg: 11721 Min:    40 Max: 34774 Err:     0 (0.00%)
2026-10-09 17:07:31,970 INFO o.a.j.t.JMeterThread: Thread is done: Ticket intake (POST /tickets) 1-210
2026-10-09 17:07:31,970 INFO o.a.j.t.JMeterThread: Thread finished: Ticket intake (POST /tickets) 1-210
2026-10-09 17:07:33,711 INFO o.a.j.t.JMeterThread: Thread is done: Ticket intake (POST /tickets) 1-211
2026-10-09 17:07:33,711 INFO o.a.j.t.JMeterThread: Thread finished: Ticket intake (POST /tickets) 1-211
2026-10-09 17:07:35,912 INFO o.a.j.t.JMeterThread: Thread is done: Ticket intake (POST /tickets) 1-212
2026-10-09 17:07:35,912 INFO o.a.j.t.JMeterThread: Thread finished: Ticket intake (POST /tickets) 1-212
2026-10-09 17:07:40,267 INFO o.a.j.t.JMeterThread: Thread is done: Ticket intake (POST /tickets) 1-213
2026-10-09 17:07:40,268 INFO o.a.j.t.JMeterThread: Thread finished: Ticket intake (POST /tickets) 1-213
2026-10-09 17:07:42,619 INFO o.a.j.t.JMeterThread: Thread is done: Ticket intake (POST /tickets) 1-214
2026-10-09 17:07:42,619 INFO o.a.j.t.JMeterThread: Thread finished: Ticket intake (POST /tickets) 1-214
2026-10-09 17:07:47,331 INFO o.a.j.t.JMeterThread: Thread is done: Ticket intake (POST /tickets) 1-215
2026-10-09 17:07:47,331 INFO o.a.j.t.JMeterThread: Thread finished: Ticket intake (POST /tickets) 1-215
2026-10-09 17:07:48,586 INFO o.a.j.t.JMeterThread: Thread is done: Ticket intake (POST /tickets) 1-216
2026-10-09 17:07:48,586 INFO o.a.j.t.JMeterThread: Thread finished: Ticket intake (POST /tickets) 1-216
2026-10-09 17:07:50,000 INFO o.a.j.t.JMeterThread: Thread is done: Ticket intake (POST /tickets) 1-217
2026-10-09 17:07:50,001 INFO o.a.j.t.JMeterThread: Thread finished: Ticket intake (POST /tickets) 1-217
2026-10-09 17:07:51,526 INFO o.a.j.t.JMeterThread: Thread is done: Ticket intake (POST /tickets) 1-218
2026-10-09 17:07:51,526 INFO o.a.j.t.JMeterThread: Thread finished: Ticket intake (POST /tickets) 1-218
2026-10-09 17:07:56,101 INFO o.a.j.t.JMeterThread: Thread is done: Ticket intake (POST /tickets) 1-219
2026-10-09 17:07:56,101 INFO o.a.j.t.JMeterThread: Thread finished: Ticket intake (POST /tickets) 1-219
2026-10-09 17:17:21,110 INFO o.a.j.t.o.OpenModelThreadGroup: There will be no more events, will shutdown the thread pool
2026-10-09 17:17:21,113 INFO o.a.j.t.o.OpenModelThreadGroup: Thread starting done
2026-10-09 17:17:21,113 INFO o.a.j.t.o.OpenModelThreadGroup: There will be no more events, will shutdown the thread pool
2026-10-09 17:17:21,113 INFO o.a.j.t.o.OpenModelThreadGroup: Thread starting done
2026-10-09 17:17:21,113 INFO o.a.j.e.StandardJMeterEngine: Notifying test listeners of end of test
2026-10-09 17:17:21,113 INFO o.a.j.s.FileServer: Close: /Users/ridwan/Documents/GitHub/ICT3113_A1_P1-3/loadtest/data/tickets.tsv
2026-10-09 17:17:21,118 INFO o.a.j.r.Summariser: summary +      9 in 00:09:49 =    0.0/s Avg: 35055 Min: 27189 Max: 39133 Err:     0 (0.00%) Active: 0 Started: 289 Finished: 289
2026-10-09 17:17:21,118 INFO o.a.j.r.Summariser: summary =    289 in 00:20:00 =    0.2/s Avg: 12448 Min:    40 Max: 39133 Err:     0 (0.00%)
2026-10-09 17:17:21,119 INFO o.a.j.e.StandardJMeterEngine: Forced JVM shutdown requested at end of test
