2026-10-09 17:38:06,650 INFO o.a.j.u.JMeterUtils: Setting Locale to en_EN
2026-10-09 17:38:06,659 INFO o.a.j.JMeter: Loading user properties from: /Users/ridwan/Downloads/apache-jmeter-5.6.3/bin/user.properties
2026-10-09 17:38:06,659 INFO o.a.j.JMeter: Loading system properties from: /Users/ridwan/Downloads/apache-jmeter-5.6.3/bin/system.properties
2026-10-09 17:38:06,659 INFO o.a.j.JMeter: Loading additional properties from: /Users/ridwan/Documents/GitHub/ICT3113_A1_P1-3/loadtest/triage.properties
2026-10-09 17:38:06,659 INFO o.a.j.JMeter: Setting JMeter property: host=172.20.10.2
2026-10-09 17:38:06,659 INFO o.a.j.JMeter: Setting JMeter property: port=8000
2026-10-09 17:38:06,659 INFO o.a.j.JMeter: Setting JMeter property: rate=24
2026-10-09 17:38:06,659 INFO o.a.j.JMeter: Setting JMeter property: rate_end=24
2026-10-09 17:38:06,660 INFO o.a.j.JMeter: Setting JMeter property: search_rate=7
2026-10-09 17:38:06,660 INFO o.a.j.JMeter: Setting JMeter property: duration=10
2026-10-09 17:38:06,660 INFO o.a.j.JMeter: Setting JMeter property: drain=10
2026-10-09 17:38:06,660 INFO o.a.j.JMeter: Setting JMeter property: timeout_ms=600000
2026-10-09 17:38:06,660 INFO o.a.j.JMeter: Setting JMeter property: data=/Users/ridwan/Documents/GitHub/ICT3113_A1_P1-3/loadtest/data/tickets.tsv
2026-10-09 17:38:06,662 INFO o.a.j.JMeter: Copyright (c) 1998-2024 The Apache Software Foundation
2026-10-09 17:38:06,662 INFO o.a.j.JMeter: Version 5.6.3
2026-10-09 17:38:06,662 INFO o.a.j.JMeter: java.version=17.0.17
2026-10-09 17:38:06,662 INFO o.a.j.JMeter: java.vm.name=OpenJDK 64-Bit Server VM
2026-10-09 17:38:06,662 INFO o.a.j.JMeter: os.name=Mac OS X
2026-10-09 17:38:06,662 INFO o.a.j.JMeter: os.arch=aarch64
2026-10-09 17:38:06,662 INFO o.a.j.JMeter: os.version=26.5
2026-10-09 17:38:06,662 INFO o.a.j.JMeter: file.encoding=UTF-8
2026-10-09 17:38:06,662 INFO o.a.j.JMeter: java.awt.headless=true
2026-10-09 17:38:06,662 INFO o.a.j.JMeter: Max memory     =1073741824
2026-10-09 17:38:06,662 INFO o.a.j.JMeter: Available Processors =10
2026-10-09 17:38:06,665 INFO o.a.j.JMeter: Default Locale=English (EN)
2026-10-09 17:38:06,665 INFO o.a.j.JMeter: JMeter  Locale=English (EN)
2026-10-09 17:38:06,665 INFO o.a.j.JMeter: JMeterHome=/Users/ridwan/Downloads/apache-jmeter-5.6.3
2026-10-09 17:38:06,665 INFO o.a.j.JMeter: user.dir  =/Users/ridwan/Documents/GitHub/ICT3113_A1_P1-3
2026-10-09 17:38:06,666 INFO o.a.j.JMeter: PWD       =/Users/ridwan/Documents/GitHub/ICT3113_A1_P1-3
2026-10-09 17:38:06,667 INFO o.a.j.JMeter: IP: 127.0.0.1 Name: Muhammads-MacBook-Air-4.local FullName: localhost
2026-10-09 17:38:06,673 INFO o.a.j.s.FileServer: Default base='/Users/ridwan/Documents/GitHub/ICT3113_A1_P1-3'
2026-10-09 17:38:06,673 INFO o.a.j.s.FileServer: Set new base='/Users/ridwan/Documents/GitHub/ICT3113_A1_P1-3/loadtest'
2026-10-09 17:38:06,735 INFO o.a.j.s.SaveService: Testplan (JMX) version: 2.2. Testlog (JTL) version: 2.2
2026-10-09 17:38:06,746 INFO o.a.j.s.SaveService: Using SaveService properties version 5.0
2026-10-09 17:38:06,747 INFO o.a.j.s.SaveService: Using SaveService properties file encoding UTF-8
2026-10-09 17:38:06,748 INFO o.a.j.s.SaveService: Loading file: /Users/ridwan/Documents/GitHub/ICT3113_A1_P1-3/loadtest/triage.jmx
2026-10-09 17:38:06,774 INFO o.a.j.p.h.s.HTTPSamplerBase: Parser for text/html is org.apache.jmeter.protocol.http.parser.LagartoBasedHtmlParser
2026-10-09 17:38:06,774 INFO o.a.j.p.h.s.HTTPSamplerBase: Parser for application/xhtml+xml is org.apache.jmeter.protocol.http.parser.LagartoBasedHtmlParser
2026-10-09 17:38:06,774 INFO o.a.j.p.h.s.HTTPSamplerBase: Parser for application/xml is org.apache.jmeter.protocol.http.parser.LagartoBasedHtmlParser
2026-10-09 17:38:06,774 INFO o.a.j.p.h.s.HTTPSamplerBase: Parser for text/xml is org.apache.jmeter.protocol.http.parser.LagartoBasedHtmlParser
2026-10-09 17:38:06,774 INFO o.a.j.p.h.s.HTTPSamplerBase: Parser for text/vnd.wap.wml is org.apache.jmeter.protocol.http.parser.RegexpHTMLParser
2026-10-09 17:38:06,774 INFO o.a.j.p.h.s.HTTPSamplerBase: Parser for text/css is org.apache.jmeter.protocol.http.parser.CssParser
2026-10-09 17:38:06,780 INFO o.a.j.JMeter: Creating summariser <summary>
2026-10-09 17:38:06,786 INFO o.a.j.e.StandardJMeterEngine: Running the test!
2026-10-09 17:38:06,787 INFO o.a.j.s.SampleEvent: List of sample_variables: [rid, row]
2026-10-09 17:38:06,787 INFO o.a.j.s.SampleEvent: List of sample_variables: [rid, row]
2026-10-09 17:38:06,788 INFO o.a.j.e.u.CompoundVariable: Note: Function class names must contain the string: '.functions.'
2026-10-09 17:38:06,788 INFO o.a.j.e.u.CompoundVariable: Note: Function class names must not contain the string: '.gui.'
2026-10-09 17:38:06,867 INFO o.a.j.JMeter: Running test (1791538686867)
2026-10-09 17:38:06,874 INFO o.a.j.e.StandardJMeterEngine: Starting ThreadGroup: 1 : Ticket intake (POST /tickets)
2026-10-09 17:38:06,875 INFO o.a.j.e.StandardJMeterEngine: Starting 0 threads for group Ticket intake (POST /tickets).
2026-10-09 17:38:06,875 INFO o.a.j.e.StandardJMeterEngine: Thread will continue on error
2026-10-09 17:38:06,875 INFO o.a.j.t.o.OpenModelThreadGroup: Starting OpenModelThreadGroup#1 with schedule rate(24/min) random_arrivals(10 min) rate(24/min) pause(10 min)
2026-10-09 17:38:06,887 INFO o.a.j.e.StandardJMeterEngine: Starting ThreadGroup: 2 : Agent searches (GET /search)
2026-10-09 17:38:06,887 INFO o.a.j.e.StandardJMeterEngine: Starting 0 threads for group Agent searches (GET /search).
2026-10-09 17:38:06,887 INFO o.a.j.e.StandardJMeterEngine: Thread will continue on error
2026-10-09 17:38:06,887 INFO o.a.j.t.o.OpenModelThreadGroup: Thread starting init
2026-10-09 17:38:06,887 INFO o.a.j.t.o.OpenModelThreadGroup: Starting OpenModelThreadGroup#2 with schedule rate(7/min) random_arrivals(10 min) rate(7/min) pause(10 min)
2026-10-09 17:38:06,887 INFO o.a.j.e.StandardJMeterEngine: All thread groups have been started
2026-10-09 17:38:06,887 INFO o.a.j.t.o.OpenModelThreadGroup: Thread starting init
2026-10-09 17:38:06,888 INFO o.a.j.t.o.PoissonArrivalsRamp: Generating 70 events, beginRate = 0.11666666666666667 / sec, endRate = 0.11666666666666667 / sec, duration = 600.0 sec
2026-10-09 17:38:06,888 INFO o.a.j.t.o.PoissonArrivalsRamp: Generating 240 events, beginRate = 0.4 / sec, endRate = 0.4 / sec, duration = 600.0 sec
2026-10-09 17:38:08,378 INFO o.a.j.t.JMeterThread: Thread started: Ticket intake (POST /tickets) 1-1
2026-10-09 17:38:08,379 INFO o.a.j.s.FileServer: Stored: /Users/ridwan/Documents/GitHub/ICT3113_A1_P1-3/loadtest/data/tickets.tsv
2026-10-09 17:38:08,420 INFO o.a.j.t.JMeterThread: Thread started: Ticket intake (POST /tickets) 1-2
2026-10-09 17:38:08,579 INFO o.a.j.p.h.s.HTTPHCAbstractImpl: Local host = Muhammads-MacBook-Air-4.local
2026-10-09 17:38:08,581 INFO o.a.j.p.h.s.HTTPHC4Impl: HTTP request retry count = 0
2026-10-09 17:38:08,582 INFO o.a.j.s.SampleResult: Note: Sample TimeStamps are START times
2026-10-09 17:38:08,582 INFO o.a.j.s.SampleResult: sampleresult.default.encoding is set to UTF-8
2026-10-09 17:38:08,582 INFO o.a.j.s.SampleResult: sampleresult.useNanoTime=true
2026-10-09 17:38:08,582 INFO o.a.j.s.SampleResult: sampleresult.nanoThreadSleep=5000
2026-10-09 17:38:10,026 INFO o.a.j.t.JMeterThread: Thread is done: Ticket intake (POST /tickets) 1-1
2026-10-09 17:38:10,027 INFO o.a.j.t.JMeterThread: Thread finished: Ticket intake (POST /tickets) 1-1
2026-10-09 17:38:10,728 INFO o.a.j.t.JMeterThread: Thread started: Ticket intake (POST /tickets) 1-3
2026-10-09 17:38:11,218 INFO o.a.j.t.JMeterThread: Thread started: Ticket intake (POST /tickets) 1-4
2026-10-09 17:38:13,677 INFO o.a.j.t.JMeterThread: Thread is done: Ticket intake (POST /tickets) 1-2
2026-10-09 17:38:13,678 INFO o.a.j.t.JMeterThread: Thread finished: Ticket intake (POST /tickets) 1-2
2026-10-09 17:38:13,999 INFO o.a.j.t.JMeterThread: Thread started: Agent searches (GET /search) 2-1
2026-10-09 17:38:14,115 INFO o.a.j.t.JMeterThread: Thread is done: Agent searches (GET /search) 2-1
2026-10-09 17:38:14,115 INFO o.a.j.t.JMeterThread: Thread finished: Agent searches (GET /search) 2-1
2026-10-09 17:38:17,244 INFO o.a.j.t.JMeterThread: Thread started: Ticket intake (POST /tickets) 1-5
2026-10-09 17:38:19,109 INFO o.a.j.t.JMeterThread: Thread is done: Ticket intake (POST /tickets) 1-3
2026-10-09 17:38:19,109 INFO o.a.j.t.JMeterThread: Thread finished: Ticket intake (POST /tickets) 1-3
2026-10-09 17:38:20,745 INFO o.a.j.t.JMeterThread: Thread started: Agent searches (GET /search) 2-2
2026-10-09 17:38:20,880 INFO o.a.j.t.JMeterThread: Thread is done: Agent searches (GET /search) 2-2
2026-10-09 17:38:20,880 INFO o.a.j.t.JMeterThread: Thread finished: Agent searches (GET /search) 2-2
2026-10-09 17:38:21,703 INFO o.a.j.t.JMeterThread: Thread is done: Ticket intake (POST /tickets) 1-4
2026-10-09 17:38:21,703 INFO o.a.j.t.JMeterThread: Thread finished: Ticket intake (POST /tickets) 1-4
2026-10-09 17:38:22,996 INFO o.a.j.t.JMeterThread: Thread is done: Ticket intake (POST /tickets) 1-5
2026-10-09 17:38:22,996 INFO o.a.j.t.JMeterThread: Thread finished: Ticket intake (POST /tickets) 1-5
2026-10-09 17:38:27,221 INFO o.a.j.t.JMeterThread: Thread started: Ticket intake (POST /tickets) 1-6
2026-10-09 17:38:30,007 INFO o.a.j.t.JMeterThread: Thread started: Ticket intake (POST /tickets) 1-7
2026-10-09 17:38:30,576 INFO o.a.j.r.Summariser: summary +      8 in 00:00:24 =    0.3/s Avg:  4330 Min:    61 Max: 10481 Err:     0 (0.00%) Active: 2 Started: 9 Finished: 7
2026-10-09 17:38:30,577 INFO o.a.j.t.JMeterThread: Thread is done: Ticket intake (POST /tickets) 1-6
2026-10-09 17:38:30,577 INFO o.a.j.t.JMeterThread: Thread finished: Ticket intake (POST /tickets) 1-6
2026-10-09 17:38:31,098 INFO o.a.j.t.JMeterThread: Thread started: Ticket intake (POST /tickets) 1-8
2026-10-09 17:38:32,604 INFO o.a.j.t.JMeterThread: Thread is done: Ticket intake (POST /tickets) 1-7
2026-10-09 17:38:32,605 INFO o.a.j.t.JMeterThread: Thread finished: Ticket intake (POST /tickets) 1-7
2026-10-09 17:38:37,033 INFO o.a.j.t.JMeterThread: Thread is done: Ticket intake (POST /tickets) 1-8
2026-10-09 17:38:37,033 INFO o.a.j.t.JMeterThread: Thread finished: Ticket intake (POST /tickets) 1-8
2026-10-09 17:38:37,390 INFO o.a.j.t.JMeterThread: Thread started: Ticket intake (POST /tickets) 1-9
2026-10-09 17:38:37,653 INFO o.a.j.t.JMeterThread: Thread started: Ticket intake (POST /tickets) 1-10
2026-10-09 17:38:37,996 INFO o.a.j.t.JMeterThread: Thread started: Ticket intake (POST /tickets) 1-11
2026-10-09 17:38:39,206 INFO o.a.j.t.JMeterThread: Thread started: Ticket intake (POST /tickets) 1-12
2026-10-09 17:38:39,827 INFO o.a.j.t.JMeterThread: Thread started: Ticket intake (POST /tickets) 1-13
2026-10-09 17:38:41,675 INFO o.a.j.t.JMeterThread: Thread is done: Ticket intake (POST /tickets) 1-9
2026-10-09 17:38:41,675 INFO o.a.j.t.JMeterThread: Thread finished: Ticket intake (POST /tickets) 1-9
2026-10-09 17:38:43,009 INFO o.a.j.t.JMeterThread: Thread is done: Ticket intake (POST /tickets) 1-10
2026-10-09 17:38:43,009 INFO o.a.j.t.JMeterThread: Thread finished: Ticket intake (POST /tickets) 1-10
2026-10-09 17:38:43,147 INFO o.a.j.t.JMeterThread: Thread started: Ticket intake (POST /tickets) 1-14
2026-10-09 17:38:43,784 INFO o.a.j.t.JMeterThread: Thread started: Agent searches (GET /search) 2-3
2026-10-09 17:38:43,941 INFO o.a.j.t.JMeterThread: Thread is done: Agent searches (GET /search) 2-3
2026-10-09 17:38:43,942 INFO o.a.j.t.JMeterThread: Thread finished: Agent searches (GET /search) 2-3
2026-10-09 17:38:46,349 INFO o.a.j.t.JMeterThread: Thread started: Ticket intake (POST /tickets) 1-15
2026-10-09 17:38:46,867 INFO o.a.j.t.JMeterThread: Thread started: Ticket intake (POST /tickets) 1-16
2026-10-09 17:38:47,676 INFO o.a.j.t.JMeterThread: Thread is done: Ticket intake (POST /tickets) 1-11
2026-10-09 17:38:47,677 INFO o.a.j.t.JMeterThread: Thread finished: Ticket intake (POST /tickets) 1-11
2026-10-09 17:38:50,140 INFO o.a.j.t.JMeterThread: Thread is done: Ticket intake (POST /tickets) 1-12
2026-10-09 17:38:50,141 INFO o.a.j.t.JMeterThread: Thread finished: Ticket intake (POST /tickets) 1-12
2026-10-09 17:38:51,735 INFO o.a.j.t.JMeterThread: Thread started: Agent searches (GET /search) 2-4
2026-10-09 17:38:51,755 INFO o.a.j.t.JMeterThread: Thread is done: Ticket intake (POST /tickets) 1-13
2026-10-09 17:38:51,756 INFO o.a.j.t.JMeterThread: Thread finished: Ticket intake (POST /tickets) 1-13
2026-10-09 17:38:51,857 INFO o.a.j.t.JMeterThread: Thread is done: Agent searches (GET /search) 2-4
2026-10-09 17:38:51,858 INFO o.a.j.t.JMeterThread: Thread finished: Agent searches (GET /search) 2-4
2026-10-09 17:38:54,196 INFO o.a.j.t.JMeterThread: Thread started: Ticket intake (POST /tickets) 1-17
2026-10-09 17:38:54,505 INFO o.a.j.t.JMeterThread: Thread started: Ticket intake (POST /tickets) 1-18
2026-10-09 17:38:55,697 INFO o.a.j.t.JMeterThread: Thread is done: Ticket intake (POST /tickets) 1-14
2026-10-09 17:38:55,698 INFO o.a.j.t.JMeterThread: Thread finished: Ticket intake (POST /tickets) 1-14
2026-10-09 17:38:59,255 INFO o.a.j.t.JMeterThread: Thread is done: Ticket intake (POST /tickets) 1-15
2026-10-09 17:38:59,255 INFO o.a.j.t.JMeterThread: Thread finished: Ticket intake (POST /tickets) 1-15
2026-10-09 17:39:00,666 INFO o.a.j.r.Summariser: summary +     12 in 00:00:30 =    0.4/s Avg:  7516 Min:   119 Max: 13795 Err:     0 (0.00%) Active: 3 Started: 22 Finished: 19
2026-10-09 17:39:00,667 INFO o.a.j.r.Summariser: summary =     20 in 00:00:54 =    0.4/s Avg:  6242 Min:    61 Max: 13795 Err:     0 (0.00%)
2026-10-09 17:39:00,668 INFO o.a.j.t.JMeterThread: Thread is done: Ticket intake (POST /tickets) 1-16
2026-10-09 17:39:00,668 INFO o.a.j.t.JMeterThread: Thread finished: Ticket intake (POST /tickets) 1-16
2026-10-09 17:39:01,304 INFO o.a.j.t.JMeterThread: Thread started: Agent searches (GET /search) 2-5
2026-10-09 17:39:01,404 INFO o.a.j.t.JMeterThread: Thread is done: Agent searches (GET /search) 2-5
2026-10-09 17:39:01,405 INFO o.a.j.t.JMeterThread: Thread finished: Agent searches (GET /search) 2-5
2026-10-09 17:39:03,230 INFO o.a.j.t.JMeterThread: Thread is done: Ticket intake (POST /tickets) 1-17
2026-10-09 17:39:03,230 INFO o.a.j.t.JMeterThread: Thread finished: Ticket intake (POST /tickets) 1-17
2026-10-09 17:39:03,698 INFO o.a.j.t.JMeterThread: Thread started: Ticket intake (POST /tickets) 1-19
2026-10-09 17:39:05,421 INFO o.a.j.t.JMeterThread: Thread is done: Ticket intake (POST /tickets) 1-18
2026-10-09 17:39:05,421 INFO o.a.j.t.JMeterThread: Thread finished: Ticket intake (POST /tickets) 1-18
2026-10-09 17:39:06,610 INFO o.a.j.t.JMeterThread: Thread started: Agent searches (GET /search) 2-6
2026-10-09 17:39:06,932 INFO o.a.j.t.JMeterThread: Thread is done: Agent searches (GET /search) 2-6
2026-10-09 17:39:06,932 INFO o.a.j.t.JMeterThread: Thread finished: Agent searches (GET /search) 2-6
2026-10-09 17:39:07,104 INFO o.a.j.t.JMeterThread: Thread started: Ticket intake (POST /tickets) 1-20
2026-10-09 17:39:08,108 INFO o.a.j.t.JMeterThread: Thread started: Ticket intake (POST /tickets) 1-21
2026-10-09 17:39:08,137 INFO o.a.j.t.JMeterThread: Thread is done: Ticket intake (POST /tickets) 1-19
2026-10-09 17:39:08,137 INFO o.a.j.t.JMeterThread: Thread finished: Ticket intake (POST /tickets) 1-19
2026-10-09 17:39:11,157 INFO o.a.j.t.JMeterThread: Thread is done: Ticket intake (POST /tickets) 1-20
2026-10-09 17:39:11,158 INFO o.a.j.t.JMeterThread: Thread finished: Ticket intake (POST /tickets) 1-20
2026-10-09 17:39:12,858 INFO o.a.j.t.JMeterThread: Thread is done: Ticket intake (POST /tickets) 1-21
2026-10-09 17:39:12,859 INFO o.a.j.t.JMeterThread: Thread finished: Ticket intake (POST /tickets) 1-21
2026-10-09 17:39:13,777 INFO o.a.j.t.JMeterThread: Thread started: Agent searches (GET /search) 2-7
2026-10-09 17:39:13,942 INFO o.a.j.t.JMeterThread: Thread is done: Agent searches (GET /search) 2-7
2026-10-09 17:39:13,943 INFO o.a.j.t.JMeterThread: Thread finished: Agent searches (GET /search) 2-7
2026-10-09 17:39:15,926 INFO o.a.j.t.JMeterThread: Thread started: Ticket intake (POST /tickets) 1-22
2026-10-09 17:39:15,985 INFO o.a.j.t.JMeterThread: Thread started: Agent searches (GET /search) 2-8
2026-10-09 17:39:16,074 INFO o.a.j.t.JMeterThread: Thread is done: Agent searches (GET /search) 2-8
2026-10-09 17:39:16,074 INFO o.a.j.t.JMeterThread: Thread finished: Agent searches (GET /search) 2-8
2026-10-09 17:39:16,858 INFO o.a.j.t.JMeterThread: Thread started: Ticket intake (POST /tickets) 1-23
2026-10-09 17:39:17,582 INFO o.a.j.t.JMeterThread: Thread is done: Ticket intake (POST /tickets) 1-22
2026-10-09 17:39:17,582 INFO o.a.j.t.JMeterThread: Thread finished: Ticket intake (POST /tickets) 1-22
2026-10-09 17:39:18,965 INFO o.a.j.t.JMeterThread: Thread is done: Ticket intake (POST /tickets) 1-23
2026-10-09 17:39:18,965 INFO o.a.j.t.JMeterThread: Thread finished: Ticket intake (POST /tickets) 1-23
2026-10-09 17:39:21,668 INFO o.a.j.t.JMeterThread: Thread started: Agent searches (GET /search) 2-9
2026-10-09 17:39:21,759 INFO o.a.j.t.JMeterThread: Thread is done: Agent searches (GET /search) 2-9
2026-10-09 17:39:21,759 INFO o.a.j.t.JMeterThread: Thread finished: Agent searches (GET /search) 2-9
2026-10-09 17:39:22,123 INFO o.a.j.t.JMeterThread: Thread started: Ticket intake (POST /tickets) 1-24
2026-10-09 17:39:25,080 INFO o.a.j.t.JMeterThread: Thread started: Ticket intake (POST /tickets) 1-25
2026-10-09 17:39:26,812 INFO o.a.j.t.JMeterThread: Thread started: Ticket intake (POST /tickets) 1-26
2026-10-09 17:39:26,823 INFO o.a.j.t.JMeterThread: Thread is done: Ticket intake (POST /tickets) 1-24
2026-10-09 17:39:26,823 INFO o.a.j.t.JMeterThread: Thread finished: Ticket intake (POST /tickets) 1-24
2026-10-09 17:39:29,078 INFO o.a.j.t.JMeterThread: Thread started: Ticket intake (POST /tickets) 1-27
2026-10-09 17:39:29,187 INFO o.a.j.t.JMeterThread: Thread started: Agent searches (GET /search) 2-10
2026-10-09 17:39:29,279 INFO o.a.j.t.JMeterThread: Thread is done: Agent searches (GET /search) 2-10
2026-10-09 17:39:29,280 INFO o.a.j.t.JMeterThread: Thread finished: Agent searches (GET /search) 2-10
2026-10-09 17:39:30,034 INFO o.a.j.r.Summariser: summary +     15 in 00:00:29 =    0.5/s Avg:  3160 Min:    86 Max: 10912 Err:     0 (0.00%) Active: 3 Started: 37 Finished: 34
2026-10-09 17:39:30,035 INFO o.a.j.r.Summariser: summary =     35 in 00:01:23 =    0.4/s Avg:  4921 Min:    61 Max: 13795 Err:     0 (0.00%)
2026-10-09 17:39:30,035 INFO o.a.j.t.JMeterThread: Thread is done: Ticket intake (POST /tickets) 1-25
2026-10-09 17:39:30,035 INFO o.a.j.t.JMeterThread: Thread finished: Ticket intake (POST /tickets) 1-25
2026-10-09 17:39:32,354 INFO o.a.j.t.JMeterThread: Thread started: Agent searches (GET /search) 2-11
2026-10-09 17:39:32,548 INFO o.a.j.t.JMeterThread: Thread is done: Agent searches (GET /search) 2-11
2026-10-09 17:39:32,549 INFO o.a.j.t.JMeterThread: Thread finished: Agent searches (GET /search) 2-11
2026-10-09 17:39:33,955 INFO o.a.j.t.JMeterThread: Thread is done: Ticket intake (POST /tickets) 1-26
2026-10-09 17:39:33,955 INFO o.a.j.t.JMeterThread: Thread finished: Ticket intake (POST /tickets) 1-26
2026-10-09 17:39:35,516 INFO o.a.j.t.JMeterThread: Thread started: Ticket intake (POST /tickets) 1-28
2026-10-09 17:39:35,793 INFO o.a.j.t.JMeterThread: Thread started: Agent searches (GET /search) 2-12
2026-10-09 17:39:35,862 INFO o.a.j.t.JMeterThread: Thread is done: Agent searches (GET /search) 2-12
2026-10-09 17:39:35,863 INFO o.a.j.t.JMeterThread: Thread finished: Agent searches (GET /search) 2-12
2026-10-09 17:39:36,513 INFO o.a.j.t.JMeterThread: Thread is done: Ticket intake (POST /tickets) 1-27
2026-10-09 17:39:36,513 INFO o.a.j.t.JMeterThread: Thread finished: Ticket intake (POST /tickets) 1-27
2026-10-09 17:39:36,656 INFO o.a.j.t.JMeterThread: Thread started: Ticket intake (POST /tickets) 1-29
2026-10-09 17:39:38,081 INFO o.a.j.t.JMeterThread: Thread started: Ticket intake (POST /tickets) 1-30
2026-10-09 17:39:39,046 INFO o.a.j.t.JMeterThread: Thread started: Ticket intake (POST /tickets) 1-31
2026-10-09 17:39:39,191 INFO o.a.j.t.JMeterThread: Thread is done: Ticket intake (POST /tickets) 1-28
2026-10-09 17:39:39,191 INFO o.a.j.t.JMeterThread: Thread finished: Ticket intake (POST /tickets) 1-28
2026-10-09 17:39:42,219 INFO o.a.j.t.JMeterThread: Thread started: Ticket intake (POST /tickets) 1-32
2026-10-09 17:39:43,254 INFO o.a.j.t.JMeterThread: Thread is done: Ticket intake (POST /tickets) 1-29
2026-10-09 17:39:43,254 INFO o.a.j.t.JMeterThread: Thread finished: Ticket intake (POST /tickets) 1-29
2026-10-09 17:39:45,729 INFO o.a.j.t.JMeterThread: Thread is done: Ticket intake (POST /tickets) 1-30
2026-10-09 17:39:45,729 INFO o.a.j.t.JMeterThread: Thread finished: Ticket intake (POST /tickets) 1-30
2026-10-09 17:39:48,699 INFO o.a.j.t.JMeterThread: Thread is done: Ticket intake (POST /tickets) 1-31
2026-10-09 17:39:48,699 INFO o.a.j.t.JMeterThread: Thread finished: Ticket intake (POST /tickets) 1-31
2026-10-09 17:39:49,744 INFO o.a.j.t.JMeterThread: Thread started: Ticket intake (POST /tickets) 1-33
2026-10-09 17:39:50,168 INFO o.a.j.t.JMeterThread: Thread is done: Ticket intake (POST /tickets) 1-32
2026-10-09 17:39:50,168 INFO o.a.j.t.JMeterThread: Thread finished: Ticket intake (POST /tickets) 1-32
2026-10-09 17:39:52,541 INFO o.a.j.t.JMeterThread: Thread started: Agent searches (GET /search) 2-13
2026-10-09 17:39:52,630 INFO o.a.j.t.JMeterThread: Thread is done: Agent searches (GET /search) 2-13
2026-10-09 17:39:52,630 INFO o.a.j.t.JMeterThread: Thread finished: Agent searches (GET /search) 2-13
2026-10-09 17:39:52,664 INFO o.a.j.t.JMeterThread: Thread is done: Ticket intake (POST /tickets) 1-33
2026-10-09 17:39:52,664 INFO o.a.j.t.JMeterThread: Thread finished: Ticket intake (POST /tickets) 1-33
2026-10-09 17:39:54,744 INFO o.a.j.t.JMeterThread: Thread started: Ticket intake (POST /tickets) 1-34
2026-10-09 17:39:58,093 INFO o.a.j.t.JMeterThread: Thread started: Agent searches (GET /search) 2-14
2026-10-09 17:39:58,200 INFO o.a.j.t.JMeterThread: Thread is done: Agent searches (GET /search) 2-14
2026-10-09 17:39:58,200 INFO o.a.j.t.JMeterThread: Thread finished: Agent searches (GET /search) 2-14
2026-10-09 17:39:59,851 INFO o.a.j.t.JMeterThread: Thread is done: Ticket intake (POST /tickets) 1-34
2026-10-09 17:39:59,851 INFO o.a.j.t.JMeterThread: Thread finished: Ticket intake (POST /tickets) 1-34
2026-10-09 17:40:04,303 INFO o.a.j.t.JMeterThread: Thread started: Ticket intake (POST /tickets) 1-35
2026-10-09 17:40:05,267 INFO o.a.j.t.JMeterThread: Thread started: Ticket intake (POST /tickets) 1-36
2026-10-09 17:40:06,045 INFO o.a.j.t.JMeterThread: Thread is done: Ticket intake (POST /tickets) 1-35
2026-10-09 17:40:06,046 INFO o.a.j.t.JMeterThread: Thread finished: Ticket intake (POST /tickets) 1-35
2026-10-09 17:40:08,892 INFO o.a.j.t.JMeterThread: Thread is done: Ticket intake (POST /tickets) 1-36
2026-10-09 17:40:08,892 INFO o.a.j.t.JMeterThread: Thread finished: Ticket intake (POST /tickets) 1-36
2026-10-09 17:40:10,570 INFO o.a.j.t.JMeterThread: Thread started: Ticket intake (POST /tickets) 1-37
2026-10-09 17:40:15,937 INFO o.a.j.t.JMeterThread: Thread is done: Ticket intake (POST /tickets) 1-37
2026-10-09 17:40:15,937 INFO o.a.j.t.JMeterThread: Thread finished: Ticket intake (POST /tickets) 1-37
2026-10-09 17:40:17,460 INFO o.a.j.t.JMeterThread: Thread started: Ticket intake (POST /tickets) 1-38
2026-10-09 17:40:19,356 INFO o.a.j.t.JMeterThread: Thread started: Ticket intake (POST /tickets) 1-39
2026-10-09 17:40:20,785 INFO o.a.j.t.JMeterThread: Thread started: Ticket intake (POST /tickets) 1-40
2026-10-09 17:40:20,919 INFO o.a.j.t.JMeterThread: Thread is done: Ticket intake (POST /tickets) 1-38
2026-10-09 17:40:20,919 INFO o.a.j.t.JMeterThread: Thread finished: Ticket intake (POST /tickets) 1-38
2026-10-09 17:40:22,892 INFO o.a.j.t.JMeterThread: Thread is done: Ticket intake (POST /tickets) 1-39
2026-10-09 17:40:22,892 INFO o.a.j.t.JMeterThread: Thread finished: Ticket intake (POST /tickets) 1-39
2026-10-09 17:40:23,394 INFO o.a.j.t.JMeterThread: Thread started: Ticket intake (POST /tickets) 1-41
2026-10-09 17:40:24,006 INFO o.a.j.t.JMeterThread: Thread started: Ticket intake (POST /tickets) 1-42
2026-10-09 17:40:24,209 INFO o.a.j.t.JMeterThread: Thread is done: Ticket intake (POST /tickets) 1-40
2026-10-09 17:40:24,209 INFO o.a.j.t.JMeterThread: Thread finished: Ticket intake (POST /tickets) 1-40
2026-10-09 17:40:24,211 INFO o.a.j.t.JMeterThread: Thread started: Ticket intake (POST /tickets) 1-43
2026-10-09 17:40:25,391 INFO o.a.j.t.JMeterThread: Thread started: Ticket intake (POST /tickets) 1-44
2026-10-09 17:40:25,540 INFO o.a.j.t.JMeterThread: Thread started: Ticket intake (POST /tickets) 1-45
2026-10-09 17:40:26,177 INFO o.a.j.t.JMeterThread: Thread is done: Ticket intake (POST /tickets) 1-41
2026-10-09 17:40:26,177 INFO o.a.j.t.JMeterThread: Thread finished: Ticket intake (POST /tickets) 1-41
2026-10-09 17:40:27,655 INFO o.a.j.t.JMeterThread: Thread is done: Ticket intake (POST /tickets) 1-42
2026-10-09 17:40:27,656 INFO o.a.j.t.JMeterThread: Thread finished: Ticket intake (POST /tickets) 1-42
2026-10-09 17:40:27,742 INFO o.a.j.t.JMeterThread: Thread started: Ticket intake (POST /tickets) 1-46
2026-10-09 17:40:30,657 INFO o.a.j.r.Summariser: summary +     22 in 00:01:01 =    0.4/s Avg:  4206 Min:    66 Max:  9649 Err:     0 (0.00%) Active: 4 Started: 60 Finished: 56
2026-10-09 17:40:30,658 INFO o.a.j.r.Summariser: summary =     57 in 00:02:24 =    0.4/s Avg:  4645 Min:    61 Max: 13795 Err:     0 (0.00%)
2026-10-09 17:40:30,658 INFO o.a.j.t.JMeterThread: Thread is done: Ticket intake (POST /tickets) 1-43
2026-10-09 17:40:30,658 INFO o.a.j.t.JMeterThread: Thread finished: Ticket intake (POST /tickets) 1-43
2026-10-09 17:40:33,308 INFO o.a.j.t.JMeterThread: Thread is done: Ticket intake (POST /tickets) 1-44
2026-10-09 17:40:33,308 INFO o.a.j.t.JMeterThread: Thread finished: Ticket intake (POST /tickets) 1-44
2026-10-09 17:40:35,429 INFO o.a.j.t.JMeterThread: Thread started: Ticket intake (POST /tickets) 1-47
2026-10-09 17:40:37,265 INFO o.a.j.t.JMeterThread: Thread started: Ticket intake (POST /tickets) 1-48
2026-10-09 17:40:38,519 INFO o.a.j.t.JMeterThread: Thread started: Ticket intake (POST /tickets) 1-49
2026-10-09 17:40:38,612 INFO o.a.j.t.JMeterThread: Thread started: Agent searches (GET /search) 2-15
2026-10-09 17:40:38,667 INFO o.a.j.t.JMeterThread: Thread is done: Agent searches (GET /search) 2-15
2026-10-09 17:40:38,668 INFO o.a.j.t.JMeterThread: Thread finished: Agent searches (GET /search) 2-15
2026-10-09 17:40:38,669 INFO o.a.j.t.JMeterThread: Thread is done: Ticket intake (POST /tickets) 1-45
2026-10-09 17:40:38,670 INFO o.a.j.t.JMeterThread: Thread finished: Ticket intake (POST /tickets) 1-45
2026-10-09 17:40:39,975 INFO o.a.j.t.JMeterThread: Thread started: Ticket intake (POST /tickets) 1-50
2026-10-09 17:40:40,568 INFO o.a.j.t.JMeterThread: Thread started: Agent searches (GET /search) 2-16
2026-10-09 17:40:40,772 INFO o.a.j.t.JMeterThread: Thread is done: Agent searches (GET /search) 2-16
2026-10-09 17:40:40,773 INFO o.a.j.t.JMeterThread: Thread finished: Agent searches (GET /search) 2-16
2026-10-09 17:40:41,116 INFO o.a.j.t.JMeterThread: Thread is done: Ticket intake (POST /tickets) 1-46
2026-10-09 17:40:41,116 INFO o.a.j.t.JMeterThread: Thread finished: Ticket intake (POST /tickets) 1-46
2026-10-09 17:40:41,190 INFO o.a.j.t.JMeterThread: Thread started: Ticket intake (POST /tickets) 1-51
2026-10-09 17:40:42,447 INFO o.a.j.t.JMeterThread: Thread is done: Ticket intake (POST /tickets) 1-47
2026-10-09 17:40:42,448 INFO o.a.j.t.JMeterThread: Thread finished: Ticket intake (POST /tickets) 1-47
2026-10-09 17:40:44,491 INFO o.a.j.t.JMeterThread: Thread started: Ticket intake (POST /tickets) 1-52
2026-10-09 17:40:44,951 INFO o.a.j.t.JMeterThread: Thread is done: Ticket intake (POST /tickets) 1-48
2026-10-09 17:40:44,952 INFO o.a.j.t.JMeterThread: Thread finished: Ticket intake (POST /tickets) 1-48
2026-10-09 17:40:45,902 INFO o.a.j.t.JMeterThread: Thread is done: Ticket intake (POST /tickets) 1-49
2026-10-09 17:40:45,902 INFO o.a.j.t.JMeterThread: Thread finished: Ticket intake (POST /tickets) 1-49
2026-10-09 17:40:47,669 INFO o.a.j.t.JMeterThread: Thread started: Ticket intake (POST /tickets) 1-53
2026-10-09 17:40:47,928 INFO o.a.j.t.JMeterThread: Thread is done: Ticket intake (POST /tickets) 1-50
2026-10-09 17:40:47,929 INFO o.a.j.t.JMeterThread: Thread finished: Ticket intake (POST /tickets) 1-50
2026-10-09 17:40:52,620 INFO o.a.j.t.JMeterThread: Thread started: Ticket intake (POST /tickets) 1-54
2026-10-09 17:40:53,251 INFO o.a.j.t.JMeterThread: Thread is done: Ticket intake (POST /tickets) 1-51
2026-10-09 17:40:53,251 INFO o.a.j.t.JMeterThread: Thread finished: Ticket intake (POST /tickets) 1-51
2026-10-09 17:40:53,367 INFO o.a.j.t.JMeterThread: Thread started: Ticket intake (POST /tickets) 1-55
2026-10-09 17:40:53,509 INFO o.a.j.t.JMeterThread: Thread started: Agent searches (GET /search) 2-17
2026-10-09 17:40:53,585 INFO o.a.j.t.JMeterThread: Thread is done: Agent searches (GET /search) 2-17
2026-10-09 17:40:53,585 INFO o.a.j.t.JMeterThread: Thread finished: Agent searches (GET /search) 2-17
2026-10-09 17:40:54,073 INFO o.a.j.t.JMeterThread: Thread started: Ticket intake (POST /tickets) 1-56
2026-10-09 17:40:54,751 INFO o.a.j.t.JMeterThread: Thread started: Ticket intake (POST /tickets) 1-57
2026-10-09 17:40:56,897 INFO o.a.j.t.JMeterThread: Thread is done: Ticket intake (POST /tickets) 1-52
2026-10-09 17:40:56,898 INFO o.a.j.t.JMeterThread: Thread finished: Ticket intake (POST /tickets) 1-52
2026-10-09 17:40:57,508 INFO o.a.j.t.JMeterThread: Thread started: Agent searches (GET /search) 2-18
2026-10-09 17:40:57,663 INFO o.a.j.t.JMeterThread: Thread is done: Agent searches (GET /search) 2-18
2026-10-09 17:40:57,663 INFO o.a.j.t.JMeterThread: Thread finished: Agent searches (GET /search) 2-18
2026-10-09 17:40:58,704 INFO o.a.j.t.JMeterThread: Thread started: Ticket intake (POST /tickets) 1-58
2026-10-09 17:40:58,705 INFO o.a.j.t.JMeterThread: Thread started: Ticket intake (POST /tickets) 1-59
2026-10-09 17:41:00,792 INFO o.a.j.t.JMeterThread: Thread started: Ticket intake (POST /tickets) 1-60
2026-10-09 17:41:01,257 INFO o.a.j.t.JMeterThread: Thread started: Ticket intake (POST /tickets) 1-61
2026-10-09 17:41:02,710 INFO o.a.j.r.Summariser: summary +     14 in 00:00:32 =    0.4/s Avg:  7457 Min:    52 Max: 15036 Err:     0 (0.00%) Active: 9 Started: 79 Finished: 70
2026-10-09 17:41:02,710 INFO o.a.j.r.Summariser: summary =     71 in 00:02:56 =    0.4/s Avg:  5200 Min:    52 Max: 15036 Err:     0 (0.00%)
2026-10-09 17:41:02,711 INFO o.a.j.t.JMeterThread: Thread is done: Ticket intake (POST /tickets) 1-53
2026-10-09 17:41:02,711 INFO o.a.j.t.JMeterThread: Thread finished: Ticket intake (POST /tickets) 1-53
2026-10-09 17:41:04,691 INFO o.a.j.t.JMeterThread: Thread is done: Ticket intake (POST /tickets) 1-54
2026-10-09 17:41:04,691 INFO o.a.j.t.JMeterThread: Thread finished: Ticket intake (POST /tickets) 1-54
2026-10-09 17:41:06,829 INFO o.a.j.t.JMeterThread: Thread started: Ticket intake (POST /tickets) 1-62
2026-10-09 17:41:07,649 INFO o.a.j.t.JMeterThread: Thread is done: Ticket intake (POST /tickets) 1-55
2026-10-09 17:41:07,649 INFO o.a.j.t.JMeterThread: Thread finished: Ticket intake (POST /tickets) 1-55
2026-10-09 17:41:07,875 INFO o.a.j.t.JMeterThread: Thread started: Ticket intake (POST /tickets) 1-63
2026-10-09 17:41:08,904 INFO o.a.j.t.JMeterThread: Thread started: Ticket intake (POST /tickets) 1-64
2026-10-09 17:41:09,076 INFO o.a.j.t.JMeterThread: Thread started: Ticket intake (POST /tickets) 1-65
2026-10-09 17:41:09,605 INFO o.a.j.t.JMeterThread: Thread started: Ticket intake (POST /tickets) 1-66
2026-10-09 17:41:10,356 INFO o.a.j.t.JMeterThread: Thread started: Ticket intake (POST /tickets) 1-67
2026-10-09 17:41:10,964 INFO o.a.j.t.JMeterThread: Thread is done: Ticket intake (POST /tickets) 1-56
2026-10-09 17:41:10,964 INFO o.a.j.t.JMeterThread: Thread finished: Ticket intake (POST /tickets) 1-56
2026-10-09 17:41:11,988 INFO o.a.j.t.JMeterThread: Thread is done: Ticket intake (POST /tickets) 1-57
2026-10-09 17:41:11,988 INFO o.a.j.t.JMeterThread: Thread finished: Ticket intake (POST /tickets) 1-57
2026-10-09 17:41:12,706 INFO o.a.j.t.JMeterThread: Thread started: Ticket intake (POST /tickets) 1-68
2026-10-09 17:41:12,727 INFO o.a.j.t.JMeterThread: Thread started: Agent searches (GET /search) 2-19
2026-10-09 17:41:13,067 INFO o.a.j.t.JMeterThread: Thread is done: Agent searches (GET /search) 2-19
2026-10-09 17:41:13,068 INFO o.a.j.t.JMeterThread: Thread finished: Agent searches (GET /search) 2-19
2026-10-09 17:41:13,118 INFO o.a.j.t.JMeterThread: Thread started: Ticket intake (POST /tickets) 1-69
2026-10-09 17:41:13,167 INFO o.a.j.t.JMeterThread: Thread started: Ticket intake (POST /tickets) 1-70
2026-10-09 17:41:13,421 INFO o.a.j.t.JMeterThread: Thread is done: Ticket intake (POST /tickets) 1-59
2026-10-09 17:41:13,421 INFO o.a.j.t.JMeterThread: Thread finished: Ticket intake (POST /tickets) 1-59
2026-10-09 17:41:13,934 INFO o.a.j.t.JMeterThread: Thread started: Agent searches (GET /search) 2-20
2026-10-09 17:41:14,034 INFO o.a.j.t.JMeterThread: Thread is done: Agent searches (GET /search) 2-20
2026-10-09 17:41:14,034 INFO o.a.j.t.JMeterThread: Thread finished: Agent searches (GET /search) 2-20
2026-10-09 17:41:15,031 INFO o.a.j.t.JMeterThread: Thread started: Ticket intake (POST /tickets) 1-71
2026-10-09 17:41:15,328 INFO o.a.j.t.JMeterThread: Thread is done: Ticket intake (POST /tickets) 1-58
2026-10-09 17:41:15,329 INFO o.a.j.t.JMeterThread: Thread finished: Ticket intake (POST /tickets) 1-58
2026-10-09 17:41:15,869 INFO o.a.j.t.JMeterThread: Thread started: Ticket intake (POST /tickets) 1-72
2026-10-09 17:41:16,017 INFO o.a.j.t.JMeterThread: Thread started: Ticket intake (POST /tickets) 1-73
2026-10-09 17:41:17,345 INFO o.a.j.t.JMeterThread: Thread started: Ticket intake (POST /tickets) 1-74
2026-10-09 17:41:17,356 INFO o.a.j.t.JMeterThread: Thread is done: Ticket intake (POST /tickets) 1-60
2026-10-09 17:41:17,356 INFO o.a.j.t.JMeterThread: Thread finished: Ticket intake (POST /tickets) 1-60
2026-10-09 17:41:18,214 INFO o.a.j.t.JMeterThread: Thread is done: Ticket intake (POST /tickets) 1-61
2026-10-09 17:41:18,214 INFO o.a.j.t.JMeterThread: Thread finished: Ticket intake (POST /tickets) 1-61
2026-10-09 17:41:18,253 INFO o.a.j.t.JMeterThread: Thread started: Ticket intake (POST /tickets) 1-75
2026-10-09 17:41:18,680 INFO o.a.j.t.JMeterThread: Thread started: Ticket intake (POST /tickets) 1-76
2026-10-09 17:41:19,937 INFO o.a.j.t.JMeterThread: Thread is done: Ticket intake (POST /tickets) 1-62
2026-10-09 17:41:19,937 INFO o.a.j.t.JMeterThread: Thread finished: Ticket intake (POST /tickets) 1-62
2026-10-09 17:41:22,277 INFO o.a.j.t.JMeterThread: Thread started: Ticket intake (POST /tickets) 1-77
2026-10-09 17:41:23,349 INFO o.a.j.t.JMeterThread: Thread is done: Ticket intake (POST /tickets) 1-63
2026-10-09 17:41:23,349 INFO o.a.j.t.JMeterThread: Thread finished: Ticket intake (POST /tickets) 1-63
2026-10-09 17:41:25,164 INFO o.a.j.t.JMeterThread: Thread is done: Ticket intake (POST /tickets) 1-64
2026-10-09 17:41:25,164 INFO o.a.j.t.JMeterThread: Thread finished: Ticket intake (POST /tickets) 1-64
2026-10-09 17:41:27,208 INFO o.a.j.t.JMeterThread: Thread is done: Ticket intake (POST /tickets) 1-65
2026-10-09 17:41:27,208 INFO o.a.j.t.JMeterThread: Thread finished: Ticket intake (POST /tickets) 1-65
2026-10-09 17:41:27,343 INFO o.a.j.t.JMeterThread: Thread started: Ticket intake (POST /tickets) 1-78
2026-10-09 17:41:27,963 INFO o.a.j.t.JMeterThread: Thread started: Ticket intake (POST /tickets) 1-79
2026-10-09 17:41:29,057 INFO o.a.j.t.JMeterThread: Thread is done: Ticket intake (POST /tickets) 1-66
2026-10-09 17:41:29,058 INFO o.a.j.t.JMeterThread: Thread finished: Ticket intake (POST /tickets) 1-66
2026-10-09 17:41:29,231 INFO o.a.j.t.JMeterThread: Thread started: Ticket intake (POST /tickets) 1-80
2026-10-09 17:41:29,750 INFO o.a.j.t.JMeterThread: Thread started: Ticket intake (POST /tickets) 1-81
2026-10-09 17:41:30,095 INFO o.a.j.r.Summariser: summary +     16 in 00:00:27 =    0.6/s Avg: 14243 Min:    96 Max: 19735 Err:     0 (0.00%) Active: 15 Started: 101 Finished: 86
2026-10-09 17:41:30,095 INFO o.a.j.r.Summariser: summary =     87 in 00:03:23 =    0.4/s Avg:  6863 Min:    52 Max: 19735 Err:     0 (0.00%)
2026-10-09 17:41:30,096 INFO o.a.j.t.JMeterThread: Thread is done: Ticket intake (POST /tickets) 1-67
2026-10-09 17:41:30,096 INFO o.a.j.t.JMeterThread: Thread finished: Ticket intake (POST /tickets) 1-67
2026-10-09 17:41:30,463 INFO o.a.j.t.JMeterThread: Thread started: Ticket intake (POST /tickets) 1-82
2026-10-09 17:41:32,355 INFO o.a.j.t.JMeterThread: Thread is done: Ticket intake (POST /tickets) 1-68
2026-10-09 17:41:32,355 INFO o.a.j.t.JMeterThread: Thread finished: Ticket intake (POST /tickets) 1-68
2026-10-09 17:41:34,251 INFO o.a.j.t.JMeterThread: Thread is done: Ticket intake (POST /tickets) 1-69
2026-10-09 17:41:34,251 INFO o.a.j.t.JMeterThread: Thread finished: Ticket intake (POST /tickets) 1-69
2026-10-09 17:41:35,987 INFO o.a.j.t.JMeterThread: Thread is done: Ticket intake (POST /tickets) 1-70
2026-10-09 17:41:35,987 INFO o.a.j.t.JMeterThread: Thread finished: Ticket intake (POST /tickets) 1-70
2026-10-09 17:41:39,223 INFO o.a.j.t.JMeterThread: Thread started: Ticket intake (POST /tickets) 1-83
2026-10-09 17:41:39,743 INFO o.a.j.t.JMeterThread: Thread is done: Ticket intake (POST /tickets) 1-71
2026-10-09 17:41:39,744 INFO o.a.j.t.JMeterThread: Thread finished: Ticket intake (POST /tickets) 1-71
2026-10-09 17:41:40,267 INFO o.a.j.t.JMeterThread: Thread started: Ticket intake (POST /tickets) 1-84
2026-10-09 17:41:41,068 INFO o.a.j.t.JMeterThread: Thread started: Ticket intake (POST /tickets) 1-85
2026-10-09 17:41:42,211 INFO o.a.j.t.JMeterThread: Thread is done: Ticket intake (POST /tickets) 1-72
2026-10-09 17:41:42,212 INFO o.a.j.t.JMeterThread: Thread finished: Ticket intake (POST /tickets) 1-72
2026-10-09 17:41:42,988 INFO o.a.j.t.JMeterThread: Thread started: Agent searches (GET /search) 2-21
2026-10-09 17:41:43,125 INFO o.a.j.t.JMeterThread: Thread is done: Agent searches (GET /search) 2-21
2026-10-09 17:41:43,125 INFO o.a.j.t.JMeterThread: Thread finished: Agent searches (GET /search) 2-21
2026-10-09 17:41:43,792 INFO o.a.j.t.JMeterThread: Thread started: Agent searches (GET /search) 2-22
2026-10-09 17:41:43,858 INFO o.a.j.t.JMeterThread: Thread is done: Agent searches (GET /search) 2-22
2026-10-09 17:41:43,858 INFO o.a.j.t.JMeterThread: Thread finished: Agent searches (GET /search) 2-22
2026-10-09 17:41:45,061 INFO o.a.j.t.JMeterThread: Thread is done: Ticket intake (POST /tickets) 1-73
2026-10-09 17:41:45,061 INFO o.a.j.t.JMeterThread: Thread finished: Ticket intake (POST /tickets) 1-73
2026-10-09 17:41:46,000 INFO o.a.j.t.JMeterThread: Thread started: Ticket intake (POST /tickets) 1-86
2026-10-09 17:41:47,534 INFO o.a.j.t.JMeterThread: Thread is done: Ticket intake (POST /tickets) 1-74
2026-10-09 17:41:47,534 INFO o.a.j.t.JMeterThread: Thread finished: Ticket intake (POST /tickets) 1-74
2026-10-09 17:41:47,567 INFO o.a.j.t.JMeterThread: Thread started: Ticket intake (POST /tickets) 1-87
2026-10-09 17:41:50,283 INFO o.a.j.t.JMeterThread: Thread is done: Ticket intake (POST /tickets) 1-75
2026-10-09 17:41:50,284 INFO o.a.j.t.JMeterThread: Thread finished: Ticket intake (POST /tickets) 1-75
2026-10-09 17:41:51,311 INFO o.a.j.t.JMeterThread: Thread started: Ticket intake (POST /tickets) 1-88
2026-10-09 17:41:51,322 INFO o.a.j.t.JMeterThread: Thread started: Ticket intake (POST /tickets) 1-89
2026-10-09 17:41:53,742 INFO o.a.j.t.JMeterThread: Thread started: Ticket intake (POST /tickets) 1-90
2026-10-09 17:41:53,916 INFO o.a.j.t.JMeterThread: Thread started: Ticket intake (POST /tickets) 1-91
2026-10-09 17:41:53,977 INFO o.a.j.t.JMeterThread: Thread started: Ticket intake (POST /tickets) 1-92
2026-10-09 17:41:54,215 INFO o.a.j.t.JMeterThread: Thread is done: Ticket intake (POST /tickets) 1-76
2026-10-09 17:41:54,215 INFO o.a.j.t.JMeterThread: Thread finished: Ticket intake (POST /tickets) 1-76
2026-10-09 17:41:54,966 INFO o.a.j.t.JMeterThread: Thread started: Ticket intake (POST /tickets) 1-93
2026-10-09 17:41:56,037 INFO o.a.j.t.JMeterThread: Thread started: Ticket intake (POST /tickets) 1-94
2026-10-09 17:41:57,568 INFO o.a.j.t.JMeterThread: Thread started: Ticket intake (POST /tickets) 1-95
2026-10-09 17:41:58,433 INFO o.a.j.t.JMeterThread: Thread started: Ticket intake (POST /tickets) 1-96
2026-10-09 17:41:59,375 INFO o.a.j.t.JMeterThread: Thread is done: Ticket intake (POST /tickets) 1-77
2026-10-09 17:41:59,375 INFO o.a.j.t.JMeterThread: Thread finished: Ticket intake (POST /tickets) 1-77
2026-10-09 17:42:00,300 INFO o.a.j.t.JMeterThread: Thread started: Ticket intake (POST /tickets) 1-97
2026-10-09 17:42:02,686 INFO o.a.j.r.Summariser: summary +     13 in 00:00:33 =    0.4/s Avg: 24157 Min:    63 Max: 37094 Err:     0 (0.00%) Active: 20 Started: 119 Finished: 99
2026-10-09 17:42:02,687 INFO o.a.j.r.Summariser: summary =    100 in 00:03:56 =    0.4/s Avg:  9111 Min:    52 Max: 37094 Err:     0 (0.00%)
2026-10-09 17:42:02,687 INFO o.a.j.t.JMeterThread: Thread is done: Ticket intake (POST /tickets) 1-78
2026-10-09 17:42:02,687 INFO o.a.j.t.JMeterThread: Thread finished: Ticket intake (POST /tickets) 1-78
2026-10-09 17:42:04,349 INFO o.a.j.t.JMeterThread: Thread is done: Ticket intake (POST /tickets) 1-79
2026-10-09 17:42:04,349 INFO o.a.j.t.JMeterThread: Thread finished: Ticket intake (POST /tickets) 1-79
2026-10-09 17:42:05,198 INFO o.a.j.t.JMeterThread: Thread is done: Ticket intake (POST /tickets) 1-80
2026-10-09 17:42:05,198 INFO o.a.j.t.JMeterThread: Thread finished: Ticket intake (POST /tickets) 1-80
2026-10-09 17:42:05,745 INFO o.a.j.t.JMeterThread: Thread started: Ticket intake (POST /tickets) 1-98
2026-10-09 17:42:08,688 INFO o.a.j.t.JMeterThread: Thread is done: Ticket intake (POST /tickets) 1-81
2026-10-09 17:42:08,689 INFO o.a.j.t.JMeterThread: Thread finished: Ticket intake (POST /tickets) 1-81
2026-10-09 17:42:10,986 INFO o.a.j.t.JMeterThread: Thread started: Agent searches (GET /search) 2-23
2026-10-09 17:42:11,177 INFO o.a.j.t.JMeterThread: Thread is done: Agent searches (GET /search) 2-23
2026-10-09 17:42:11,178 INFO o.a.j.t.JMeterThread: Thread finished: Agent searches (GET /search) 2-23
2026-10-09 17:42:12,495 INFO o.a.j.t.JMeterThread: Thread started: Agent searches (GET /search) 2-24
2026-10-09 17:42:12,564 INFO o.a.j.t.JMeterThread: Thread is done: Agent searches (GET /search) 2-24
2026-10-09 17:42:12,564 INFO o.a.j.t.JMeterThread: Thread finished: Agent searches (GET /search) 2-24
2026-10-09 17:42:12,657 INFO o.a.j.t.JMeterThread: Thread started: Agent searches (GET /search) 2-25
2026-10-09 17:42:12,718 INFO o.a.j.t.JMeterThread: Thread is done: Agent searches (GET /search) 2-25
2026-10-09 17:42:12,718 INFO o.a.j.t.JMeterThread: Thread finished: Agent searches (GET /search) 2-25
2026-10-09 17:42:12,783 INFO o.a.j.t.JMeterThread: Thread started: Ticket intake (POST /tickets) 1-99
2026-10-09 17:42:13,503 INFO o.a.j.t.JMeterThread: Thread is done: Ticket intake (POST /tickets) 1-82
2026-10-09 17:42:13,503 INFO o.a.j.t.JMeterThread: Thread finished: Ticket intake (POST /tickets) 1-82
2026-10-09 17:42:16,887 INFO o.a.j.t.JMeterThread: Thread is done: Ticket intake (POST /tickets) 1-83
2026-10-09 17:42:16,888 INFO o.a.j.t.JMeterThread: Thread finished: Ticket intake (POST /tickets) 1-83
2026-10-09 17:42:17,913 INFO o.a.j.t.JMeterThread: Thread started: Agent searches (GET /search) 2-26
2026-10-09 17:42:18,042 INFO o.a.j.t.JMeterThread: Thread is done: Agent searches (GET /search) 2-26
2026-10-09 17:42:18,042 INFO o.a.j.t.JMeterThread: Thread finished: Agent searches (GET /search) 2-26
2026-10-09 17:42:20,068 INFO o.a.j.t.JMeterThread: Thread is done: Ticket intake (POST /tickets) 1-84
2026-10-09 17:42:20,068 INFO o.a.j.t.JMeterThread: Thread finished: Ticket intake (POST /tickets) 1-84
2026-10-09 17:42:23,133 INFO o.a.j.t.JMeterThread: Thread is done: Ticket intake (POST /tickets) 1-85
2026-10-09 17:42:23,134 INFO o.a.j.t.JMeterThread: Thread finished: Ticket intake (POST /tickets) 1-85
2026-10-09 17:42:24,519 INFO o.a.j.t.JMeterThread: Thread started: Ticket intake (POST /tickets) 1-100
2026-10-09 17:42:25,098 INFO o.a.j.t.JMeterThread: Thread started: Ticket intake (POST /tickets) 1-101
2026-10-09 17:42:27,332 INFO o.a.j.t.JMeterThread: Thread started: Ticket intake (POST /tickets) 1-102
2026-10-09 17:42:27,853 INFO o.a.j.t.JMeterThread: Thread is done: Ticket intake (POST /tickets) 1-86
2026-10-09 17:42:27,854 INFO o.a.j.t.JMeterThread: Thread finished: Ticket intake (POST /tickets) 1-86
2026-10-09 17:42:29,286 INFO o.a.j.t.JMeterThread: Thread started: Ticket intake (POST /tickets) 1-103
2026-10-09 17:42:30,297 INFO o.a.j.r.Summariser: summary +     13 in 00:00:28 =    0.5/s Avg: 27601 Min:    58 Max: 43036 Err:     0 (0.00%) Active: 17 Started: 129 Finished: 112
2026-10-09 17:42:30,298 INFO o.a.j.r.Summariser: summary =    113 in 00:04:23 =    0.4/s Avg: 11238 Min:    52 Max: 43036 Err:     0 (0.00%)
2026-10-09 17:42:30,298 INFO o.a.j.t.JMeterThread: Thread is done: Ticket intake (POST /tickets) 1-87
2026-10-09 17:42:30,298 INFO o.a.j.t.JMeterThread: Thread finished: Ticket intake (POST /tickets) 1-87
2026-10-09 17:42:34,383 INFO o.a.j.t.JMeterThread: Thread is done: Ticket intake (POST /tickets) 1-88
2026-10-09 17:42:34,383 INFO o.a.j.t.JMeterThread: Thread finished: Ticket intake (POST /tickets) 1-88
2026-10-09 17:42:35,540 INFO o.a.j.t.JMeterThread: Thread started: Ticket intake (POST /tickets) 1-104
2026-10-09 17:42:35,950 INFO o.a.j.t.JMeterThread: Thread is done: Ticket intake (POST /tickets) 1-89
2026-10-09 17:42:35,950 INFO o.a.j.t.JMeterThread: Thread finished: Ticket intake (POST /tickets) 1-89
2026-10-09 17:42:36,888 INFO o.a.j.t.JMeterThread: Thread started: Agent searches (GET /search) 2-27
2026-10-09 17:42:37,032 INFO o.a.j.t.JMeterThread: Thread is done: Agent searches (GET /search) 2-27
2026-10-09 17:42:37,032 INFO o.a.j.t.JMeterThread: Thread finished: Agent searches (GET /search) 2-27
2026-10-09 17:42:37,770 INFO o.a.j.t.JMeterThread: Thread started: Agent searches (GET /search) 2-28
2026-10-09 17:42:37,980 INFO o.a.j.t.JMeterThread: Thread is done: Ticket intake (POST /tickets) 1-90
2026-10-09 17:42:37,981 INFO o.a.j.t.JMeterThread: Thread finished: Ticket intake (POST /tickets) 1-90
2026-10-09 17:42:38,008 INFO o.a.j.t.JMeterThread: Thread is done: Agent searches (GET /search) 2-28
2026-10-09 17:42:38,008 INFO o.a.j.t.JMeterThread: Thread finished: Agent searches (GET /search) 2-28
2026-10-09 17:42:41,361 INFO o.a.j.t.JMeterThread: Thread is done: Ticket intake (POST /tickets) 1-91
2026-10-09 17:42:41,361 INFO o.a.j.t.JMeterThread: Thread finished: Ticket intake (POST /tickets) 1-91
2026-10-09 17:42:42,554 INFO o.a.j.t.JMeterThread: Thread started: Ticket intake (POST /tickets) 1-105
2026-10-09 17:42:43,305 INFO o.a.j.t.JMeterThread: Thread is done: Ticket intake (POST /tickets) 1-92
2026-10-09 17:42:43,305 INFO o.a.j.t.JMeterThread: Thread finished: Ticket intake (POST /tickets) 1-92
2026-10-09 17:42:44,312 INFO o.a.j.t.JMeterThread: Thread started: Agent searches (GET /search) 2-29
2026-10-09 17:42:44,373 INFO o.a.j.t.JMeterThread: Thread is done: Agent searches (GET /search) 2-29
2026-10-09 17:42:44,373 INFO o.a.j.t.JMeterThread: Thread finished: Agent searches (GET /search) 2-29
2026-10-09 17:42:44,874 INFO o.a.j.t.JMeterThread: Thread started: Ticket intake (POST /tickets) 1-106
2026-10-09 17:42:45,163 INFO o.a.j.t.JMeterThread: Thread started: Agent searches (GET /search) 2-30
2026-10-09 17:42:45,302 INFO o.a.j.t.JMeterThread: Thread is done: Agent searches (GET /search) 2-30
2026-10-09 17:42:45,302 INFO o.a.j.t.JMeterThread: Thread finished: Agent searches (GET /search) 2-30
2026-10-09 17:42:45,330 INFO o.a.j.t.JMeterThread: Thread is done: Ticket intake (POST /tickets) 1-93
2026-10-09 17:42:45,330 INFO o.a.j.t.JMeterThread: Thread finished: Ticket intake (POST /tickets) 1-93
2026-10-09 17:42:45,464 INFO o.a.j.t.JMeterThread: Thread started: Ticket intake (POST /tickets) 1-107
2026-10-09 17:42:48,234 INFO o.a.j.t.JMeterThread: Thread started: Ticket intake (POST /tickets) 1-108
2026-10-09 17:42:49,226 INFO o.a.j.t.JMeterThread: Thread is done: Ticket intake (POST /tickets) 1-94
2026-10-09 17:42:49,226 INFO o.a.j.t.JMeterThread: Thread finished: Ticket intake (POST /tickets) 1-94
2026-10-09 17:42:50,470 INFO o.a.j.t.JMeterThread: Thread started: Ticket intake (POST /tickets) 1-109
2026-10-09 17:42:50,766 INFO o.a.j.t.JMeterThread: Thread started: Ticket intake (POST /tickets) 1-110
2026-10-09 17:42:51,402 INFO o.a.j.t.JMeterThread: Thread is done: Ticket intake (POST /tickets) 1-95
2026-10-09 17:42:51,403 INFO o.a.j.t.JMeterThread: Thread finished: Ticket intake (POST /tickets) 1-95
2026-10-09 17:42:51,637 INFO o.a.j.t.JMeterThread: Thread started: Ticket intake (POST /tickets) 1-111
2026-10-09 17:42:53,702 INFO o.a.j.t.JMeterThread: Thread started: Ticket intake (POST /tickets) 1-112
2026-10-09 17:42:53,930 INFO o.a.j.t.JMeterThread: Thread is done: Ticket intake (POST /tickets) 1-96
2026-10-09 17:42:53,931 INFO o.a.j.t.JMeterThread: Thread finished: Ticket intake (POST /tickets) 1-96
2026-10-09 17:42:54,524 INFO o.a.j.t.JMeterThread: Thread started: Agent searches (GET /search) 2-31
2026-10-09 17:42:54,616 INFO o.a.j.t.JMeterThread: Thread is done: Agent searches (GET /search) 2-31
2026-10-09 17:42:54,616 INFO o.a.j.t.JMeterThread: Thread finished: Agent searches (GET /search) 2-31
2026-10-09 17:42:54,916 INFO o.a.j.t.JMeterThread: Thread started: Agent searches (GET /search) 2-32
2026-10-09 17:42:55,030 INFO o.a.j.t.JMeterThread: Thread is done: Agent searches (GET /search) 2-32
2026-10-09 17:42:55,030 INFO o.a.j.t.JMeterThread: Thread finished: Agent searches (GET /search) 2-32
2026-10-09 17:42:57,349 INFO o.a.j.t.JMeterThread: Thread started: Ticket intake (POST /tickets) 1-113
2026-10-09 17:42:57,760 INFO o.a.j.t.JMeterThread: Thread is done: Ticket intake (POST /tickets) 1-97
2026-10-09 17:42:57,761 INFO o.a.j.t.JMeterThread: Thread finished: Ticket intake (POST /tickets) 1-97
2026-10-09 17:42:58,643 INFO o.a.j.t.JMeterThread: Thread started: Ticket intake (POST /tickets) 1-114
2026-10-09 17:42:58,654 INFO o.a.j.t.JMeterThread: Thread is done: Ticket intake (POST /tickets) 1-98
2026-10-09 17:42:58,654 INFO o.a.j.t.JMeterThread: Thread finished: Ticket intake (POST /tickets) 1-98
2026-10-09 17:42:58,978 INFO o.a.j.t.JMeterThread: Thread started: Ticket intake (POST /tickets) 1-115
2026-10-09 17:43:00,528 INFO o.a.j.r.Summariser: summary +     18 in 00:00:30 =    0.6/s Avg: 33348 Min:    58 Max: 57442 Err:     0 (0.00%) Active: 17 Started: 147 Finished: 130
2026-10-09 17:43:00,528 INFO o.a.j.r.Summariser: summary =    131 in 00:04:54 =    0.4/s Avg: 14276 Min:    52 Max: 57442 Err:     0 (0.00%)
2026-10-09 17:43:00,529 INFO o.a.j.t.JMeterThread: Thread is done: Ticket intake (POST /tickets) 1-99
2026-10-09 17:43:00,529 INFO o.a.j.t.JMeterThread: Thread finished: Ticket intake (POST /tickets) 1-99
2026-10-09 17:43:03,173 INFO o.a.j.t.JMeterThread: Thread is done: Ticket intake (POST /tickets) 1-100
2026-10-09 17:43:03,174 INFO o.a.j.t.JMeterThread: Thread finished: Ticket intake (POST /tickets) 1-100
2026-10-09 17:43:03,186 INFO o.a.j.t.JMeterThread: Thread started: Ticket intake (POST /tickets) 1-116
2026-10-09 17:43:06,220 INFO o.a.j.t.JMeterThread: Thread is done: Ticket intake (POST /tickets) 1-101
2026-10-09 17:43:06,221 INFO o.a.j.t.JMeterThread: Thread finished: Ticket intake (POST /tickets) 1-101
2026-10-09 17:43:08,403 INFO o.a.j.t.JMeterThread: Thread is done: Ticket intake (POST /tickets) 1-102
2026-10-09 17:43:08,404 INFO o.a.j.t.JMeterThread: Thread finished: Ticket intake (POST /tickets) 1-102
2026-10-09 17:43:10,606 INFO o.a.j.t.JMeterThread: Thread started: Ticket intake (POST /tickets) 1-117
2026-10-09 17:43:11,670 INFO o.a.j.t.JMeterThread: Thread is done: Ticket intake (POST /tickets) 1-103
2026-10-09 17:43:11,671 INFO o.a.j.t.JMeterThread: Thread finished: Ticket intake (POST /tickets) 1-103
2026-10-09 17:43:12,593 INFO o.a.j.t.JMeterThread: Thread is done: Ticket intake (POST /tickets) 1-104
2026-10-09 17:43:12,593 INFO o.a.j.t.JMeterThread: Thread finished: Ticket intake (POST /tickets) 1-104
2026-10-09 17:43:16,792 INFO o.a.j.t.JMeterThread: Thread is done: Ticket intake (POST /tickets) 1-105
2026-10-09 17:43:16,792 INFO o.a.j.t.JMeterThread: Thread finished: Ticket intake (POST /tickets) 1-105
2026-10-09 17:43:18,637 INFO o.a.j.t.JMeterThread: Thread started: Agent searches (GET /search) 2-33
2026-10-09 17:43:18,826 INFO o.a.j.t.JMeterThread: Thread is done: Agent searches (GET /search) 2-33
2026-10-09 17:43:18,826 INFO o.a.j.t.JMeterThread: Thread finished: Agent searches (GET /search) 2-33
2026-10-09 17:43:20,493 INFO o.a.j.t.JMeterThread: Thread is done: Ticket intake (POST /tickets) 1-106
2026-10-09 17:43:20,493 INFO o.a.j.t.JMeterThread: Thread finished: Ticket intake (POST /tickets) 1-106
2026-10-09 17:43:23,460 INFO o.a.j.t.JMeterThread: Thread started: Ticket intake (POST /tickets) 1-118
2026-10-09 17:43:23,953 INFO o.a.j.t.JMeterThread: Thread started: Agent searches (GET /search) 2-34
2026-10-09 17:43:24,140 INFO o.a.j.t.JMeterThread: Thread is done: Agent searches (GET /search) 2-34
2026-10-09 17:43:24,140 INFO o.a.j.t.JMeterThread: Thread finished: Agent searches (GET /search) 2-34
2026-10-09 17:43:24,890 INFO o.a.j.t.JMeterThread: Thread started: Agent searches (GET /search) 2-35
2026-10-09 17:43:24,961 INFO o.a.j.t.JMeterThread: Thread is done: Agent searches (GET /search) 2-35
2026-10-09 17:43:24,962 INFO o.a.j.t.JMeterThread: Thread finished: Agent searches (GET /search) 2-35
2026-10-09 17:43:26,214 INFO o.a.j.t.JMeterThread: Thread is done: Ticket intake (POST /tickets) 1-107
2026-10-09 17:43:26,214 INFO o.a.j.t.JMeterThread: Thread finished: Ticket intake (POST /tickets) 1-107
2026-10-09 17:43:28,206 INFO o.a.j.t.JMeterThread: Thread started: Ticket intake (POST /tickets) 1-119
2026-10-09 17:43:28,442 INFO o.a.j.t.JMeterThread: Thread started: Ticket intake (POST /tickets) 1-120
2026-10-09 17:43:29,862 INFO o.a.j.t.JMeterThread: Thread is done: Ticket intake (POST /tickets) 1-108
2026-10-09 17:43:29,863 INFO o.a.j.t.JMeterThread: Thread finished: Ticket intake (POST /tickets) 1-108
2026-10-09 17:43:31,662 INFO o.a.j.r.Summariser: summary +     13 in 00:00:31 =    0.4/s Avg: 30314 Min:    69 Max: 42376 Err:     0 (0.00%) Active: 12 Started: 155 Finished: 143
2026-10-09 17:43:31,663 INFO o.a.j.r.Summariser: summary =    144 in 00:05:25 =    0.4/s Avg: 15724 Min:    52 Max: 57442 Err:     0 (0.00%)
2026-10-09 17:43:31,663 INFO o.a.j.t.JMeterThread: Thread is done: Ticket intake (POST /tickets) 1-109
2026-10-09 17:43:31,663 INFO o.a.j.t.JMeterThread: Thread finished: Ticket intake (POST /tickets) 1-109
2026-10-09 17:43:32,531 INFO o.a.j.t.JMeterThread: Thread started: Ticket intake (POST /tickets) 1-121
2026-10-09 17:43:33,362 INFO o.a.j.t.JMeterThread: Thread started: Ticket intake (POST /tickets) 1-122
2026-10-09 17:43:33,394 INFO o.a.j.t.JMeterThread: Thread started: Agent searches (GET /search) 2-36
2026-10-09 17:43:33,487 INFO o.a.j.t.JMeterThread: Thread is done: Agent searches (GET /search) 2-36
2026-10-09 17:43:33,487 INFO o.a.j.t.JMeterThread: Thread finished: Agent searches (GET /search) 2-36
2026-10-09 17:43:34,428 INFO o.a.j.t.JMeterThread: Thread is done: Ticket intake (POST /tickets) 1-110
2026-10-09 17:43:34,429 INFO o.a.j.t.JMeterThread: Thread finished: Ticket intake (POST /tickets) 1-110
2026-10-09 17:43:36,146 INFO o.a.j.t.JMeterThread: Thread is done: Ticket intake (POST /tickets) 1-111
2026-10-09 17:43:36,147 INFO o.a.j.t.JMeterThread: Thread finished: Ticket intake (POST /tickets) 1-111
2026-10-09 17:43:37,745 INFO o.a.j.t.JMeterThread: Thread started: Agent searches (GET /search) 2-37
2026-10-09 17:43:37,810 INFO o.a.j.t.JMeterThread: Thread is done: Ticket intake (POST /tickets) 1-112
2026-10-09 17:43:37,811 INFO o.a.j.t.JMeterThread: Thread finished: Ticket intake (POST /tickets) 1-112
2026-10-09 17:43:37,878 INFO o.a.j.t.JMeterThread: Thread is done: Agent searches (GET /search) 2-37
2026-10-09 17:43:37,878 INFO o.a.j.t.JMeterThread: Thread finished: Agent searches (GET /search) 2-37
2026-10-09 17:43:39,321 INFO o.a.j.t.JMeterThread: Thread is done: Ticket intake (POST /tickets) 1-113
2026-10-09 17:43:39,321 INFO o.a.j.t.JMeterThread: Thread finished: Ticket intake (POST /tickets) 1-113
2026-10-09 17:43:39,462 INFO o.a.j.t.JMeterThread: Thread started: Agent searches (GET /search) 2-38
2026-10-09 17:43:39,615 INFO o.a.j.t.JMeterThread: Thread is done: Agent searches (GET /search) 2-38
2026-10-09 17:43:39,615 INFO o.a.j.t.JMeterThread: Thread finished: Agent searches (GET /search) 2-38
2026-10-09 17:43:39,676 INFO o.a.j.t.JMeterThread: Thread started: Agent searches (GET /search) 2-39
2026-10-09 17:43:39,721 INFO o.a.j.t.JMeterThread: Thread is done: Agent searches (GET /search) 2-39
2026-10-09 17:43:39,722 INFO o.a.j.t.JMeterThread: Thread finished: Agent searches (GET /search) 2-39
2026-10-09 17:43:39,952 INFO o.a.j.t.JMeterThread: Thread started: Ticket intake (POST /tickets) 1-123
2026-10-09 17:43:40,194 INFO o.a.j.t.JMeterThread: Thread started: Agent searches (GET /search) 2-40
2026-10-09 17:43:40,260 INFO o.a.j.t.JMeterThread: Thread is done: Agent searches (GET /search) 2-40
2026-10-09 17:43:40,261 INFO o.a.j.t.JMeterThread: Thread finished: Agent searches (GET /search) 2-40
2026-10-09 17:43:44,133 INFO o.a.j.t.JMeterThread: Thread is done: Ticket intake (POST /tickets) 1-114
2026-10-09 17:43:44,133 INFO o.a.j.t.JMeterThread: Thread finished: Ticket intake (POST /tickets) 1-114
2026-10-09 17:43:44,823 INFO o.a.j.t.JMeterThread: Thread started: Ticket intake (POST /tickets) 1-124
2026-10-09 17:43:45,331 INFO o.a.j.t.JMeterThread: Thread started: Ticket intake (POST /tickets) 1-125
2026-10-09 17:43:45,880 INFO o.a.j.t.JMeterThread: Thread is done: Ticket intake (POST /tickets) 1-115
2026-10-09 17:43:45,880 INFO o.a.j.t.JMeterThread: Thread finished: Ticket intake (POST /tickets) 1-115
2026-10-09 17:43:46,209 INFO o.a.j.t.JMeterThread: Thread started: Agent searches (GET /search) 2-41
2026-10-09 17:43:46,436 INFO o.a.j.t.JMeterThread: Thread is done: Agent searches (GET /search) 2-41
2026-10-09 17:43:46,436 INFO o.a.j.t.JMeterThread: Thread finished: Agent searches (GET /search) 2-41
2026-10-09 17:43:49,195 INFO o.a.j.t.JMeterThread: Thread started: Ticket intake (POST /tickets) 1-126
2026-10-09 17:43:49,787 INFO o.a.j.t.JMeterThread: Thread is done: Ticket intake (POST /tickets) 1-116
2026-10-09 17:43:49,788 INFO o.a.j.t.JMeterThread: Thread finished: Ticket intake (POST /tickets) 1-116
2026-10-09 17:43:49,803 INFO o.a.j.t.JMeterThread: Thread started: Ticket intake (POST /tickets) 1-127
2026-10-09 17:43:53,676 INFO o.a.j.t.JMeterThread: Thread started: Ticket intake (POST /tickets) 1-128
2026-10-09 17:43:53,861 INFO o.a.j.t.JMeterThread: Thread is done: Ticket intake (POST /tickets) 1-117
2026-10-09 17:43:53,861 INFO o.a.j.t.JMeterThread: Thread finished: Ticket intake (POST /tickets) 1-117
2026-10-09 17:43:54,048 INFO o.a.j.t.JMeterThread: Thread started: Ticket intake (POST /tickets) 1-129
2026-10-09 17:43:54,346 INFO o.a.j.t.JMeterThread: Thread started: Ticket intake (POST /tickets) 1-130
2026-10-09 17:43:55,705 INFO o.a.j.t.JMeterThread: Thread is done: Ticket intake (POST /tickets) 1-118
2026-10-09 17:43:55,705 INFO o.a.j.t.JMeterThread: Thread finished: Ticket intake (POST /tickets) 1-118
2026-10-09 17:43:57,671 INFO o.a.j.t.JMeterThread: Thread is done: Ticket intake (POST /tickets) 1-120
2026-10-09 17:43:57,671 INFO o.a.j.t.JMeterThread: Thread finished: Ticket intake (POST /tickets) 1-120
2026-10-09 17:43:58,972 INFO o.a.j.t.JMeterThread: Thread started: Ticket intake (POST /tickets) 1-131
2026-10-09 17:44:00,431 INFO o.a.j.r.Summariser: summary +     17 in 00:00:29 =    0.6/s Avg: 26520 Min:    43 Max: 46898 Err:     0 (0.00%) Active: 12 Started: 172 Finished: 160
2026-10-09 17:44:00,432 INFO o.a.j.r.Summariser: summary =    161 in 00:05:54 =    0.5/s Avg: 16864 Min:    43 Max: 57442 Err:     0 (0.00%)
2026-10-09 17:44:00,432 INFO o.a.j.t.JMeterThread: Thread is done: Ticket intake (POST /tickets) 1-119
2026-10-09 17:44:00,432 INFO o.a.j.t.JMeterThread: Thread finished: Ticket intake (POST /tickets) 1-119
2026-10-09 17:44:02,845 INFO o.a.j.t.JMeterThread: Thread is done: Ticket intake (POST /tickets) 1-121
2026-10-09 17:44:02,845 INFO o.a.j.t.JMeterThread: Thread finished: Ticket intake (POST /tickets) 1-121
2026-10-09 17:44:04,476 INFO o.a.j.t.JMeterThread: Thread started: Agent searches (GET /search) 2-42
2026-10-09 17:44:04,547 INFO o.a.j.t.JMeterThread: Thread is done: Agent searches (GET /search) 2-42
2026-10-09 17:44:04,548 INFO o.a.j.t.JMeterThread: Thread finished: Agent searches (GET /search) 2-42
2026-10-09 17:44:07,203 INFO o.a.j.t.JMeterThread: Thread started: Ticket intake (POST /tickets) 1-132
2026-10-09 17:44:07,250 INFO o.a.j.t.JMeterThread: Thread is done: Ticket intake (POST /tickets) 1-122
2026-10-09 17:44:07,251 INFO o.a.j.t.JMeterThread: Thread finished: Ticket intake (POST /tickets) 1-122
2026-10-09 17:44:09,119 INFO o.a.j.t.JMeterThread: Thread is done: Ticket intake (POST /tickets) 1-123
2026-10-09 17:44:09,119 INFO o.a.j.t.JMeterThread: Thread finished: Ticket intake (POST /tickets) 1-123
2026-10-09 17:44:09,976 INFO o.a.j.t.JMeterThread: Thread started: Ticket intake (POST /tickets) 1-133
2026-10-09 17:44:12,227 INFO o.a.j.t.JMeterThread: Thread is done: Ticket intake (POST /tickets) 1-124
2026-10-09 17:44:12,227 INFO o.a.j.t.JMeterThread: Thread finished: Ticket intake (POST /tickets) 1-124
2026-10-09 17:44:13,497 INFO o.a.j.t.JMeterThread: Thread is done: Ticket intake (POST /tickets) 1-125
2026-10-09 17:44:13,498 INFO o.a.j.t.JMeterThread: Thread finished: Ticket intake (POST /tickets) 1-125
2026-10-09 17:44:13,898 INFO o.a.j.t.JMeterThread: Thread started: Ticket intake (POST /tickets) 1-134
2026-10-09 17:44:15,383 INFO o.a.j.t.JMeterThread: Thread is done: Ticket intake (POST /tickets) 1-126
2026-10-09 17:44:15,384 INFO o.a.j.t.JMeterThread: Thread finished: Ticket intake (POST /tickets) 1-126
2026-10-09 17:44:17,414 INFO o.a.j.t.JMeterThread: Thread is done: Ticket intake (POST /tickets) 1-127
2026-10-09 17:44:17,414 INFO o.a.j.t.JMeterThread: Thread finished: Ticket intake (POST /tickets) 1-127
2026-10-09 17:44:18,444 INFO o.a.j.t.JMeterThread: Thread is done: Ticket intake (POST /tickets) 1-128
2026-10-09 17:44:18,444 INFO o.a.j.t.JMeterThread: Thread finished: Ticket intake (POST /tickets) 1-128
2026-10-09 17:44:19,067 INFO o.a.j.t.JMeterThread: Thread started: Ticket intake (POST /tickets) 1-135
2026-10-09 17:44:20,230 INFO o.a.j.t.JMeterThread: Thread is done: Ticket intake (POST /tickets) 1-129
2026-10-09 17:44:20,230 INFO o.a.j.t.JMeterThread: Thread finished: Ticket intake (POST /tickets) 1-129
2026-10-09 17:44:21,168 INFO o.a.j.t.JMeterThread: Thread started: Ticket intake (POST /tickets) 1-136
2026-10-09 17:44:21,319 INFO o.a.j.t.JMeterThread: Thread started: Ticket intake (POST /tickets) 1-137
2026-10-09 17:44:21,879 INFO o.a.j.t.JMeterThread: Thread is done: Ticket intake (POST /tickets) 1-130
2026-10-09 17:44:21,880 INFO o.a.j.t.JMeterThread: Thread finished: Ticket intake (POST /tickets) 1-130
2026-10-09 17:44:24,691 INFO o.a.j.t.JMeterThread: Thread started: Agent searches (GET /search) 2-43
2026-10-09 17:44:24,878 INFO o.a.j.t.JMeterThread: Thread is done: Agent searches (GET /search) 2-43
2026-10-09 17:44:24,878 INFO o.a.j.t.JMeterThread: Thread finished: Agent searches (GET /search) 2-43
2026-10-09 17:44:25,070 INFO o.a.j.t.JMeterThread: Thread is done: Ticket intake (POST /tickets) 1-131
2026-10-09 17:44:25,070 INFO o.a.j.t.JMeterThread: Thread finished: Ticket intake (POST /tickets) 1-131
2026-10-09 17:44:25,478 INFO o.a.j.t.JMeterThread: Thread started: Ticket intake (POST /tickets) 1-138
2026-10-09 17:44:27,645 INFO o.a.j.t.JMeterThread: Thread started: Agent searches (GET /search) 2-44
2026-10-09 17:44:27,709 INFO o.a.j.t.JMeterThread: Thread started: Agent searches (GET /search) 2-45
2026-10-09 17:44:27,874 INFO o.a.j.t.JMeterThread: Thread started: Ticket intake (POST /tickets) 1-139
2026-10-09 17:44:27,883 INFO o.a.j.t.JMeterThread: Thread is done: Agent searches (GET /search) 2-44
2026-10-09 17:44:27,883 INFO o.a.j.t.JMeterThread: Thread finished: Agent searches (GET /search) 2-44
2026-10-09 17:44:27,886 INFO o.a.j.t.JMeterThread: Thread is done: Agent searches (GET /search) 2-45
2026-10-09 17:44:27,886 INFO o.a.j.t.JMeterThread: Thread is done: Ticket intake (POST /tickets) 1-132
2026-10-09 17:44:27,886 INFO o.a.j.t.JMeterThread: Thread finished: Agent searches (GET /search) 2-45
2026-10-09 17:44:27,886 INFO o.a.j.t.JMeterThread: Thread finished: Ticket intake (POST /tickets) 1-132
2026-10-09 17:44:30,723 INFO o.a.j.r.Summariser: summary +     17 in 00:00:30 =    0.6/s Avg: 20550 Min:    67 Max: 33885 Err:     0 (0.00%) Active: 7 Started: 184 Finished: 177
2026-10-09 17:44:30,723 INFO o.a.j.r.Summariser: summary =    178 in 00:06:24 =    0.5/s Avg: 17216 Min:    43 Max: 57442 Err:     0 (0.00%)
2026-10-09 17:44:30,724 INFO o.a.j.t.JMeterThread: Thread is done: Ticket intake (POST /tickets) 1-133
2026-10-09 17:44:30,724 INFO o.a.j.t.JMeterThread: Thread finished: Ticket intake (POST /tickets) 1-133
2026-10-09 17:44:31,559 INFO o.a.j.t.JMeterThread: Thread started: Ticket intake (POST /tickets) 1-140
2026-10-09 17:44:31,668 INFO o.a.j.t.JMeterThread: Thread started: Ticket intake (POST /tickets) 1-141
2026-10-09 17:44:32,141 INFO o.a.j.t.JMeterThread: Thread started: Ticket intake (POST /tickets) 1-142
2026-10-09 17:44:33,161 INFO o.a.j.t.JMeterThread: Thread is done: Ticket intake (POST /tickets) 1-134
2026-10-09 17:44:33,161 INFO o.a.j.t.JMeterThread: Thread finished: Ticket intake (POST /tickets) 1-134
2026-10-09 17:44:35,467 INFO o.a.j.t.JMeterThread: Thread started: Ticket intake (POST /tickets) 1-143
2026-10-09 17:44:36,682 INFO o.a.j.t.JMeterThread: Thread is done: Ticket intake (POST /tickets) 1-135
2026-10-09 17:44:36,683 INFO o.a.j.t.JMeterThread: Thread finished: Ticket intake (POST /tickets) 1-135
2026-10-09 17:44:37,695 INFO o.a.j.t.JMeterThread: Thread started: Ticket intake (POST /tickets) 1-144
2026-10-09 17:44:37,889 INFO o.a.j.t.JMeterThread: Thread started: Ticket intake (POST /tickets) 1-145
2026-10-09 17:44:38,132 INFO o.a.j.t.JMeterThread: Thread started: Ticket intake (POST /tickets) 1-146
2026-10-09 17:44:39,573 INFO o.a.j.t.JMeterThread: Thread started: Ticket intake (POST /tickets) 1-147
2026-10-09 17:44:40,231 INFO o.a.j.t.JMeterThread: Thread is done: Ticket intake (POST /tickets) 1-136
2026-10-09 17:44:40,231 INFO o.a.j.t.JMeterThread: Thread finished: Ticket intake (POST /tickets) 1-136
2026-10-09 17:44:43,053 INFO o.a.j.t.JMeterThread: Thread is done: Ticket intake (POST /tickets) 1-137
2026-10-09 17:44:43,053 INFO o.a.j.t.JMeterThread: Thread finished: Ticket intake (POST /tickets) 1-137
2026-10-09 17:44:44,435 INFO o.a.j.t.JMeterThread: Thread is done: Ticket intake (POST /tickets) 1-138
2026-10-09 17:44:44,435 INFO o.a.j.t.JMeterThread: Thread finished: Ticket intake (POST /tickets) 1-138
2026-10-09 17:44:44,942 INFO o.a.j.t.JMeterThread: Thread started: Ticket intake (POST /tickets) 1-148
2026-10-09 17:44:47,518 INFO o.a.j.t.JMeterThread: Thread is done: Ticket intake (POST /tickets) 1-139
2026-10-09 17:44:47,518 INFO o.a.j.t.JMeterThread: Thread finished: Ticket intake (POST /tickets) 1-139
2026-10-09 17:44:47,824 INFO o.a.j.t.JMeterThread: Thread started: Ticket intake (POST /tickets) 1-149
2026-10-09 17:44:48,796 INFO o.a.j.t.JMeterThread: Thread started: Ticket intake (POST /tickets) 1-150
2026-10-09 17:44:49,883 INFO o.a.j.t.JMeterThread: Thread started: Agent searches (GET /search) 2-46
2026-10-09 17:44:49,965 INFO o.a.j.t.JMeterThread: Thread is done: Agent searches (GET /search) 2-46
2026-10-09 17:44:49,965 INFO o.a.j.t.JMeterThread: Thread finished: Agent searches (GET /search) 2-46
2026-10-09 17:44:50,539 INFO o.a.j.t.JMeterThread: Thread is done: Ticket intake (POST /tickets) 1-140
2026-10-09 17:44:50,539 INFO o.a.j.t.JMeterThread: Thread finished: Ticket intake (POST /tickets) 1-140
2026-10-09 17:44:53,067 INFO o.a.j.t.JMeterThread: Thread is done: Ticket intake (POST /tickets) 1-141
2026-10-09 17:44:53,067 INFO o.a.j.t.JMeterThread: Thread finished: Ticket intake (POST /tickets) 1-141
2026-10-09 17:44:54,320 INFO o.a.j.t.JMeterThread: Thread started: Agent searches (GET /search) 2-47
2026-10-09 17:44:54,534 INFO o.a.j.t.JMeterThread: Thread is done: Agent searches (GET /search) 2-47
2026-10-09 17:44:54,535 INFO o.a.j.t.JMeterThread: Thread finished: Agent searches (GET /search) 2-47
2026-10-09 17:44:56,348 INFO o.a.j.t.JMeterThread: Thread started: Ticket intake (POST /tickets) 1-151
2026-10-09 17:44:58,374 INFO o.a.j.t.JMeterThread: Thread is done: Ticket intake (POST /tickets) 1-142
2026-10-09 17:44:58,374 INFO o.a.j.t.JMeterThread: Thread finished: Ticket intake (POST /tickets) 1-142
2026-10-09 17:44:58,705 INFO o.a.j.t.JMeterThread: Thread started: Ticket intake (POST /tickets) 1-152
2026-10-09 17:44:58,919 INFO o.a.j.t.JMeterThread: Thread started: Ticket intake (POST /tickets) 1-153
2026-10-09 17:45:00,707 INFO o.a.j.r.Summariser: summary +     12 in 00:00:30 =    0.4/s Avg: 17365 Min:    78 Max: 26230 Err:     0 (0.00%) Active: 11 Started: 200 Finished: 189
2026-10-09 17:45:00,708 INFO o.a.j.r.Summariser: summary =    190 in 00:06:54 =    0.5/s Avg: 17225 Min:    43 Max: 57442 Err:     0 (0.00%)
2026-10-09 17:45:00,708 INFO o.a.j.t.JMeterThread: Thread is done: Ticket intake (POST /tickets) 1-143
2026-10-09 17:45:00,708 INFO o.a.j.t.JMeterThread: Thread finished: Ticket intake (POST /tickets) 1-143
2026-10-09 17:45:00,709 INFO o.a.j.t.JMeterThread: Thread started: Ticket intake (POST /tickets) 1-154
2026-10-09 17:45:01,313 INFO o.a.j.t.JMeterThread: Thread started: Ticket intake (POST /tickets) 1-155
2026-10-09 17:45:02,464 INFO o.a.j.t.JMeterThread: Thread started: Ticket intake (POST /tickets) 1-156
2026-10-09 17:45:02,472 INFO o.a.j.t.JMeterThread: Thread is done: Ticket intake (POST /tickets) 1-144
2026-10-09 17:45:02,472 INFO o.a.j.t.JMeterThread: Thread finished: Ticket intake (POST /tickets) 1-144
2026-10-09 17:45:05,030 INFO o.a.j.t.JMeterThread: Thread is done: Ticket intake (POST /tickets) 1-145
2026-10-09 17:45:05,030 INFO o.a.j.t.JMeterThread: Thread finished: Ticket intake (POST /tickets) 1-145
2026-10-09 17:45:06,160 INFO o.a.j.t.JMeterThread: Thread is done: Ticket intake (POST /tickets) 1-146
2026-10-09 17:45:06,160 INFO o.a.j.t.JMeterThread: Thread finished: Ticket intake (POST /tickets) 1-146
2026-10-09 17:45:06,950 INFO o.a.j.t.JMeterThread: Thread started: Ticket intake (POST /tickets) 1-157
2026-10-09 17:45:07,107 INFO o.a.j.t.JMeterThread: Thread started: Agent searches (GET /search) 2-48
2026-10-09 17:45:07,182 INFO o.a.j.t.JMeterThread: Thread is done: Agent searches (GET /search) 2-48
2026-10-09 17:45:07,182 INFO o.a.j.t.JMeterThread: Thread finished: Agent searches (GET /search) 2-48
2026-10-09 17:45:09,184 INFO o.a.j.t.JMeterThread: Thread started: Ticket intake (POST /tickets) 1-158
2026-10-09 17:45:09,359 INFO o.a.j.t.JMeterThread: Thread is done: Ticket intake (POST /tickets) 1-147
2026-10-09 17:45:09,359 INFO o.a.j.t.JMeterThread: Thread finished: Ticket intake (POST /tickets) 1-147
2026-10-09 17:45:10,525 INFO o.a.j.t.JMeterThread: Thread started: Ticket intake (POST /tickets) 1-159
2026-10-09 17:45:12,403 INFO o.a.j.t.JMeterThread: Thread is done: Ticket intake (POST /tickets) 1-148
2026-10-09 17:45:12,404 INFO o.a.j.t.JMeterThread: Thread finished: Ticket intake (POST /tickets) 1-148
2026-10-09 17:45:16,279 INFO o.a.j.t.JMeterThread: Thread is done: Ticket intake (POST /tickets) 1-149
2026-10-09 17:45:16,279 INFO o.a.j.t.JMeterThread: Thread finished: Ticket intake (POST /tickets) 1-149
2026-10-09 17:45:16,296 INFO o.a.j.t.JMeterThread: Thread started: Ticket intake (POST /tickets) 1-160
2026-10-09 17:45:19,240 INFO o.a.j.t.JMeterThread: Thread is done: Ticket intake (POST /tickets) 1-150
2026-10-09 17:45:19,241 INFO o.a.j.t.JMeterThread: Thread finished: Ticket intake (POST /tickets) 1-150
2026-10-09 17:45:20,594 INFO o.a.j.t.JMeterThread: Thread is done: Ticket intake (POST /tickets) 1-151
2026-10-09 17:45:20,594 INFO o.a.j.t.JMeterThread: Thread finished: Ticket intake (POST /tickets) 1-151
2026-10-09 17:45:20,668 INFO o.a.j.t.JMeterThread: Thread started: Ticket intake (POST /tickets) 1-161
2026-10-09 17:45:22,318 INFO o.a.j.t.JMeterThread: Thread is done: Ticket intake (POST /tickets) 1-152
2026-10-09 17:45:22,318 INFO o.a.j.t.JMeterThread: Thread finished: Ticket intake (POST /tickets) 1-152
2026-10-09 17:45:23,695 INFO o.a.j.t.JMeterThread: Thread started: Ticket intake (POST /tickets) 1-162
2026-10-09 17:45:24,039 INFO o.a.j.t.JMeterThread: Thread started: Ticket intake (POST /tickets) 1-163
2026-10-09 17:45:25,224 INFO o.a.j.t.JMeterThread: Thread is done: Ticket intake (POST /tickets) 1-153
2026-10-09 17:45:25,224 INFO o.a.j.t.JMeterThread: Thread finished: Ticket intake (POST /tickets) 1-153
2026-10-09 17:45:25,325 INFO o.a.j.t.JMeterThread: Thread started: Agent searches (GET /search) 2-49
2026-10-09 17:45:25,451 INFO o.a.j.t.JMeterThread: Thread is done: Agent searches (GET /search) 2-49
2026-10-09 17:45:25,451 INFO o.a.j.t.JMeterThread: Thread finished: Agent searches (GET /search) 2-49
2026-10-09 17:45:26,176 INFO o.a.j.t.JMeterThread: Thread started: Ticket intake (POST /tickets) 1-164
2026-10-09 17:45:26,959 INFO o.a.j.t.JMeterThread: Thread started: Ticket intake (POST /tickets) 1-165
2026-10-09 17:45:27,307 INFO o.a.j.t.JMeterThread: Thread started: Ticket intake (POST /tickets) 1-166
2026-10-09 17:45:27,328 INFO o.a.j.t.JMeterThread: Thread is done: Ticket intake (POST /tickets) 1-154
2026-10-09 17:45:27,328 INFO o.a.j.t.JMeterThread: Thread finished: Ticket intake (POST /tickets) 1-154
2026-10-09 17:45:28,275 INFO o.a.j.t.JMeterThread: Thread is done: Ticket intake (POST /tickets) 1-155
2026-10-09 17:45:28,276 INFO o.a.j.t.JMeterThread: Thread finished: Ticket intake (POST /tickets) 1-155
2026-10-09 17:45:29,640 INFO o.a.j.t.JMeterThread: Thread is done: Ticket intake (POST /tickets) 1-156
2026-10-09 17:45:29,640 INFO o.a.j.t.JMeterThread: Thread finished: Ticket intake (POST /tickets) 1-156
2026-10-09 17:45:32,093 INFO o.a.j.r.Summariser: summary +     16 in 00:00:31 =    0.5/s Avg: 23519 Min:    73 Max: 30441 Err:     0 (0.00%) Active: 10 Started: 215 Finished: 205
2026-10-09 17:45:32,093 INFO o.a.j.r.Summariser: summary =    206 in 00:07:25 =    0.5/s Avg: 17714 Min:    43 Max: 57442 Err:     0 (0.00%)
2026-10-09 17:45:32,094 INFO o.a.j.t.JMeterThread: Thread is done: Ticket intake (POST /tickets) 1-157
2026-10-09 17:45:32,094 INFO o.a.j.t.JMeterThread: Thread finished: Ticket intake (POST /tickets) 1-157
2026-10-09 17:45:33,149 INFO o.a.j.t.JMeterThread: Thread started: Ticket intake (POST /tickets) 1-167
2026-10-09 17:45:33,591 INFO o.a.j.t.JMeterThread: Thread is done: Ticket intake (POST /tickets) 1-158
2026-10-09 17:45:33,591 INFO o.a.j.t.JMeterThread: Thread finished: Ticket intake (POST /tickets) 1-158
2026-10-09 17:45:34,385 INFO o.a.j.t.JMeterThread: Thread started: Ticket intake (POST /tickets) 1-168
2026-10-09 17:45:34,624 INFO o.a.j.t.JMeterThread: Thread is done: Ticket intake (POST /tickets) 1-159
2026-10-09 17:45:34,624 INFO o.a.j.t.JMeterThread: Thread finished: Ticket intake (POST /tickets) 1-159
2026-10-09 17:45:35,957 INFO o.a.j.t.JMeterThread: Thread started: Ticket intake (POST /tickets) 1-169
2026-10-09 17:45:36,008 INFO o.a.j.t.JMeterThread: Thread started: Ticket intake (POST /tickets) 1-170
2026-10-09 17:45:36,262 INFO o.a.j.t.JMeterThread: Thread is done: Ticket intake (POST /tickets) 1-160
2026-10-09 17:45:36,262 INFO o.a.j.t.JMeterThread: Thread finished: Ticket intake (POST /tickets) 1-160
2026-10-09 17:45:38,438 INFO o.a.j.t.JMeterThread: Thread started: Ticket intake (POST /tickets) 1-171
2026-10-09 17:45:40,311 INFO o.a.j.t.JMeterThread: Thread started: Ticket intake (POST /tickets) 1-172
2026-10-09 17:45:41,133 INFO o.a.j.t.JMeterThread: Thread is done: Ticket intake (POST /tickets) 1-161
2026-10-09 17:45:41,133 INFO o.a.j.t.JMeterThread: Thread finished: Ticket intake (POST /tickets) 1-161
2026-10-09 17:45:41,778 INFO o.a.j.t.JMeterThread: Thread started: Ticket intake (POST /tickets) 1-173
2026-10-09 17:45:42,713 INFO o.a.j.t.JMeterThread: Thread started: Ticket intake (POST /tickets) 1-174
2026-10-09 17:45:44,533 INFO o.a.j.t.JMeterThread: Thread is done: Ticket intake (POST /tickets) 1-162
2026-10-09 17:45:44,533 INFO o.a.j.t.JMeterThread: Thread finished: Ticket intake (POST /tickets) 1-162
2026-10-09 17:45:45,887 INFO o.a.j.t.JMeterThread: Thread is done: Ticket intake (POST /tickets) 1-163
2026-10-09 17:45:45,888 INFO o.a.j.t.JMeterThread: Thread finished: Ticket intake (POST /tickets) 1-163
2026-10-09 17:45:47,828 INFO o.a.j.t.JMeterThread: Thread started: Agent searches (GET /search) 2-50
2026-10-09 17:45:47,997 INFO o.a.j.t.JMeterThread: Thread is done: Agent searches (GET /search) 2-50
2026-10-09 17:45:47,997 INFO o.a.j.t.JMeterThread: Thread finished: Agent searches (GET /search) 2-50
2026-10-09 17:45:48,017 INFO o.a.j.t.JMeterThread: Thread is done: Ticket intake (POST /tickets) 1-164
2026-10-09 17:45:48,017 INFO o.a.j.t.JMeterThread: Thread finished: Ticket intake (POST /tickets) 1-164
2026-10-09 17:45:50,511 INFO o.a.j.t.JMeterThread: Thread is done: Ticket intake (POST /tickets) 1-165
2026-10-09 17:45:50,511 INFO o.a.j.t.JMeterThread: Thread finished: Ticket intake (POST /tickets) 1-165
2026-10-09 17:45:52,324 INFO o.a.j.t.JMeterThread: Thread started: Ticket intake (POST /tickets) 1-175
2026-10-09 17:45:53,170 INFO o.a.j.t.JMeterThread: Thread is done: Ticket intake (POST /tickets) 1-166
2026-10-09 17:45:53,170 INFO o.a.j.t.JMeterThread: Thread finished: Ticket intake (POST /tickets) 1-166
2026-10-09 17:45:53,321 INFO o.a.j.t.JMeterThread: Thread started: Agent searches (GET /search) 2-51
2026-10-09 17:45:53,411 INFO o.a.j.t.JMeterThread: Thread is done: Agent searches (GET /search) 2-51
2026-10-09 17:45:53,411 INFO o.a.j.t.JMeterThread: Thread finished: Agent searches (GET /search) 2-51
2026-10-09 17:45:53,448 INFO o.a.j.t.JMeterThread: Thread started: Agent searches (GET /search) 2-52
2026-10-09 17:45:53,512 INFO o.a.j.t.JMeterThread: Thread is done: Agent searches (GET /search) 2-52
2026-10-09 17:45:53,512 INFO o.a.j.t.JMeterThread: Thread finished: Agent searches (GET /search) 2-52
2026-10-09 17:45:56,436 INFO o.a.j.t.JMeterThread: Thread is done: Ticket intake (POST /tickets) 1-167
2026-10-09 17:45:56,437 INFO o.a.j.t.JMeterThread: Thread finished: Ticket intake (POST /tickets) 1-167
2026-10-09 17:45:56,675 INFO o.a.j.t.JMeterThread: Thread started: Ticket intake (POST /tickets) 1-176
2026-10-09 17:45:57,271 INFO o.a.j.t.JMeterThread: Thread started: Ticket intake (POST /tickets) 1-177
2026-10-09 17:45:58,492 INFO o.a.j.t.JMeterThread: Thread started: Ticket intake (POST /tickets) 1-178
2026-10-09 17:45:59,212 INFO o.a.j.t.JMeterThread: Thread is done: Ticket intake (POST /tickets) 1-168
2026-10-09 17:45:59,212 INFO o.a.j.t.JMeterThread: Thread finished: Ticket intake (POST /tickets) 1-168
2026-10-09 17:45:59,356 INFO o.a.j.t.JMeterThread: Thread started: Ticket intake (POST /tickets) 1-179
2026-10-09 17:46:00,431 INFO o.a.j.r.Summariser: summary +     15 in 00:00:28 =    0.5/s Avg: 18383 Min:    63 Max: 25860 Err:     0 (0.00%) Active: 11 Started: 231 Finished: 220
2026-10-09 17:46:00,432 INFO o.a.j.r.Summariser: summary =    221 in 00:07:54 =    0.5/s Avg: 17760 Min:    43 Max: 57442 Err:     0 (0.00%)
2026-10-09 17:46:00,432 INFO o.a.j.t.JMeterThread: Thread is done: Ticket intake (POST /tickets) 1-169
2026-10-09 17:46:00,432 INFO o.a.j.t.JMeterThread: Thread finished: Ticket intake (POST /tickets) 1-169
2026-10-09 17:46:01,768 INFO o.a.j.t.JMeterThread: Thread started: Ticket intake (POST /tickets) 1-180
2026-10-09 17:46:01,843 INFO o.a.j.t.JMeterThread: Thread is done: Ticket intake (POST /tickets) 1-170
2026-10-09 17:46:01,843 INFO o.a.j.t.JMeterThread: Thread finished: Ticket intake (POST /tickets) 1-170
2026-10-09 17:46:02,209 INFO o.a.j.t.JMeterThread: Thread started: Ticket intake (POST /tickets) 1-181
2026-10-09 17:46:03,048 INFO o.a.j.t.JMeterThread: Thread started: Agent searches (GET /search) 2-53
2026-10-09 17:46:03,210 INFO o.a.j.t.JMeterThread: Thread is done: Agent searches (GET /search) 2-53
2026-10-09 17:46:03,210 INFO o.a.j.t.JMeterThread: Thread finished: Agent searches (GET /search) 2-53
2026-10-09 17:46:04,011 INFO o.a.j.t.JMeterThread: Thread is done: Ticket intake (POST /tickets) 1-171
2026-10-09 17:46:04,011 INFO o.a.j.t.JMeterThread: Thread finished: Ticket intake (POST /tickets) 1-171
2026-10-09 17:46:04,121 INFO o.a.j.t.JMeterThread: Thread started: Ticket intake (POST /tickets) 1-182
2026-10-09 17:46:04,734 INFO o.a.j.t.JMeterThread: Thread started: Agent searches (GET /search) 2-54
2026-10-09 17:46:04,858 INFO o.a.j.t.JMeterThread: Thread is done: Agent searches (GET /search) 2-54
2026-10-09 17:46:04,858 INFO o.a.j.t.JMeterThread: Thread finished: Agent searches (GET /search) 2-54
2026-10-09 17:46:06,654 INFO o.a.j.t.JMeterThread: Thread is done: Ticket intake (POST /tickets) 1-172
2026-10-09 17:46:06,654 INFO o.a.j.t.JMeterThread: Thread finished: Ticket intake (POST /tickets) 1-172
2026-10-09 17:46:08,942 INFO o.a.j.t.JMeterThread: Thread is done: Ticket intake (POST /tickets) 1-173
2026-10-09 17:46:08,942 INFO o.a.j.t.JMeterThread: Thread finished: Ticket intake (POST /tickets) 1-173
2026-10-09 17:46:11,234 INFO o.a.j.t.JMeterThread: Thread is done: Ticket intake (POST /tickets) 1-174
2026-10-09 17:46:11,234 INFO o.a.j.t.JMeterThread: Thread finished: Ticket intake (POST /tickets) 1-174
2026-10-09 17:46:13,004 INFO o.a.j.t.JMeterThread: Thread is done: Ticket intake (POST /tickets) 1-175
2026-10-09 17:46:13,004 INFO o.a.j.t.JMeterThread: Thread finished: Ticket intake (POST /tickets) 1-175
2026-10-09 17:46:14,774 INFO o.a.j.t.JMeterThread: Thread started: Ticket intake (POST /tickets) 1-183
2026-10-09 17:46:15,180 INFO o.a.j.t.JMeterThread: Thread started: Agent searches (GET /search) 2-55
2026-10-09 17:46:15,305 INFO o.a.j.t.JMeterThread: Thread is done: Agent searches (GET /search) 2-55
2026-10-09 17:46:15,305 INFO o.a.j.t.JMeterThread: Thread finished: Agent searches (GET /search) 2-55
2026-10-09 17:46:15,423 INFO o.a.j.t.JMeterThread: Thread started: Ticket intake (POST /tickets) 1-184
2026-10-09 17:46:15,609 INFO o.a.j.t.JMeterThread: Thread is done: Ticket intake (POST /tickets) 1-176
2026-10-09 17:46:15,609 INFO o.a.j.t.JMeterThread: Thread finished: Ticket intake (POST /tickets) 1-176
2026-10-09 17:46:16,703 INFO o.a.j.t.JMeterThread: Thread started: Ticket intake (POST /tickets) 1-185
2026-10-09 17:46:17,387 INFO o.a.j.t.JMeterThread: Thread is done: Ticket intake (POST /tickets) 1-177
2026-10-09 17:46:17,387 INFO o.a.j.t.JMeterThread: Thread finished: Ticket intake (POST /tickets) 1-177
2026-10-09 17:46:20,604 INFO o.a.j.t.JMeterThread: Thread is done: Ticket intake (POST /tickets) 1-178
2026-10-09 17:46:20,604 INFO o.a.j.t.JMeterThread: Thread finished: Ticket intake (POST /tickets) 1-178
2026-10-09 17:46:20,857 INFO o.a.j.t.JMeterThread: Thread started: Ticket intake (POST /tickets) 1-186
2026-10-09 17:46:21,418 INFO o.a.j.t.JMeterThread: Thread started: Ticket intake (POST /tickets) 1-187
2026-10-09 17:46:21,660 INFO o.a.j.t.JMeterThread: Thread started: Ticket intake (POST /tickets) 1-188
2026-10-09 17:46:22,484 INFO o.a.j.t.JMeterThread: Thread started: Ticket intake (POST /tickets) 1-189
2026-10-09 17:46:23,659 INFO o.a.j.t.JMeterThread: Thread is done: Ticket intake (POST /tickets) 1-179
2026-10-09 17:46:23,659 INFO o.a.j.t.JMeterThread: Thread finished: Ticket intake (POST /tickets) 1-179
2026-10-09 17:46:25,741 INFO o.a.j.t.JMeterThread: Thread started: Ticket intake (POST /tickets) 1-190
2026-10-09 17:46:25,962 INFO o.a.j.t.JMeterThread: Thread started: Agent searches (GET /search) 2-56
2026-10-09 17:46:26,048 INFO o.a.j.t.JMeterThread: Thread is done: Agent searches (GET /search) 2-56
2026-10-09 17:46:26,048 INFO o.a.j.t.JMeterThread: Thread finished: Agent searches (GET /search) 2-56
2026-10-09 17:46:26,413 INFO o.a.j.t.JMeterThread: Thread started: Ticket intake (POST /tickets) 1-191
2026-10-09 17:46:26,463 INFO o.a.j.t.JMeterThread: Thread started: Ticket intake (POST /tickets) 1-192
2026-10-09 17:46:27,974 INFO o.a.j.t.JMeterThread: Thread is done: Ticket intake (POST /tickets) 1-180
2026-10-09 17:46:27,975 INFO o.a.j.t.JMeterThread: Thread finished: Ticket intake (POST /tickets) 1-180
2026-10-09 17:46:28,876 INFO o.a.j.t.JMeterThread: Thread started: Agent searches (GET /search) 2-57
2026-10-09 17:46:29,020 INFO o.a.j.t.JMeterThread: Thread is done: Agent searches (GET /search) 2-57
2026-10-09 17:46:29,020 INFO o.a.j.t.JMeterThread: Thread finished: Agent searches (GET /search) 2-57
2026-10-09 17:46:29,079 INFO o.a.j.t.JMeterThread: Thread started: Ticket intake (POST /tickets) 1-193
2026-10-09 17:46:29,965 INFO o.a.j.t.JMeterThread: Thread is done: Ticket intake (POST /tickets) 1-181
2026-10-09 17:46:29,966 INFO o.a.j.t.JMeterThread: Thread finished: Ticket intake (POST /tickets) 1-181
2026-10-09 17:46:31,410 INFO o.a.j.t.JMeterThread: Thread started: Ticket intake (POST /tickets) 1-194
2026-10-09 17:46:31,840 INFO o.a.j.t.JMeterThread: Thread started: Ticket intake (POST /tickets) 1-195
2026-10-09 17:46:32,562 INFO o.a.j.r.Summariser: summary +     18 in 00:00:32 =    0.6/s Avg: 17920 Min:    84 Max: 28518 Err:     0 (0.00%) Active: 14 Started: 252 Finished: 238
2026-10-09 17:46:32,563 INFO o.a.j.r.Summariser: summary =    239 in 00:08:26 =    0.5/s Avg: 17772 Min:    43 Max: 57442 Err:     0 (0.00%)
2026-10-09 17:46:32,563 INFO o.a.j.t.JMeterThread: Thread is done: Ticket intake (POST /tickets) 1-182
2026-10-09 17:46:32,563 INFO o.a.j.t.JMeterThread: Thread finished: Ticket intake (POST /tickets) 1-182
2026-10-09 17:46:34,945 INFO o.a.j.t.JMeterThread: Thread is done: Ticket intake (POST /tickets) 1-183
2026-10-09 17:46:34,946 INFO o.a.j.t.JMeterThread: Thread finished: Ticket intake (POST /tickets) 1-183
2026-10-09 17:46:35,455 INFO o.a.j.t.JMeterThread: Thread started: Ticket intake (POST /tickets) 1-196
2026-10-09 17:46:35,656 INFO o.a.j.t.JMeterThread: Thread started: Ticket intake (POST /tickets) 1-197
2026-10-09 17:46:36,378 INFO o.a.j.t.JMeterThread: Thread started: Ticket intake (POST /tickets) 1-198
2026-10-09 17:46:36,553 INFO o.a.j.t.JMeterThread: Thread is done: Ticket intake (POST /tickets) 1-184
2026-10-09 17:46:36,553 INFO o.a.j.t.JMeterThread: Thread finished: Ticket intake (POST /tickets) 1-184
2026-10-09 17:46:39,091 INFO o.a.j.t.JMeterThread: Thread is done: Ticket intake (POST /tickets) 1-185
2026-10-09 17:46:39,091 INFO o.a.j.t.JMeterThread: Thread finished: Ticket intake (POST /tickets) 1-185
2026-10-09 17:46:39,510 INFO o.a.j.t.JMeterThread: Thread started: Agent searches (GET /search) 2-58
2026-10-09 17:46:39,744 INFO o.a.j.t.JMeterThread: Thread is done: Agent searches (GET /search) 2-58
2026-10-09 17:46:39,745 INFO o.a.j.t.JMeterThread: Thread finished: Agent searches (GET /search) 2-58
2026-10-09 17:46:40,158 INFO o.a.j.t.JMeterThread: Thread is done: Ticket intake (POST /tickets) 1-186
2026-10-09 17:46:40,158 INFO o.a.j.t.JMeterThread: Thread finished: Ticket intake (POST /tickets) 1-186
2026-10-09 17:46:41,969 INFO o.a.j.t.JMeterThread: Thread started: Ticket intake (POST /tickets) 1-199
2026-10-09 17:46:43,629 INFO o.a.j.t.JMeterThread: Thread started: Ticket intake (POST /tickets) 1-200
2026-10-09 17:46:44,155 INFO o.a.j.t.JMeterThread: Thread is done: Ticket intake (POST /tickets) 1-187
2026-10-09 17:46:44,155 INFO o.a.j.t.JMeterThread: Thread finished: Ticket intake (POST /tickets) 1-187
2026-10-09 17:46:45,247 INFO o.a.j.t.JMeterThread: Thread started: Ticket intake (POST /tickets) 1-201
2026-10-09 17:46:46,996 INFO o.a.j.t.JMeterThread: Thread started: Agent searches (GET /search) 2-59
2026-10-09 17:46:47,049 INFO o.a.j.t.JMeterThread: Thread is done: Agent searches (GET /search) 2-59
2026-10-09 17:46:47,049 INFO o.a.j.t.JMeterThread: Thread finished: Agent searches (GET /search) 2-59
2026-10-09 17:46:47,817 INFO o.a.j.t.JMeterThread: Thread started: Agent searches (GET /search) 2-60
2026-10-09 17:46:47,873 INFO o.a.j.t.JMeterThread: Thread is done: Agent searches (GET /search) 2-60
2026-10-09 17:46:47,873 INFO o.a.j.t.JMeterThread: Thread finished: Agent searches (GET /search) 2-60
2026-10-09 17:46:49,090 INFO o.a.j.t.JMeterThread: Thread is done: Ticket intake (POST /tickets) 1-188
2026-10-09 17:46:49,091 INFO o.a.j.t.JMeterThread: Thread finished: Ticket intake (POST /tickets) 1-188
2026-10-09 17:46:49,274 INFO o.a.j.t.JMeterThread: Thread started: Ticket intake (POST /tickets) 1-202
2026-10-09 17:46:50,493 INFO o.a.j.t.JMeterThread: Thread started: Ticket intake (POST /tickets) 1-203
2026-10-09 17:46:50,882 INFO o.a.j.t.JMeterThread: Thread started: Ticket intake (POST /tickets) 1-204
2026-10-09 17:46:51,206 INFO o.a.j.t.JMeterThread: Thread started: Ticket intake (POST /tickets) 1-205
2026-10-09 17:46:51,524 INFO o.a.j.t.JMeterThread: Thread is done: Ticket intake (POST /tickets) 1-189
2026-10-09 17:46:51,525 INFO o.a.j.t.JMeterThread: Thread finished: Ticket intake (POST /tickets) 1-189
2026-10-09 17:46:52,471 INFO o.a.j.t.JMeterThread: Thread is done: Ticket intake (POST /tickets) 1-190
2026-10-09 17:46:52,471 INFO o.a.j.t.JMeterThread: Thread finished: Ticket intake (POST /tickets) 1-190
2026-10-09 17:46:53,212 INFO o.a.j.t.JMeterThread: Thread started: Ticket intake (POST /tickets) 1-206
2026-10-09 17:46:54,289 INFO o.a.j.t.JMeterThread: Thread is done: Ticket intake (POST /tickets) 1-191
2026-10-09 17:46:54,289 INFO o.a.j.t.JMeterThread: Thread finished: Ticket intake (POST /tickets) 1-191
2026-10-09 17:46:55,443 INFO o.a.j.t.JMeterThread: Thread is done: Ticket intake (POST /tickets) 1-192
2026-10-09 17:46:55,444 INFO o.a.j.t.JMeterThread: Thread finished: Ticket intake (POST /tickets) 1-192
2026-10-09 17:46:56,684 INFO o.a.j.t.JMeterThread: Thread started: Ticket intake (POST /tickets) 1-207
2026-10-09 17:46:56,703 INFO o.a.j.t.JMeterThread: Thread is done: Ticket intake (POST /tickets) 1-193
2026-10-09 17:46:56,703 INFO o.a.j.t.JMeterThread: Thread finished: Ticket intake (POST /tickets) 1-193
2026-10-09 17:46:58,390 INFO o.a.j.t.JMeterThread: Thread is done: Ticket intake (POST /tickets) 1-194
2026-10-09 17:46:58,390 INFO o.a.j.t.JMeterThread: Thread finished: Ticket intake (POST /tickets) 1-194
2026-10-09 17:46:59,658 INFO o.a.j.t.JMeterThread: Thread started: Agent searches (GET /search) 2-61
2026-10-09 17:46:59,810 INFO o.a.j.t.JMeterThread: Thread is done: Agent searches (GET /search) 2-61
2026-10-09 17:46:59,810 INFO o.a.j.t.JMeterThread: Thread finished: Agent searches (GET /search) 2-61
2026-10-09 17:47:02,951 INFO o.a.j.r.Summariser: summary +     17 in 00:00:30 =    0.6/s Avg: 19526 Min:    50 Max: 31107 Err:     0 (0.00%) Active: 13 Started: 268 Finished: 255
2026-10-09 17:47:02,952 INFO o.a.j.r.Summariser: summary =    256 in 00:08:56 =    0.5/s Avg: 17888 Min:    43 Max: 57442 Err:     0 (0.00%)
2026-10-09 17:47:02,952 INFO o.a.j.t.JMeterThread: Thread is done: Ticket intake (POST /tickets) 1-195
2026-10-09 17:47:02,952 INFO o.a.j.t.JMeterThread: Thread finished: Ticket intake (POST /tickets) 1-195
2026-10-09 17:47:04,894 INFO o.a.j.t.JMeterThread: Thread is done: Ticket intake (POST /tickets) 1-196
2026-10-09 17:47:04,894 INFO o.a.j.t.JMeterThread: Thread finished: Ticket intake (POST /tickets) 1-196
2026-10-09 17:47:07,505 INFO o.a.j.t.JMeterThread: Thread started: Ticket intake (POST /tickets) 1-208
2026-10-09 17:47:08,382 INFO o.a.j.t.JMeterThread: Thread started: Agent searches (GET /search) 2-62
2026-10-09 17:47:08,411 INFO o.a.j.t.JMeterThread: Thread started: Ticket intake (POST /tickets) 1-209
2026-10-09 17:47:08,449 INFO o.a.j.t.JMeterThread: Thread is done: Agent searches (GET /search) 2-62
2026-10-09 17:47:08,449 INFO o.a.j.t.JMeterThread: Thread finished: Agent searches (GET /search) 2-62
2026-10-09 17:47:08,795 INFO o.a.j.t.JMeterThread: Thread started: Ticket intake (POST /tickets) 1-210
2026-10-09 17:47:09,197 INFO o.a.j.t.JMeterThread: Thread is done: Ticket intake (POST /tickets) 1-197
2026-10-09 17:47:09,197 INFO o.a.j.t.JMeterThread: Thread finished: Ticket intake (POST /tickets) 1-197
2026-10-09 17:47:10,603 INFO o.a.j.t.JMeterThread: Thread started: Ticket intake (POST /tickets) 1-211
2026-10-09 17:47:12,028 INFO o.a.j.t.JMeterThread: Thread is done: Ticket intake (POST /tickets) 1-198
2026-10-09 17:47:12,028 INFO o.a.j.t.JMeterThread: Thread finished: Ticket intake (POST /tickets) 1-198
2026-10-09 17:47:12,143 INFO o.a.j.t.JMeterThread: Thread started: Ticket intake (POST /tickets) 1-212
2026-10-09 17:47:12,309 INFO o.a.j.t.JMeterThread: Thread started: Ticket intake (POST /tickets) 1-213
2026-10-09 17:47:15,161 INFO o.a.j.t.JMeterThread: Thread is done: Ticket intake (POST /tickets) 1-199
2026-10-09 17:47:15,161 INFO o.a.j.t.JMeterThread: Thread finished: Ticket intake (POST /tickets) 1-199
2026-10-09 17:47:16,618 INFO o.a.j.t.JMeterThread: Thread is done: Ticket intake (POST /tickets) 1-200
2026-10-09 17:47:16,619 INFO o.a.j.t.JMeterThread: Thread finished: Ticket intake (POST /tickets) 1-200
2026-10-09 17:47:18,394 INFO o.a.j.t.JMeterThread: Thread is done: Ticket intake (POST /tickets) 1-201
2026-10-09 17:47:18,394 INFO o.a.j.t.JMeterThread: Thread finished: Ticket intake (POST /tickets) 1-201
2026-10-09 17:47:19,975 INFO o.a.j.t.JMeterThread: Thread started: Agent searches (GET /search) 2-63
2026-10-09 17:47:20,132 INFO o.a.j.t.JMeterThread: Thread is done: Agent searches (GET /search) 2-63
2026-10-09 17:47:20,133 INFO o.a.j.t.JMeterThread: Thread finished: Agent searches (GET /search) 2-63
2026-10-09 17:47:20,568 INFO o.a.j.t.JMeterThread: Thread started: Ticket intake (POST /tickets) 1-214
2026-10-09 17:47:22,555 INFO o.a.j.t.JMeterThread: Thread is done: Ticket intake (POST /tickets) 1-202
2026-10-09 17:47:22,556 INFO o.a.j.t.JMeterThread: Thread finished: Ticket intake (POST /tickets) 1-202
2026-10-09 17:47:24,192 INFO o.a.j.t.JMeterThread: Thread is done: Ticket intake (POST /tickets) 1-203
2026-10-09 17:47:24,192 INFO o.a.j.t.JMeterThread: Thread finished: Ticket intake (POST /tickets) 1-203
2026-10-09 17:47:27,099 INFO o.a.j.t.JMeterThread: Thread is done: Ticket intake (POST /tickets) 1-204
2026-10-09 17:47:27,099 INFO o.a.j.t.JMeterThread: Thread finished: Ticket intake (POST /tickets) 1-204
2026-10-09 17:47:28,436 INFO o.a.j.t.JMeterThread: Thread started: Agent searches (GET /search) 2-64
2026-10-09 17:47:28,549 INFO o.a.j.t.JMeterThread: Thread is done: Agent searches (GET /search) 2-64
2026-10-09 17:47:28,549 INFO o.a.j.t.JMeterThread: Thread finished: Agent searches (GET /search) 2-64
2026-10-09 17:47:28,745 INFO o.a.j.t.JMeterThread: Thread started: Ticket intake (POST /tickets) 1-215
2026-10-09 17:47:29,615 INFO o.a.j.t.JMeterThread: Thread started: Agent searches (GET /search) 2-65
2026-10-09 17:47:29,747 INFO o.a.j.t.JMeterThread: Thread started: Ticket intake (POST /tickets) 1-216
2026-10-09 17:47:29,815 INFO o.a.j.t.JMeterThread: Thread is done: Agent searches (GET /search) 2-65
2026-10-09 17:47:29,815 INFO o.a.j.t.JMeterThread: Thread finished: Agent searches (GET /search) 2-65
2026-10-09 17:47:30,318 INFO o.a.j.r.Summariser: summary +     14 in 00:00:27 =    0.5/s Avg: 24340 Min:    65 Max: 39108 Err:     0 (0.00%) Active: 12 Started: 281 Finished: 269
2026-10-09 17:47:30,318 INFO o.a.j.r.Summariser: summary =    270 in 00:09:23 =    0.5/s Avg: 18223 Min:    43 Max: 57442 Err:     0 (0.00%)
2026-10-09 17:47:30,319 INFO o.a.j.t.JMeterThread: Thread is done: Ticket intake (POST /tickets) 1-205
2026-10-09 17:47:30,319 INFO o.a.j.t.JMeterThread: Thread finished: Ticket intake (POST /tickets) 1-205
2026-10-09 17:47:31,116 INFO o.a.j.t.JMeterThread: Thread started: Ticket intake (POST /tickets) 1-217
2026-10-09 17:47:31,428 INFO o.a.j.t.JMeterThread: Thread started: Ticket intake (POST /tickets) 1-218
2026-10-09 17:47:32,907 INFO o.a.j.t.JMeterThread: Thread started: Agent searches (GET /search) 2-66
2026-10-09 17:47:32,919 INFO o.a.j.t.JMeterThread: Thread is done: Ticket intake (POST /tickets) 1-206
2026-10-09 17:47:32,919 INFO o.a.j.t.JMeterThread: Thread finished: Ticket intake (POST /tickets) 1-206
2026-10-09 17:47:33,117 INFO o.a.j.t.JMeterThread: Thread is done: Agent searches (GET /search) 2-66
2026-10-09 17:47:33,118 INFO o.a.j.t.JMeterThread: Thread finished: Agent searches (GET /search) 2-66
2026-10-09 17:47:35,149 INFO o.a.j.t.JMeterThread: Thread is done: Ticket intake (POST /tickets) 1-207
2026-10-09 17:47:35,150 INFO o.a.j.t.JMeterThread: Thread finished: Ticket intake (POST /tickets) 1-207
2026-10-09 17:47:35,509 INFO o.a.j.t.JMeterThread: Thread started: Ticket intake (POST /tickets) 1-219
2026-10-09 17:47:38,056 INFO o.a.j.t.JMeterThread: Thread started: Ticket intake (POST /tickets) 1-220
2026-10-09 17:47:38,426 INFO o.a.j.t.JMeterThread: Thread is done: Ticket intake (POST /tickets) 1-208
2026-10-09 17:47:38,426 INFO o.a.j.t.JMeterThread: Thread finished: Ticket intake (POST /tickets) 1-208
2026-10-09 17:47:38,815 INFO o.a.j.t.JMeterThread: Thread started: Agent searches (GET /search) 2-67
2026-10-09 17:47:38,885 INFO o.a.j.t.JMeterThread: Thread started: Agent searches (GET /search) 2-68
2026-10-09 17:47:38,921 INFO o.a.j.t.JMeterThread: Thread is done: Agent searches (GET /search) 2-67
2026-10-09 17:47:38,921 INFO o.a.j.t.JMeterThread: Thread finished: Agent searches (GET /search) 2-67
2026-10-09 17:47:39,022 INFO o.a.j.t.JMeterThread: Thread is done: Agent searches (GET /search) 2-68
2026-10-09 17:47:39,022 INFO o.a.j.t.JMeterThread: Thread finished: Agent searches (GET /search) 2-68
2026-10-09 17:47:39,607 INFO o.a.j.t.JMeterThread: Thread started: Ticket intake (POST /tickets) 1-221
2026-10-09 17:47:43,278 INFO o.a.j.t.JMeterThread: Thread started: Ticket intake (POST /tickets) 1-222
2026-10-09 17:47:44,487 INFO o.a.j.t.JMeterThread: Thread is done: Ticket intake (POST /tickets) 1-209
2026-10-09 17:47:44,487 INFO o.a.j.t.JMeterThread: Thread finished: Ticket intake (POST /tickets) 1-209
2026-10-09 17:47:46,517 INFO o.a.j.t.JMeterThread: Thread started: Ticket intake (POST /tickets) 1-223
2026-10-09 17:47:47,744 INFO o.a.j.t.JMeterThread: Thread is done: Ticket intake (POST /tickets) 1-210
2026-10-09 17:47:47,745 INFO o.a.j.t.JMeterThread: Thread finished: Ticket intake (POST /tickets) 1-210
2026-10-09 17:47:48,864 INFO o.a.j.t.JMeterThread: Thread started: Ticket intake (POST /tickets) 1-224
2026-10-09 17:47:49,337 INFO o.a.j.t.JMeterThread: Thread started: Agent searches (GET /search) 2-69
2026-10-09 17:47:49,441 INFO o.a.j.t.JMeterThread: Thread is done: Agent searches (GET /search) 2-69
2026-10-09 17:47:49,442 INFO o.a.j.t.JMeterThread: Thread finished: Agent searches (GET /search) 2-69
2026-10-09 17:47:49,570 INFO o.a.j.t.JMeterThread: Thread is done: Ticket intake (POST /tickets) 1-211
2026-10-09 17:47:49,570 INFO o.a.j.t.JMeterThread: Thread finished: Ticket intake (POST /tickets) 1-211
2026-10-09 17:47:49,932 INFO o.a.j.t.JMeterThread: Thread started: Agent searches (GET /search) 2-70
2026-10-09 17:47:49,932 INFO o.a.j.t.o.EvenArrivalsRamp: Generating 0 events, beginRate = 0.0 / sec, endRate = 0.0 / sec, duration = 600.0 sec
2026-10-09 17:47:49,933 INFO o.a.j.t.o.OpenModelThreadGroup: There will be no more events, so will wait for 616 sec till the end of the schedule
2026-10-09 17:47:50,081 INFO o.a.j.t.JMeterThread: Thread is done: Agent searches (GET /search) 2-70
2026-10-09 17:47:50,081 INFO o.a.j.t.JMeterThread: Thread finished: Agent searches (GET /search) 2-70
2026-10-09 17:47:50,264 INFO o.a.j.t.JMeterThread: Thread started: Ticket intake (POST /tickets) 1-225
2026-10-09 17:47:52,160 INFO o.a.j.t.JMeterThread: Thread is done: Ticket intake (POST /tickets) 1-212
2026-10-09 17:47:52,160 INFO o.a.j.t.JMeterThread: Thread finished: Ticket intake (POST /tickets) 1-212
2026-10-09 17:47:53,859 INFO o.a.j.t.JMeterThread: Thread started: Ticket intake (POST /tickets) 1-226
2026-10-09 17:47:54,552 INFO o.a.j.t.JMeterThread: Thread started: Ticket intake (POST /tickets) 1-227
2026-10-09 17:47:55,377 INFO o.a.j.t.JMeterThread: Thread started: Ticket intake (POST /tickets) 1-228
2026-10-09 17:47:55,666 INFO o.a.j.t.JMeterThread: Thread started: Ticket intake (POST /tickets) 1-229
2026-10-09 17:47:56,764 INFO o.a.j.t.JMeterThread: Thread is done: Ticket intake (POST /tickets) 1-213
2026-10-09 17:47:56,764 INFO o.a.j.t.JMeterThread: Thread finished: Ticket intake (POST /tickets) 1-213
2026-10-09 17:47:57,118 INFO o.a.j.t.JMeterThread: Thread started: Ticket intake (POST /tickets) 1-230
2026-10-09 17:47:57,317 INFO o.a.j.t.JMeterThread: Thread started: Ticket intake (POST /tickets) 1-231
2026-10-09 17:47:58,332 INFO o.a.j.t.JMeterThread: Thread started: Ticket intake (POST /tickets) 1-232
2026-10-09 17:47:58,523 INFO o.a.j.t.JMeterThread: Thread started: Ticket intake (POST /tickets) 1-233
2026-10-09 17:47:58,577 INFO o.a.j.t.JMeterThread: Thread started: Ticket intake (POST /tickets) 1-234
2026-10-09 17:47:58,594 INFO o.a.j.t.JMeterThread: Thread started: Ticket intake (POST /tickets) 1-235
2026-10-09 17:47:59,331 INFO o.a.j.t.JMeterThread: Thread is done: Ticket intake (POST /tickets) 1-214
2026-10-09 17:47:59,332 INFO o.a.j.t.JMeterThread: Thread finished: Ticket intake (POST /tickets) 1-214
2026-10-09 17:48:01,291 INFO o.a.j.t.JMeterThread: Thread started: Ticket intake (POST /tickets) 1-236
2026-10-09 17:48:03,625 INFO o.a.j.t.JMeterThread: Thread started: Ticket intake (POST /tickets) 1-237
2026-10-09 17:48:03,796 INFO o.a.j.t.JMeterThread: Thread started: Ticket intake (POST /tickets) 1-238
2026-10-09 17:48:04,029 INFO o.a.j.t.JMeterThread: Thread started: Ticket intake (POST /tickets) 1-239
2026-10-09 17:48:04,414 INFO o.a.j.r.Summariser: summary +     15 in 00:00:34 =    0.4/s Avg: 25510 Min:   101 Max: 44452 Err:     0 (0.00%) Active: 25 Started: 309 Finished: 284
2026-10-09 17:48:04,415 INFO o.a.j.r.Summariser: summary =    285 in 00:09:58 =    0.5/s Avg: 18606 Min:    43 Max: 57442 Err:     0 (0.00%)
2026-10-09 17:48:04,415 INFO o.a.j.t.JMeterThread: Thread is done: Ticket intake (POST /tickets) 1-215
2026-10-09 17:48:04,415 INFO o.a.j.t.JMeterThread: Thread finished: Ticket intake (POST /tickets) 1-215
2026-10-09 17:48:06,265 INFO o.a.j.t.o.EvenArrivalsRamp: Generating 0 events, beginRate = 0.0 / sec, endRate = 0.0 / sec, duration = 600.0 sec
2026-10-09 17:48:06,265 INFO o.a.j.t.JMeterThread: Thread started: Ticket intake (POST /tickets) 1-240
2026-10-09 17:48:06,265 INFO o.a.j.t.o.OpenModelThreadGroup: There will be no more events, so will wait for 600 sec till the end of the schedule
2026-10-09 17:48:06,279 INFO o.a.j.t.JMeterThread: Thread is done: Ticket intake (POST /tickets) 1-216
2026-10-09 17:48:06,279 INFO o.a.j.t.JMeterThread: Thread finished: Ticket intake (POST /tickets) 1-216
2026-10-09 17:48:07,874 INFO o.a.j.t.JMeterThread: Thread is done: Ticket intake (POST /tickets) 1-217
2026-10-09 17:48:07,874 INFO o.a.j.t.JMeterThread: Thread finished: Ticket intake (POST /tickets) 1-217
2026-10-09 17:48:09,230 INFO o.a.j.t.JMeterThread: Thread is done: Ticket intake (POST /tickets) 1-218
2026-10-09 17:48:09,230 INFO o.a.j.t.JMeterThread: Thread finished: Ticket intake (POST /tickets) 1-218
2026-10-09 17:48:14,573 INFO o.a.j.t.JMeterThread: Thread is done: Ticket intake (POST /tickets) 1-219
2026-10-09 17:48:14,574 INFO o.a.j.t.JMeterThread: Thread finished: Ticket intake (POST /tickets) 1-219
2026-10-09 17:48:16,929 INFO o.a.j.t.JMeterThread: Thread is done: Ticket intake (POST /tickets) 1-220
2026-10-09 17:48:16,929 INFO o.a.j.t.JMeterThread: Thread finished: Ticket intake (POST /tickets) 1-220
2026-10-09 17:48:20,574 INFO o.a.j.t.JMeterThread: Thread is done: Ticket intake (POST /tickets) 1-221
2026-10-09 17:48:20,574 INFO o.a.j.t.JMeterThread: Thread finished: Ticket intake (POST /tickets) 1-221
2026-10-09 17:48:24,587 INFO o.a.j.t.JMeterThread: Thread is done: Ticket intake (POST /tickets) 1-222
2026-10-09 17:48:24,587 INFO o.a.j.t.JMeterThread: Thread finished: Ticket intake (POST /tickets) 1-222
2026-10-09 17:48:31,039 INFO o.a.j.r.Summariser: summary +      8 in 00:00:27 =    0.3/s Avg: 39475 Min: 36530 Max: 44519 Err:     0 (0.00%) Active: 18 Started: 310 Finished: 292
2026-10-09 17:48:31,039 INFO o.a.j.r.Summariser: summary =    293 in 00:10:24 =    0.5/s Avg: 19176 Min:    43 Max: 57442 Err:     0 (0.00%)
2026-10-09 17:48:31,039 INFO o.a.j.t.JMeterThread: Thread is done: Ticket intake (POST /tickets) 1-223
2026-10-09 17:48:31,039 INFO o.a.j.t.JMeterThread: Thread finished: Ticket intake (POST /tickets) 1-223
2026-10-09 17:48:36,065 INFO o.a.j.t.JMeterThread: Thread is done: Ticket intake (POST /tickets) 1-224
2026-10-09 17:48:36,065 INFO o.a.j.t.JMeterThread: Thread finished: Ticket intake (POST /tickets) 1-224
2026-10-09 17:48:40,360 INFO o.a.j.t.JMeterThread: Thread is done: Ticket intake (POST /tickets) 1-225
2026-10-09 17:48:40,361 INFO o.a.j.t.JMeterThread: Thread finished: Ticket intake (POST /tickets) 1-225
2026-10-09 17:48:41,544 INFO o.a.j.t.JMeterThread: Thread is done: Ticket intake (POST /tickets) 1-226
2026-10-09 17:48:41,545 INFO o.a.j.t.JMeterThread: Thread finished: Ticket intake (POST /tickets) 1-226
2026-10-09 17:48:43,246 INFO o.a.j.t.JMeterThread: Thread is done: Ticket intake (POST /tickets) 1-227
2026-10-09 17:48:43,246 INFO o.a.j.t.JMeterThread: Thread finished: Ticket intake (POST /tickets) 1-227
2026-10-09 17:48:45,092 INFO o.a.j.t.JMeterThread: Thread is done: Ticket intake (POST /tickets) 1-228
2026-10-09 17:48:45,092 INFO o.a.j.t.JMeterThread: Thread finished: Ticket intake (POST /tickets) 1-228
2026-10-09 17:48:46,813 INFO o.a.j.t.JMeterThread: Thread is done: Ticket intake (POST /tickets) 1-229
2026-10-09 17:48:46,813 INFO o.a.j.t.JMeterThread: Thread finished: Ticket intake (POST /tickets) 1-229
2026-10-09 17:48:50,880 INFO o.a.j.t.JMeterThread: Thread is done: Ticket intake (POST /tickets) 1-230
2026-10-09 17:48:50,880 INFO o.a.j.t.JMeterThread: Thread finished: Ticket intake (POST /tickets) 1-230
2026-10-09 17:48:52,974 INFO o.a.j.t.JMeterThread: Thread is done: Ticket intake (POST /tickets) 1-231
2026-10-09 17:48:52,974 INFO o.a.j.t.JMeterThread: Thread finished: Ticket intake (POST /tickets) 1-231
2026-10-09 17:48:55,359 INFO o.a.j.t.JMeterThread: Thread is done: Ticket intake (POST /tickets) 1-232
2026-10-09 17:48:55,359 INFO o.a.j.t.JMeterThread: Thread finished: Ticket intake (POST /tickets) 1-232
2026-10-09 17:48:57,000 INFO o.a.j.t.JMeterThread: Thread is done: Ticket intake (POST /tickets) 1-233
2026-10-09 17:48:57,000 INFO o.a.j.t.JMeterThread: Thread finished: Ticket intake (POST /tickets) 1-233
2026-10-09 17:48:58,196 INFO o.a.j.t.JMeterThread: Thread is done: Ticket intake (POST /tickets) 1-235
2026-10-09 17:48:58,196 INFO o.a.j.t.JMeterThread: Thread finished: Ticket intake (POST /tickets) 1-235
2026-10-09 17:49:00,748 INFO o.a.j.r.Summariser: summary +     12 in 00:00:30 =    0.4/s Avg: 53433 Min: 47199 Max: 62167 Err:     0 (0.00%) Active: 6 Started: 310 Finished: 304
2026-10-09 17:49:00,748 INFO o.a.j.r.Summariser: summary =    305 in 00:10:54 =    0.5/s Avg: 20524 Min:    43 Max: 62167 Err:     0 (0.00%)
2026-10-09 17:49:00,748 INFO o.a.j.t.JMeterThread: Thread is done: Ticket intake (POST /tickets) 1-234
2026-10-09 17:49:00,748 INFO o.a.j.t.JMeterThread: Thread finished: Ticket intake (POST /tickets) 1-234
2026-10-09 17:49:02,518 INFO o.a.j.t.JMeterThread: Thread is done: Ticket intake (POST /tickets) 1-236
2026-10-09 17:49:02,518 INFO o.a.j.t.JMeterThread: Thread finished: Ticket intake (POST /tickets) 1-236
2026-10-09 17:49:05,880 INFO o.a.j.t.JMeterThread: Thread is done: Ticket intake (POST /tickets) 1-237
2026-10-09 17:49:05,880 INFO o.a.j.t.JMeterThread: Thread finished: Ticket intake (POST /tickets) 1-237
2026-10-09 17:49:07,925 INFO o.a.j.t.JMeterThread: Thread is done: Ticket intake (POST /tickets) 1-238
2026-10-09 17:49:07,925 INFO o.a.j.t.JMeterThread: Thread finished: Ticket intake (POST /tickets) 1-238
2026-10-09 17:49:10,258 INFO o.a.j.t.JMeterThread: Thread is done: Ticket intake (POST /tickets) 1-239
2026-10-09 17:49:10,258 INFO o.a.j.t.JMeterThread: Thread finished: Ticket intake (POST /tickets) 1-239
2026-10-09 17:49:12,533 INFO o.a.j.t.JMeterThread: Thread is done: Ticket intake (POST /tickets) 1-240
2026-10-09 17:49:12,533 INFO o.a.j.t.JMeterThread: Thread finished: Ticket intake (POST /tickets) 1-240
2026-10-09 17:58:06,788 INFO o.a.j.t.o.OpenModelThreadGroup: There will be no more events, will shutdown the thread pool
2026-10-09 17:58:06,788 INFO o.a.j.t.o.OpenModelThreadGroup: Thread starting done
2026-10-09 17:58:06,790 INFO o.a.j.t.o.OpenModelThreadGroup: There will be no more events, will shutdown the thread pool
2026-10-09 17:58:06,791 INFO o.a.j.t.o.OpenModelThreadGroup: Thread starting done
2026-10-09 17:58:06,791 INFO o.a.j.e.StandardJMeterEngine: Notifying test listeners of end of test
2026-10-09 17:58:06,791 INFO o.a.j.s.FileServer: Close: /Users/ridwan/Documents/GitHub/ICT3113_A1_P1-3/loadtest/data/tickets.tsv
2026-10-09 17:58:06,797 INFO o.a.j.r.Summariser: summary +      5 in 00:09:06 =    0.0/s Avg: 64018 Min: 61224 Max: 66266 Err:     0 (0.00%) Active: 0 Started: 310 Finished: 310
2026-10-09 17:58:06,797 INFO o.a.j.r.Summariser: summary =    310 in 00:20:00 =    0.3/s Avg: 21225 Min:    43 Max: 66266 Err:     0 (0.00%)
2026-10-09 17:58:06,797 INFO o.a.j.e.StandardJMeterEngine: Forced JVM shutdown requested at end of test
